-- 导出  表 cedar.sysconfig 结构
DROP TABLE IF EXISTS `sysconfig`;
CREATE TABLE `sysconfig` (
  `fID` int(11) NOT NULL AUTO_INCREMENT,
  `fName` varchar(50) DEFAULT NULL,
  `fValueInt` int(11) DEFAULT NULL,
  `fValueStr` text,
  `fValueBool` bit(1) DEFAULT NULL,
  `fValueDate` date DEFAULT NULL,
  `fValueDateTime` datetime DEFAULT NULL,
  `TS` timestamp NULL DEFAULT CURRENT_TIMESTAMP,
  `fValue` longtext,
  PRIMARY KEY (`fID`)
) ENGINE=InnoDB AUTO_INCREMENT=4 DEFAULT CHARSET=utf8
;
INSERT INTO `sysconfig` (`fID`, `fName`, `fValueInt`, `fValueStr`, `fValueBool`, `fValueDate`, `fValueDateTime`, `TS`, `fValue`) VALUES 
(3, 'configValue', Null, Null, Null, Null, Null, '2019-09-17 16:33:31', 'gAN9cQAoWBIAAABOb3RlX1ByaW50aW5nT3JkZXJxAVjhAAAATm90ZToKRXN0YSBvcmRlbSBzZXJhIGVudHJlZ3VlIGVtIDEwIGRpYXMgZGUgdHJhYmFsaG8sIHNlIGVzdGEgZm9yIHVyZ2VudGUsZSBuZWNlc3NhcmlvIHBhZ2FyIG1haXMgMjQwJS4gUGFyYSBxdWUgbmFvIGFmZWN0ZSBvcyB0cnJhYmFsaG9zIGRpYXJpb3MgZGEgdm9zc2EgZW1wcmVzYSxwb3IgZmF2b3IsIGVuY29tZW5kZW0gYSB2b3NzYSBvcmRlbSAgbyBtYWlzIHJhcGlkbyBwb3NzaXZlbC4KcQJYDAAAAEJhbmtfQWNjb3VudHEDWHkAAABDb250YSBCYW5jYXJpYTogIE1PWkEgQkFOQ08KTm9tZSBkYSBDb250YTogQ09MT1BSTyBTSU5HUyAmIFBSSU5USU5HCk5vIGRhIENvbnRhOiAxNTQ2NjMxODEwMDAxCk5JQjogMDAzNDAwMDAxNTQ2NjMxODEwMTU5cQRYFQAAAE51bGxfcHJvbXB0X2JhY19jb2xvcnEFY1B5UXQ1LnNpcApfdW5waWNrbGVfdHlwZQpxBlgLAAAAUHlRdDUuUXRHdWlxB1gGAAAAUUNvbG9ycQgoS/9LAEsAS/90cQmHcQpScQtYDwAAAEF1dG9TaHJpbmtGb250c3EMiFgMAAAAQXV0b0VsbGlwc2lzcQ2JWB0AAABQcmludEhpZ2hsaWdodEJhY2tncm91bmRDb2xvcnEOaAZoB1gGAAAAUUNvbG9ycQ8oS8JLwkvCS/90cRCHcRFScRJYDwAAAEJpbGxDb3B5c19PcmRlcnETWCoAAABhdGVuZGltZW50bzsxO3Byb2R1Y2FvOzA7Y2xpZW50ZTsxO2NhaXhhOzFxFFgXAAAAQmlsbENvcHlzX1ByaW50aW5nT3JkZXJxFVgqAAAAYXRlbmRpbWVudG87MTtwcm9kdWNhbzswO2NsaWVudGU7MTtjYWl4YTsxcRZYFwAAAEJpbGxDb3B5c19PdXRib3VuZE9yZGVycRdYKgAAAGF0ZW5kaW1lbnRvOzE7cHJvZHVjYW87MDtjbGllbnRlOzE7Y2FpeGE7MXEYWBsAAABCaWxsQ29weXNfV2FyZWhvdXNlUnJlY2VpcHRxGVgqAAAAYXRlbmRpbWVudG87MTtwcm9kdWNhbzswO2NsaWVudGU7MTtjYWl4YTsxcRpYGQAAAEF1dG9SZWZyZXNoV2hlbkRhdGFDaGFuZ2VxG4hYGAAAAEJ1YmJsZVRpcHNXaGVuRGF0YUNoYW5nZXEciFgYAAAAQmlsbENvcHlzX1F1b3RhdGlvbk9yZGVycR1YDQAAAGF0ZW5kaW1lbnRvOzFxHlggAAAAQmlsbENvcHlzX1F1b3RhdGlvblByaW50aW5nT3JkZXJxH1gYAAAAYXRlbmRpbWVudG87MTtwcm9kdWNhbzswcSBYDQAAAFRheFJlZ0NlclBhdGhxIVgMAAAARTovWmlvbi96aW9ucSJ1Lg==');
-- 导出  表 cedar.sysnavigationmenus 结构
DROP TABLE IF EXISTS `sysnavigationmenus`;
CREATE TABLE `sysnavigationmenus` (
  `fNMID` int(11) NOT NULL AUTO_INCREMENT COMMENT '编号',
  `fDispIndex` int(11) DEFAULT NULL COMMENT '显示顺序',
  `fParentId` int(11) DEFAULT NULL COMMENT '上级编号',
  `fEnabled` bit(1) NOT NULL DEFAULT b'1' COMMENT '可用',
  `fMenuText` char(60) DEFAULT NULL COMMENT '文本',
  `fCommand` tinyint(4) NOT NULL DEFAULT '0' COMMENT '命令',
  `fObjectName` char(50) DEFAULT NULL COMMENT '对象名',
  `fFormMode` tinyint(2) DEFAULT NULL COMMENT '模式',
  `fArg` char(255) DEFAULT NULL COMMENT '参数',
  `fIcon` char(50) DEFAULT NULL COMMENT '图标',
  `fDefault` bit(1) NOT NULL DEFAULT b'0' COMMENT '默认',
  `fNodeBackvolor` int(11) DEFAULT NULL COMMENT '背景色',
  `fNodeForeColor` int(11) DEFAULT NULL COMMENT '前景色',
  `fNodeFontBold` tinyint(1) NOT NULL DEFAULT '0' COMMENT '加粗',
  `fExpanded` tinyint(1) NOT NULL DEFAULT '1' COMMENT '展开',
  `fDescription` char(255) DEFAULT NULL COMMENT '说明',
  `fLevel` bit(1) NOT NULL DEFAULT b'0' COMMENT '级别',
  `fIsCommandButton` bit(1) DEFAULT b'0' COMMENT '是否按钮',
  `TS` timestamp NOT NULL DEFAULT CURRENT_TIMESTAMP ON UPDATE CURRENT_TIMESTAMP,
  PRIMARY KEY (`fNMID`),
  KEY `ParentID` (`fParentId`)
) ENGINE=InnoDB AUTO_INCREMENT=186 DEFAULT CHARSET=utf8
;
INSERT INTO `sysnavigationmenus` (`fNMID`, `fDispIndex`, `fParentId`, `fEnabled`, `fMenuText`, `fCommand`, `fObjectName`, `fFormMode`, `fArg`, `fIcon`, `fDefault`, `fNodeBackvolor`, `fNodeForeColor`, `fNodeFontBold`, `fExpanded`, `fDescription`, `fLevel`, `fIsCommandButton`, `TS`) VALUES 
(1, 110, 0, 1, 'Function', 0, '', 0, '', 'home', 1, Null, Null, 0, 1, '', 0, 0, '2019-04-20 13:45:28'), 
	(2, 40, 71, 1, 'Order', 2, 'f_Order', -1, '', 'application_form.png', 0, Null, Null, 0, 0, '', 0, 0, '2019-05-17 14:14:36'), 
	(6, 190, 1, 0, 'Design', 0, '', 0, '', '', 0, Null, Null, 0, 1, '', 0, 0, '2019-05-17 13:52:42'), 
	(9, 200, 1, 1, 'Payment', 2, 'f_PaymentOrder', -1, '', 'payment.png', 0, Null, Null, 0, 0, '', 0, 0, '2019-05-17 14:02:56'), 
	(10, 450, 11, 1, 'Enumeration', 2, 'SysfrmEnumeration', -1, '', 'enum.png', 0, Null, Null, 0, 0, '', 0, 0, '2019-05-17 14:03:01'), 
	(11, 440, 1, 1, 'Setup', 0, '', 0, '', 'setup.png', 0, Null, Null, 0, 1, '', 0, 0, '2019-07-18 11:38:11'), 
	(12, 999999990, 1, 1, 'Exit', 3, 'Application_Quit', 0, '', 'exit.png', 1, Null, Null, 0, 0, '', 0, 0, '2019-05-17 13:53:18'), 
	(13, 120, 11, 1, 'User', 2, 'SysfrmUsers', -1, '', 'user.png', 0, Null, Null, 0, 0, '', 0, 0, '2019-05-17 13:53:30'), 
	(14, 480, 11, 1, 'Config', 2, 'SysfrmConfig', -1, '', 'config.png', 0, Null, Null, 0, 0, '', 0, 0, '2019-05-17 13:58:46'), 
	(15, 300, 1, 1, 'Complete', 2, 'f_Complete', -1, '', 'delivery.png', 0, Null, Null, 0, 0, '', 0, 0, '2019-05-17 13:51:54'), 
	(17, 510, 11, 1, 'Help', 2, 'f_Help', -1, '', 'help.png', 1, Null, Null, 0, 0, '', 0, 0, '2019-05-17 13:51:30'), 
	(18, 350, 1, 1, 'Adjustment', 2, 'f_Adjustment', -1, '', 'edit.png', 0, Null, Null, 0, 0, '', 0, 0, '2019-05-17 13:58:10'), 
	(19, 500, 11, 1, 'Language', 2, 'SysfrmLanguage', -1, '', 'translate.png', 0, Null, Null, 0, 0, '', 0, 0, '2019-05-20 12:26:58'), 
	(20, 250, 1, 1, 'Receivables', 2, 'f_Receivables', -1, '', 'Receivables.png', 0, Null, Null, 0, 0, '', 0, 0, '2019-07-18 11:33:38'), 
	(21, 410, 1, 1, 'Report', 0, '', 0, '', 'reports.png', 0, Null, Null, 0, 1, '', 0, 0, '2019-05-17 14:14:29'), 
	(22, 420, 21, 1, 'RecYearReport', 2, 'f_report_day', -1, '', 'month.png', 0, Null, Null, 0, 0, '', 0, 0, '2019-05-17 13:59:06'), 
	(54, 520, 1, 1, 'Quotation', 0, '', 0, Null, 'folder.png', 0, Null, Null, 0, 1, Null, 0, 0, '2019-05-17 13:50:09'), 
	(55, 530, 54, 1, 'PrintingOrderQuotation', 2, 'f_Quotation_Prt', -1, Null, 'folder.png', 0, Null, Null, 0, 0, Null, 0, 0, '2019-05-17 14:21:00'), 
	(56, 540, 54, 1, 'OrderQuotation', 2, 'f_Quotation_O', -1, Null, 'OrderQuotation.png', 0, Null, Null, 0, 0, Null, 0, 0, '2019-07-18 11:35:56'), 
	(71, 10, 1, 1, 'Order', 0, '', 0, Null, 'folder.png', 0, Null, Null, 0, 1, Null, 0, 0, '2019-05-17 13:50:09'), 
	(72, 50, 71, 1, 'PrintOrder', 2, 'f_PrintingOrder', -1, Null, 'folder.png', 0, Null, Null, 0, 0, Null, 0, 0, '2019-05-17 14:21:11'), 
	(73, 30, 1, 1, 'Customer', 2, 'f_Customer', -1, Null, 'customers.png', 0, Null, Null, 0, 0, Null, 0, 0, '2019-05-17 14:16:14'), 
	(80, 800, 14, 1, 'Ok', 0, 'CmdOk', Null, Null, 'Ok.png', 0, Null, Null, 0, 1, Null, 0, 1, '2019-07-15 18:38:01'), 
	(81, 202, 2, 1, 'Edit', 0, 'CmdEdit', Null, Null, 'Edit.png', 0, Null, Null, 0, 1, Null, 0, 1, '2019-08-23 12:22:17'), 
	(82, 201, 2, 1, 'New', 0, 'CmdNew', Null, Null, 'New.png', 0, Null, Null, 0, 1, Null, 0, 1, '2019-08-23 12:22:19'), 
	(83, 207, 2, 1, 'ExportToExcel', 0, 'CmdExportToExcel', Null, Null, 'ExportToExcel.png', 0, Null, Null, 0, 1, Null, 0, 1, '2019-08-24 10:06:14'), 
	(84, 203, 2, 1, 'Browse', 0, 'CmdBrowse', Null, Null, 'Browse.png', 0, Null, Null, 0, 1, Null, 0, 1, '2019-08-29 16:08:16'), 
	(85, 204, 2, 1, 'Submit', 0, 'CmdSubmit', Null, Null, 'Submit.png', 0, Null, Null, 0, 1, Null, 0, 1, '2019-08-23 12:22:26'), 
	(86, 205, 2, 1, 'Refresh', 0, 'CmdRefresh', Null, Null, 'Refresh.png', 0, Null, Null, 0, 1, Null, 0, 1, '2019-08-23 12:22:28'), 
	(87, 206, 2, 1, 'Search', 0, 'CmdSearch', Null, Null, 'folder_explore.ico', 0, Null, Null, 0, 1, Null, 0, 1, '2019-08-28 18:14:15'), 
	(88, 2001, 20, 1, 'Recibido', 0, 'CmdRecibido', Null, Null, 'Recibido.png', 0, Null, Null, 0, 1, Null, 0, 1, '2019-08-23 12:21:47'), 
	(89, 2005, 20, 1, 'ExportToExcel', 0, 'CmdExportToExcel', Null, Null, 'ExportToExcel.png', 0, Null, Null, 0, 1, Null, 0, 1, '2019-08-24 10:06:14'), 
	(90, 2003, 20, 1, 'Refresh', 0, 'CmdRefresh', Null, Null, 'Refresh.png', 0, Null, Null, 0, 1, Null, 0, 1, '2019-08-23 12:21:53'), 
	(91, 2004, 20, 1, 'DailyRreport', 0, 'CmdDailyRreport', Null, Null, 'DailyRreport.png', 0, Null, Null, 0, 1, Null, 0, 1, '2019-08-23 12:21:56'), 
	(92, 7302, 73, 1, 'Edit', 0, 'CmdEdit', Null, Null, 'Edit.png', 0, Null, Null, 0, 1, Null, 0, 1, '2019-08-22 19:36:41'), 
	(93, 7301, 73, 1, 'New', 0, 'CmdNew', Null, Null, 'New.png', 0, Null, Null, 0, 1, Null, 0, 1, '2019-08-22 19:36:36'), 
	(94, 7304, 73, 1, 'Refresh', 0, 'CmdRefresh', Null, Null, 'Refresh.png', 0, Null, Null, 0, 1, Null, 0, 1, '2019-08-22 19:36:50'), 
	(95, 950, 73, 1, 'Search', 0, 'CmdSearch', Null, Null, 'folder_explore.ico', 0, Null, Null, 0, 1, Null, 0, 1, '2019-08-28 18:14:15'), 
	(97, 970, 9, 1, 'Edit', 0, 'CmdEdit', Null, Null, 'Edit.png', 0, Null, Null, 0, 1, Null, 0, 1, '2019-07-15 18:38:01'), 
	(98, 980, 9, 1, 'Browse', 0, 'CmdBrowse', Null, Null, 'Browse.png', 0, Null, Null, 0, 1, Null, 0, 1, '2019-07-15 18:38:01'), 
	(99, 990, 9, 1, 'Search', 0, 'CmdSearch', Null, Null, 'folder_explore.ico', 0, Null, Null, 0, 1, Null, 0, 1, '2019-08-28 18:14:15'), 
	(100, 1000, 9, 1, 'Refresh', 0, 'CmdRefresh', Null, Null, 'Refresh.png', 0, Null, Null, 0, 1, Null, 0, 1, '2019-07-15 18:38:01'), 
	(101, 982, 9, 1, 'Confirm', 0, 'CmdConfirm', Null, Null, 'tick.ico', 0, Null, Null, 0, 1, Null, 0, 1, '2019-08-29 00:10:12'), 
	(102, 1020, 9, 1, 'ExportToExcel', 0, 'CmdExportToExcel', Null, Null, 'ExportToExcel.png', 0, Null, Null, 0, 1, Null, 0, 1, '2019-08-24 10:06:14'), 
	(103, 7202, 72, 1, 'Edit', 0, 'CmdEdit', Null, Null, 'Edit.png', 0, Null, Null, 0, 1, Null, 0, 1, '2019-08-22 19:29:54'), 
	(104, 7201, 72, 1, 'New', 0, 'CmdNew', Null, Null, 'New.png', 0, Null, Null, 0, 1, Null, 0, 1, '2019-08-22 19:29:50'), 
	(105, 7207, 72, 1, 'ExportToExcel', 0, 'CmdExportToExcel', Null, Null, 'ExportToExcel.png', 0, Null, Null, 0, 1, Null, 0, 1, '2019-08-24 10:06:14'), 
	(106, 7203, 72, 1, 'Browse', 0, 'CmdBrowse', Null, Null, 'Browse.png', 0, Null, Null, 0, 1, Null, 0, 1, '2019-08-22 19:30:15'), 
	(107, 7204, 72, 1, 'Submit', 0, 'CmdSubmit', Null, Null, 'Submit.png', 0, Null, Null, 0, 1, Null, 0, 1, '2019-08-22 19:30:08'), 
	(108, 7205, 72, 1, 'Refresh', 0, 'CmdRefresh', Null, Null, 'Refresh.png', 0, Null, Null, 0, 1, Null, 0, 1, '2019-08-22 19:30:23'), 
	(109, 7206, 72, 1, 'Search', 0, 'CmdSearch', Null, Null, 'folder_explore.ico', 0, Null, Null, 0, 1, Null, 0, 1, '2019-08-28 18:14:15'), 
	(110, 1501, 15, 1, 'Complete', 0, 'CmdComplete', Null, Null, 'delivery.png', 0, Null, Null, 0, 1, Null, 0, 1, '2019-08-28 18:16:05'), 
	(111, 1506, 15, 1, 'ExportToExcel', 0, 'CmdExportToExcel', Null, Null, 'ExportToExcel.png', 0, Null, Null, 0, 1, Null, 0, 1, '2019-08-24 10:06:14'), 
	(112, 1502, 15, 1, 'Browse', 0, 'CmdBrowse', Null, Null, 'Browse.png', 0, Null, Null, 0, 1, Null, 0, 1, '2019-08-22 19:32:16'), 
	(113, 1503, 15, 1, 'Refresh', 0, 'CmdRefresh', Null, Null, 'Refresh.png', 0, Null, Null, 0, 1, Null, 0, 1, '2019-08-22 19:32:19'), 
	(114, 1504, 15, 1, 'Search', 0, 'CmdSearch', Null, Null, 'folder_explore.ico', 0, Null, Null, 0, 1, Null, 0, 1, '2019-08-28 18:14:15'), 
	(115, 5502, 55, 1, 'Edit', 0, 'CmdEdit', Null, Null, 'Edit.png', 0, Null, Null, 0, 1, Null, 0, 1, '2019-08-22 19:33:51'), 
	(116, 5501, 55, 1, 'New', 0, 'CmdNew', Null, Null, 'New.png', 0, Null, Null, 0, 1, Null, 0, 1, '2019-08-22 19:33:45'), 
	(117, 5507, 55, 1, 'ExportToExcel', 0, 'CmdExportToExcel', Null, Null, 'ExportToExcel.png', 0, Null, Null, 0, 1, Null, 0, 1, '2019-08-24 10:06:14'), 
	(118, 5503, 55, 1, 'Browse', 0, 'CmdBrowse', Null, Null, 'Browse.png', 0, Null, Null, 0, 1, Null, 0, 1, '2019-08-22 19:33:55'), 
	(119, 5504, 55, 1, 'Order', 0, 'CmdOrder', Null, Null, 'Order.png', 0, Null, Null, 0, 1, Null, 0, 1, '2019-08-22 19:34:04'), 
	(120, 5505, 55, 1, 'Refresh', 0, 'CmdRefresh', Null, Null, 'Refresh.png', 0, Null, Null, 0, 1, Null, 0, 1, '2019-08-22 19:34:09'), 
	(121, 5506, 55, 1, 'Search', 0, 'CmdSearch', Null, Null, 'folder_explore.ico', 0, Null, Null, 0, 1, Null, 0, 1, '2019-08-28 18:14:15'), 
	(122, 1804, 18, 1, 'Search', 0, 'CmdSearch', Null, Null, 'folder_explore.ico', 0, Null, Null, 0, 1, Null, 0, 1, '2019-08-28 18:14:15'), 
	(123, 1800, 18, 1, 'Adjustment', 0, 'CmdAdjustment', Null, Null, 'edit.png', 0, Null, Null, 0, 1, Null, 0, 1, '2019-08-28 18:15:28'), 
	(124, 1803, 18, 1, 'Refresh', 0, 'CmdRefresh', Null, Null, 'Refresh.png', 0, Null, Null, 0, 1, Null, 0, 1, '2019-08-22 19:33:13'), 
	(125, 1801, 18, 1, 'Browse', 0, 'CmdBrowse', Null, Null, 'Browse.png', 0, Null, Null, 0, 1, Null, 0, 1, '2019-08-22 19:32:48'), 
	(126, 1805, 18, 1, 'ExportToExcel', 0, 'CmdExportToExcel', Null, Null, 'ExportToExcel.png', 0, Null, Null, 0, 1, Null, 0, 1, '2019-08-24 10:06:14'), 
	(127, 1802, 18, 1, 'Cancel', 0, 'CmdCancel', Null, Null, 'Cancel.png', 0, Null, Null, 0, 1, Null, 0, 1, '2019-08-22 19:33:08'), 
	(128, 5602, 56, 1, 'Edit', 0, 'CmdEdit', Null, Null, 'Edit.png', 0, Null, Null, 0, 1, Null, 0, 1, '2019-08-22 19:34:51'), 
	(129, 5601, 56, 1, 'New', 0, 'CmdNew', Null, Null, 'New.png', 0, Null, Null, 0, 1, Null, 0, 1, '2019-08-22 19:34:34'), 
	(130, 5607, 56, 1, 'ExportToExcel', 0, 'CmdExportToExcel', Null, Null, 'ExportToExcel.png', 0, Null, Null, 0, 1, Null, 0, 1, '2019-08-24 10:06:14'), 
	(131, 5603, 56, 1, 'Browse', 0, 'CmdBrowse', Null, Null, 'Browse.png', 0, Null, Null, 0, 1, Null, 0, 1, '2019-08-22 19:34:55'), 
	(132, 5604, 56, 1, 'Order', 0, 'CmdOrder', Null, Null, 'Order.png', 0, Null, Null, 0, 1, Null, 0, 1, '2019-08-22 19:35:00'), 
	(133, 5605, 56, 1, 'Refresh', 0, 'CmdRefresh', Null, Null, 'Refresh.png', 0, Null, Null, 0, 1, Null, 0, 1, '2019-08-22 19:35:04'), 
	(134, 5606, 56, 1, 'Search', 0, 'CmdSearch', Null, Null, 'folder_explore.ico', 0, Null, Null, 0, 1, Null, 0, 1, '2019-08-28 18:14:15'), 
	(135, 1350, 13, 1, 'New', 0, 'CmdNew', Null, Null, 'New.png', 0, Null, Null, 0, 1, Null, 0, 1, '2019-07-15 18:38:01'), 
	(136, 1360, 13, 1, 'Delete', 0, 'CmdDelete', Null, Null, 'Delete.png', 0, Null, Null, 0, 1, Null, 0, 1, '2019-07-15 18:38:01'), 
	(137, 1370, 13, 1, 'Edit', 0, 'CmdEdit', Null, Null, 'Edit.png', 0, Null, Null, 0, 1, Null, 0, 1, '2019-07-15 18:38:01'), 
	(145, 7303, 73, 1, 'Delete', 0, 'CmdDelete', Null, Null, 'Delete.png', 0, Null, Null, 0, 1, Null, 0, 1, '2019-08-22 19:36:46'), 
	(147, 515, 11, 1, 'BackupData', 2, 'SysfrmBackupData', -1, Null, 'backup.png', 0, Null, Null, 0, 1, Null, 0, 0, '2019-05-17 14:20:51'), 
	(148, 411, 1, 1, 'CustomerArrears', 0, 'f_Customer_Arrears', -1, Null, 'query.png', 0, Null, Null, 0, 1, Null, 0, 0, '2019-08-22 20:33:41'), 
	(149, 2002, 20, 1, 'Edit', 0, 'CmdEdit', Null, Null, 'Edit.png', 0, Null, Null, 0, 1, Null, 0, 1, '2019-08-23 12:21:35'), 
	(150, 14801, 148, 1, 'ExportToExcel', 0, 'CmdExportToExcel', Null, Null, 'ExportToExcel.png', 0, Null, Null, 0, 1, Null, 0, 1, '2019-08-28 19:48:44'), 
	(151, 191, 1, 1, 'Inventory', 0, Null, Null, Null, 'folder.png', 0, Null, Null, 0, 1, Null, 0, 0, '2019-10-10 10:39:48'), 
	(152, 15101, 151, 1, 'OutBoundOrder', 2, 'OutBoundOrder', -1, Null, 'sales.png', 0, Null, Null, 0, 1, Null, 0, 0, '2019-10-14 17:05:55'), 
	(153, 202, 152, 1, 'Edit', 0, 'CmdEdit', Null, Null, 'Edit.png', 0, Null, Null, 0, 1, Null, 0, 1, '2019-10-10 11:00:53'), 
	(154, 201, 152, 1, 'New', 0, 'CmdNew', Null, Null, 'New.png', 0, Null, Null, 0, 1, Null, 0, 1, '2019-10-10 11:00:53'), 
	(155, 207, 152, 1, 'ExportToExcel', 0, 'CmdExportToExcel', Null, Null, 'ExportToExcel.png', 0, Null, Null, 0, 1, Null, 0, 1, '2019-10-10 11:00:53'), 
	(156, 203, 152, 1, 'Browse', 0, 'CmdBrowse', Null, Null, 'Browse.png', 0, Null, Null, 0, 1, Null, 0, 1, '2019-10-10 11:00:53'), 
	(157, 204, 152, 1, 'Submit', 0, 'CmdSubmit', Null, Null, 'Submit.png', 0, Null, Null, 0, 1, Null, 0, 1, '2019-10-10 11:00:53'), 
	(158, 205, 152, 1, 'Refresh', 0, 'CmdRefresh', Null, Null, 'Refresh.png', 0, Null, Null, 0, 1, Null, 0, 1, '2019-10-10 11:00:53'), 
	(159, 206, 152, 1, 'Search', 0, 'CmdSearch', Null, Null, 'folder_explore.ico', 0, Null, Null, 0, 1, Null, 0, 1, '2019-10-10 11:00:53'), 
	(160, 15102, 151, 1, 'WarehouseReceipt', 0, 'WarehouseReceipt', Null, Null, 'buy.png', 0, Null, Null, 0, 1, Null, 0, 0, '2019-10-14 17:06:02'), 
	(161, 202, 160, 1, 'Edit', 0, 'CmdEdit', Null, Null, 'Edit.png', 0, Null, Null, 0, 1, Null, 0, 1, '2019-10-10 11:00:53'), 
	(162, 201, 160, 1, 'New', 0, 'CmdNew', Null, Null, 'New.png', 0, Null, Null, 0, 1, Null, 0, 1, '2019-10-10 11:00:53'), 
	(163, 207, 160, 1, 'ExportToExcel', 0, 'CmdExportToExcel', Null, Null, 'ExportToExcel.png', 0, Null, Null, 0, 1, Null, 0, 1, '2019-10-10 11:00:53'), 
	(164, 203, 160, 1, 'Browse', 0, 'CmdBrowse', Null, Null, 'Browse.png', 0, Null, Null, 0, 1, Null, 0, 1, '2019-10-10 11:00:53'), 
	(165, 204, 160, 1, 'Submit', 0, 'CmdSubmit', Null, Null, 'Submit.png', 0, Null, Null, 0, 1, Null, 0, 1, '2019-10-10 11:00:53'), 
	(166, 205, 160, 1, 'Refresh', 0, 'CmdRefresh', Null, Null, 'Refresh.png', 0, Null, Null, 0, 1, Null, 0, 1, '2019-10-10 11:00:53'), 
	(167, 206, 160, 1, 'Search', 0, 'CmdSearch', Null, Null, 'folder_explore.ico', 0, Null, Null, 0, 1, Null, 0, 1, '2019-10-10 11:00:53'), 
	(168, 15103, 151, 1, 'ProductInformation', 0, 'ProductInformation', Null, Null, 'stock.png', 0, Null, Null, 0, 1, Null, 0, 0, '2019-10-14 17:06:09'), 
	(169, 7302, 168, 1, 'Edit', 0, 'CmdEdit', Null, Null, 'Edit.png', 0, Null, Null, 0, 1, Null, 0, 1, '2019-10-14 16:46:43'), 
	(170, 7301, 168, 1, 'New', 0, 'CmdNew', Null, Null, 'New.png', 0, Null, Null, 0, 1, Null, 0, 1, '2019-10-14 16:46:43'), 
	(171, 7304, 168, 1, 'Refresh', 0, 'CmdRefresh', Null, Null, 'Refresh.png', 0, Null, Null, 0, 1, Null, 0, 1, '2019-10-14 16:46:43'), 
	(173, 7303, 168, 1, 'Delete', 0, 'CmdDelete', Null, Null, 'Delete.png', 0, Null, Null, 0, 1, Null, 0, 1, '2019-10-14 16:46:43'), 
	(176, 31, 1, 1, 'Supplier', 0, 'Supplier', Null, Null, 'suppliers.png', 0, Null, Null, 0, 1, Null, 0, 0, '2019-10-16 08:08:23'), 
	(177, 7302, 176, 1, 'Edit', 0, 'CmdEdit', Null, Null, 'Edit.png', 0, Null, Null, 0, 1, Null, 0, 1, '2019-10-15 17:44:40'), 
	(178, 7301, 176, 1, 'New', 0, 'CmdNew', Null, Null, 'New.png', 0, Null, Null, 0, 1, Null, 0, 1, '2019-10-15 17:44:40'), 
	(179, 7304, 176, 1, 'Refresh', 0, 'CmdRefresh', Null, Null, 'Refresh.png', 0, Null, Null, 0, 1, Null, 0, 1, '2019-10-15 17:44:40'), 
	(180, 950, 176, 1, 'Search', 0, 'CmdSearch', Null, Null, 'folder_explore.ico', 0, Null, Null, 0, 1, Null, 0, 1, '2019-10-15 17:44:40'), 
	(181, 7303, 176, 1, 'Delete', 0, 'CmdDelete', Null, Null, 'Delete.png', 0, Null, Null, 0, 1, Null, 0, 1, '2019-10-15 17:44:40'), 
	(184, 16809, 168, 1, 'ExportToExcel', 0, 'CmdExportToExcel', Null, Null, 'ExportToExcel.png', 0, Null, Null, 0, 1, Null, 0, 1, '2019-10-18 09:37:16'), 
	(185, 16810, 168, 1, 'Print', 0, 'CmdPrint', Null, Null, 'print.png', 0, Null, Null, 0, 1, Null, 0, 1, '2019-10-18 09:39:54');
-- 导出  表 cedar.systabelautokeyroles 结构
DROP TABLE IF EXISTS `systabelautokeyroles`;
CREATE TABLE `systabelautokeyroles` (
  `fRoleID` tinyint(4) NOT NULL AUTO_INCREMENT COMMENT '编号',
  `fRoleName` varchar(50) NOT NULL COMMENT '名称',
  `fTabelName` varchar(50) NOT NULL COMMENT '表名',
  `fFieldName` varchar(50) NOT NULL COMMENT '字段名',
  `fHasDateTime` bit(1) NOT NULL DEFAULT b'0' COMMENT '有时间',
  `fPreFix` varchar(50) NOT NULL COMMENT '前缀',
  `fCurrentValue` int(10) unsigned zerofill DEFAULT NULL COMMENT '当前值',
  `fLenght` tinyint(4) NOT NULL DEFAULT '6' COMMENT '长度',
  `fLastKey` varchar(255) DEFAULT NULL COMMENT '最后生成键值',
  `fDateFormat` varchar(50) DEFAULT NULL COMMENT '日期格式',
  `TS` timestamp NOT NULL DEFAULT CURRENT_TIMESTAMP ON UPDATE CURRENT_TIMESTAMP,
  PRIMARY KEY (`fRoleID`),
  UNIQUE KEY `PreFix` (`fPreFix`),
  KEY `LastKey` (`fLastKey`)
) ENGINE=InnoDB AUTO_INCREMENT=8 DEFAULT CHARSET=utf8
;
INSERT INTO `systabelautokeyroles` (`fRoleID`, `fRoleName`, `fTabelName`, `fFieldName`, `fHasDateTime`, `fPreFix`, `fCurrentValue`, `fLenght`, `fLastKey`, `fDateFormat`, `TS`) VALUES 
(1, 'OrderID', 't_order', 'forderID', 1, 'CP', 0, 6, 'CP2019-1028000002', 'yyyy-mmdd', '2019-10-29 12:34:12'), 
	(2, 'InkjetPrintingGuide_ID', 't_InkjetPrintingGuide', 'InkjetPrintingGuide_ID', 1, 'PG', 0, 6, '0', 'yyyy-mmdd', '2019-04-18 12:37:08'), 
	(3, 'Attachment', 't_InkjetPrintingGuide_Map', 'MapName', 1, 'ATT', 0, 10, '', 'yyyymmdd', '2019-04-18 12:37:08'), 
	(4, 'PrintingQuoteID', 't_quotation', 'fQuoteID', 1, 'QP', 0, 6, 'QP2019-1017000002', 'yyyy-mmdd', '2019-10-28 16:51:30'), 
	(5, 'PrintingOderID', 't_order', 'fOrderID', 1, 'TP', 0, 6, 'TP2019-1026000020', 'yyyy-mmdd', '2019-10-28 16:51:30'), 
	(6, 'OrderQuoteID', 't_Quotation', 'fQuoteID', 1, 'QS', 0, 6, 'QS2019-1011000006', 'yyyy-mmdd', '2019-10-28 16:51:30'), 
	(7, 'OuttboundOrderID', 't_product_outbound_order', 'fOrderID', 1, 'PO', 2, 6, 'PO2019-1031000002', 'yyyy-mmdd', '2019-10-31 09:37:17');
-- 导出  表 cedar.sysuserright 结构
DROP TABLE IF EXISTS `sysuserright`;
CREATE TABLE `sysuserright` (
  `fID` smallint(6) NOT NULL AUTO_INCREMENT COMMENT '编号',
  `fRightID` smallint(6) NOT NULL COMMENT '权限编号',
  `fUserID` smallint(6) NOT NULL COMMENT '用户编号',
  `fHasRight` bit(1) DEFAULT b'0' COMMENT '有权限',
  `TS` timestamp NOT NULL DEFAULT CURRENT_TIMESTAMP ON UPDATE CURRENT_TIMESTAMP,
  PRIMARY KEY (`fID`),
  UNIQUE KEY `UserID` (`fUserID`,`fRightID`)
) ENGINE=InnoDB AUTO_INCREMENT=241 DEFAULT CHARSET=utf8
;
INSERT INTO `sysuserright` (`fID`, `fRightID`, `fUserID`, `fHasRight`, `TS`) VALUES 
(1, 1, 20, 1, '2019-10-30 09:55:19'), 
	(2, 2, 20, 1, '2019-10-31 09:58:09'), 
	(3, 9, 20, 1, '2019-10-30 10:00:58'), 
	(4, 10, 20, 0, '2019-10-31 09:40:06'), 
	(5, 11, 20, 1, '2019-10-30 10:00:58'), 
	(6, 12, 20, 1, '2019-10-30 09:55:19'), 
	(7, 13, 20, 1, '2019-10-30 10:00:58'), 
	(8, 14, 20, 0, '2019-10-31 09:40:06'), 
	(9, 15, 20, 0, '2019-10-30 09:55:19'), 
	(10, 17, 20, 1, '2019-10-30 09:55:19'), 
	(11, 18, 20, 1, '2019-10-30 10:00:58'), 
	(12, 19, 20, 0, '2019-10-31 09:40:06'), 
	(13, 20, 20, 1, '2019-10-30 10:00:58'), 
	(14, 21, 20, 1, '2019-10-30 10:00:58'), 
	(15, 22, 20, 1, '2019-10-30 10:00:58'), 
	(16, 54, 20, 0, '2019-10-30 09:55:19'), 
	(17, 55, 20, 0, '2019-10-30 09:55:19'), 
	(18, 56, 20, 0, '2019-10-30 09:55:19'), 
	(19, 71, 20, 1, '2019-10-31 09:58:09'), 
	(20, 72, 20, 0, '2019-10-30 09:55:19'), 
	(21, 73, 20, 1, '2019-10-30 10:00:58'), 
	(22, 80, 20, 0, '2019-10-31 09:40:06'), 
	(23, 81, 20, 1, '2019-10-31 09:58:09'), 
	(24, 82, 20, 1, '2019-10-31 09:58:09'), 
	(25, 83, 20, 1, '2019-10-31 09:58:10'), 
	(26, 84, 20, 1, '2019-10-31 09:58:09'), 
	(27, 85, 20, 1, '2019-10-31 09:58:09'), 
	(28, 86, 20, 1, '2019-10-31 09:58:09'), 
	(29, 87, 20, 1, '2019-10-31 09:58:09'), 
	(30, 88, 20, 1, '2019-10-30 10:00:58'), 
	(31, 89, 20, 1, '2019-10-30 10:00:58'), 
	(32, 90, 20, 1, '2019-10-30 10:00:58'), 
	(33, 91, 20, 1, '2019-10-30 10:00:58'), 
	(34, 92, 20, 1, '2019-10-30 10:00:58'), 
	(35, 93, 20, 1, '2019-10-30 10:00:58'), 
	(36, 94, 20, 1, '2019-10-30 10:00:58'), 
	(37, 95, 20, 1, '2019-10-30 10:00:58'), 
	(38, 97, 20, 1, '2019-10-30 10:00:58'), 
	(39, 98, 20, 1, '2019-10-30 10:00:58'), 
	(40, 99, 20, 1, '2019-10-30 10:00:58'), 
	(41, 100, 20, 1, '2019-10-30 10:00:58'), 
	(42, 101, 20, 1, '2019-10-30 10:00:58'), 
	(43, 102, 20, 1, '2019-10-30 10:00:58'), 
	(44, 103, 20, 0, '2019-10-30 09:55:19'), 
	(45, 104, 20, 0, '2019-10-30 09:55:19'), 
	(46, 105, 20, 0, '2019-10-30 09:55:19'), 
	(47, 106, 20, 0, '2019-10-30 09:55:19'), 
	(48, 107, 20, 0, '2019-10-30 09:55:19'), 
	(49, 108, 20, 0, '2019-10-30 09:55:19'), 
	(50, 109, 20, 0, '2019-10-30 09:55:19'), 
	(51, 110, 20, 0, '2019-10-30 09:55:19'), 
	(52, 111, 20, 0, '2019-10-30 09:55:19'), 
	(53, 112, 20, 0, '2019-10-30 09:55:19'), 
	(54, 113, 20, 0, '2019-10-30 09:55:19'), 
	(55, 114, 20, 0, '2019-10-30 09:55:19'), 
	(56, 115, 20, 0, '2019-10-30 09:55:19'), 
	(57, 116, 20, 0, '2019-10-30 09:55:19'), 
	(58, 117, 20, 0, '2019-10-30 09:55:19'), 
	(59, 118, 20, 0, '2019-10-30 09:55:19'), 
	(60, 119, 20, 0, '2019-10-30 09:55:19'), 
	(61, 120, 20, 0, '2019-10-30 09:55:19'), 
	(62, 121, 20, 0, '2019-10-30 09:55:19'), 
	(63, 122, 20, 0, '2019-10-31 09:40:06'), 
	(64, 123, 20, 1, '2019-10-30 10:00:58'), 
	(65, 124, 20, 0, '2019-10-31 09:40:06'), 
	(66, 125, 20, 1, '2019-10-30 10:00:58'), 
	(67, 126, 20, 1, '2019-10-30 10:00:58'), 
	(68, 127, 20, 0, '2019-10-31 09:40:06'), 
	(69, 128, 20, 0, '2019-10-30 09:55:19'), 
	(70, 129, 20, 0, '2019-10-30 09:55:19'), 
	(71, 130, 20, 0, '2019-10-30 09:55:19'), 
	(72, 131, 20, 0, '2019-10-30 09:55:19'), 
	(73, 132, 20, 0, '2019-10-30 09:55:19'), 
	(74, 133, 20, 0, '2019-10-30 09:55:19'), 
	(75, 134, 20, 0, '2019-10-30 09:55:19'), 
	(76, 135, 20, 1, '2019-10-30 10:00:58'), 
	(77, 136, 20, 1, '2019-10-30 10:00:58'), 
	(78, 137, 20, 1, '2019-10-30 10:00:58'), 
	(79, 145, 20, 1, '2019-10-30 10:00:58'), 
	(80, 147, 20, 1, '2019-10-30 10:00:58'), 
	(81, 148, 20, 1, '2019-10-31 09:40:06'), 
	(82, 149, 20, 1, '2019-10-30 10:00:58'), 
	(83, 150, 20, 1, '2019-10-30 10:00:58'), 
	(84, 151, 20, 1, '2019-10-30 10:00:58'), 
	(85, 152, 20, 1, '2019-10-30 10:00:58'), 
	(86, 153, 20, 1, '2019-10-30 10:00:58'), 
	(87, 154, 20, 1, '2019-10-30 10:00:58'), 
	(88, 155, 20, 1, '2019-10-30 10:00:58'), 
	(89, 156, 20, 1, '2019-10-30 10:00:58'), 
	(90, 157, 20, 1, '2019-10-30 10:00:58'), 
	(91, 158, 20, 1, '2019-10-30 10:00:58'), 
	(92, 159, 20, 1, '2019-10-30 10:00:58'), 
	(93, 160, 20, 1, '2019-10-30 10:00:58'), 
	(94, 161, 20, 1, '2019-10-30 10:00:58'), 
	(95, 162, 20, 1, '2019-10-30 10:00:58'), 
	(96, 163, 20, 1, '2019-10-30 10:00:58'), 
	(97, 164, 20, 1, '2019-10-30 10:00:58'), 
	(98, 165, 20, 1, '2019-10-30 10:00:58'), 
	(99, 166, 20, 1, '2019-10-30 10:00:58'), 
	(100, 167, 20, 1, '2019-10-30 10:00:58'), 
	(101, 168, 20, 1, '2019-10-30 10:00:58'), 
	(102, 169, 20, 1, '2019-10-30 10:00:58'), 
	(103, 170, 20, 1, '2019-10-30 10:00:58'), 
	(104, 171, 20, 1, '2019-10-30 10:00:58'), 
	(105, 173, 20, 1, '2019-10-30 10:00:58'), 
	(106, 176, 20, 1, '2019-10-30 10:00:58'), 
	(107, 177, 20, 1, '2019-10-30 10:00:58'), 
	(108, 178, 20, 1, '2019-10-30 10:00:58'), 
	(109, 179, 20, 1, '2019-10-30 10:00:58'), 
	(110, 180, 20, 1, '2019-10-30 10:00:58'), 
	(111, 181, 20, 1, '2019-10-30 10:00:58'), 
	(112, 184, 20, 1, '2019-10-30 10:00:58'), 
	(113, 185, 20, 1, '2019-10-30 10:00:58'), 
	(128, 1, 21, 1, '2019-10-30 10:00:58'), 
	(129, 2, 21, 0, '2019-10-30 10:00:58'), 
	(130, 9, 21, 1, '2019-10-30 10:02:11'), 
	(131, 10, 21, 0, '2019-10-30 10:00:58'), 
	(132, 11, 21, 0, '2019-10-30 10:00:58'), 
	(133, 12, 21, 1, '2019-10-30 10:00:58'), 
	(134, 13, 21, 0, '2019-10-30 10:00:58'), 
	(135, 14, 21, 0, '2019-10-30 10:00:58'), 
	(136, 15, 21, 0, '2019-10-30 10:00:58'), 
	(137, 17, 21, 1, '2019-10-30 10:00:58'), 
	(138, 18, 21, 0, '2019-10-30 10:00:58'), 
	(139, 19, 21, 0, '2019-10-30 10:00:58'), 
	(140, 20, 21, 1, '2019-10-30 10:02:11'), 
	(141, 21, 21, 1, '2019-10-30 10:02:11'), 
	(142, 22, 21, 1, '2019-10-30 10:02:11'), 
	(143, 54, 21, 0, '2019-10-30 10:00:58'), 
	(144, 55, 21, 0, '2019-10-30 10:00:58'), 
	(145, 56, 21, 0, '2019-10-30 10:00:58'), 
	(146, 71, 21, 0, '2019-10-30 10:00:58'), 
	(147, 72, 21, 0, '2019-10-30 10:00:58'), 
	(148, 73, 21, 1, '2019-10-30 10:02:11'), 
	(149, 80, 21, 0, '2019-10-30 10:00:58'), 
	(150, 81, 21, 0, '2019-10-30 10:00:58'), 
	(151, 82, 21, 0, '2019-10-30 10:00:58'), 
	(152, 83, 21, 0, '2019-10-30 10:00:58'), 
	(153, 84, 21, 0, '2019-10-30 10:00:58'), 
	(154, 85, 21, 0, '2019-10-30 10:00:58'), 
	(155, 86, 21, 0, '2019-10-30 10:00:58'), 
	(156, 87, 21, 0, '2019-10-30 10:00:58'), 
	(157, 88, 21, 1, '2019-10-30 10:02:11'), 
	(158, 89, 21, 1, '2019-10-30 10:02:11'), 
	(159, 90, 21, 1, '2019-10-30 10:02:11'), 
	(160, 91, 21, 1, '2019-10-30 10:02:11'), 
	(161, 92, 21, 1, '2019-10-30 10:02:11'), 
	(162, 93, 21, 1, '2019-10-30 10:02:11'), 
	(163, 94, 21, 1, '2019-10-30 10:02:11'), 
	(164, 95, 21, 1, '2019-10-30 10:02:11'), 
	(165, 97, 21, 1, '2019-10-30 10:02:11'), 
	(166, 98, 21, 1, '2019-10-30 10:02:11'), 
	(167, 99, 21, 1, '2019-10-30 10:02:11'), 
	(168, 100, 21, 1, '2019-10-30 10:02:11'), 
	(169, 101, 21, 1, '2019-10-30 10:02:11'), 
	(170, 102, 21, 1, '2019-10-30 10:02:11'), 
	(171, 103, 21, 0, '2019-10-30 10:00:58'), 
	(172, 104, 21, 0, '2019-10-30 10:00:58'), 
	(173, 105, 21, 0, '2019-10-30 10:00:58'), 
	(174, 106, 21, 0, '2019-10-30 10:00:58'), 
	(175, 107, 21, 0, '2019-10-30 10:00:58'), 
	(176, 108, 21, 0, '2019-10-30 10:00:58'), 
	(177, 109, 21, 0, '2019-10-30 10:00:58'), 
	(178, 110, 21, 0, '2019-10-30 10:00:58'), 
	(179, 111, 21, 0, '2019-10-30 10:00:58'), 
	(180, 112, 21, 0, '2019-10-30 10:00:58'), 
	(181, 113, 21, 0, '2019-10-30 10:00:58'), 
	(182, 114, 21, 0, '2019-10-30 10:00:58'), 
	(183, 115, 21, 0, '2019-10-30 10:00:58'), 
	(184, 116, 21, 0, '2019-10-30 10:00:58'), 
	(185, 117, 21, 0, '2019-10-30 10:00:58'), 
	(186, 118, 21, 0, '2019-10-30 10:00:58'), 
	(187, 119, 21, 0, '2019-10-30 10:00:58'), 
	(188, 120, 21, 0, '2019-10-30 10:00:58'), 
	(189, 121, 21, 0, '2019-10-30 10:00:58'), 
	(190, 122, 21, 0, '2019-10-30 10:00:58'), 
	(191, 123, 21, 0, '2019-10-30 10:00:58'), 
	(192, 124, 21, 0, '2019-10-30 10:00:58'), 
	(193, 125, 21, 0, '2019-10-30 10:00:58'), 
	(194, 126, 21, 0, '2019-10-30 10:00:58'), 
	(195, 127, 21, 0, '2019-10-30 10:00:58'), 
	(196, 128, 21, 0, '2019-10-30 10:00:58'), 
	(197, 129, 21, 0, '2019-10-30 10:00:58'), 
	(198, 130, 21, 0, '2019-10-30 10:00:58'), 
	(199, 131, 21, 0, '2019-10-30 10:00:58'), 
	(200, 132, 21, 0, '2019-10-30 10:00:58'), 
	(201, 133, 21, 0, '2019-10-30 10:00:58'), 
	(202, 134, 21, 0, '2019-10-30 10:00:58'), 
	(203, 135, 21, 0, '2019-10-30 10:00:58'), 
	(204, 136, 21, 0, '2019-10-30 10:00:58'), 
	(205, 137, 21, 0, '2019-10-30 10:00:58'), 
	(206, 145, 21, 1, '2019-10-30 10:02:11'), 
	(207, 147, 21, 0, '2019-10-30 10:00:58'), 
	(208, 148, 21, 1, '2019-10-30 10:02:11'), 
	(209, 149, 21, 1, '2019-10-30 10:02:11'), 
	(210, 150, 21, 1, '2019-10-30 10:02:11'), 
	(211, 151, 21, 1, '2019-10-30 10:02:11'), 
	(212, 152, 21, 1, '2019-10-30 10:02:11'), 
	(213, 153, 21, 1, '2019-10-30 10:02:11'), 
	(214, 154, 21, 1, '2019-10-30 10:02:11'), 
	(215, 155, 21, 1, '2019-10-30 10:02:11'), 
	(216, 156, 21, 1, '2019-10-30 10:02:11'), 
	(217, 157, 21, 1, '2019-10-30 10:02:11'), 
	(218, 158, 21, 1, '2019-10-30 10:02:11'), 
	(219, 159, 21, 1, '2019-10-30 10:02:11'), 
	(220, 160, 21, 1, '2019-10-30 10:02:11'), 
	(221, 161, 21, 1, '2019-10-30 10:02:11'), 
	(222, 162, 21, 1, '2019-10-30 10:02:11'), 
	(223, 163, 21, 1, '2019-10-30 10:02:11'), 
	(224, 164, 21, 1, '2019-10-30 10:02:11'), 
	(225, 165, 21, 1, '2019-10-30 10:02:11'), 
	(226, 166, 21, 1, '2019-10-30 10:02:11'), 
	(227, 167, 21, 1, '2019-10-30 10:02:11'), 
	(228, 168, 21, 1, '2019-10-30 10:02:11'), 
	(229, 169, 21, 1, '2019-10-30 10:02:11'), 
	(230, 170, 21, 1, '2019-10-30 10:02:11'), 
	(231, 171, 21, 1, '2019-10-30 10:02:11'), 
	(232, 173, 21, 1, '2019-10-30 10:02:11'), 
	(233, 176, 21, 1, '2019-10-30 10:02:11'), 
	(234, 177, 21, 1, '2019-10-30 10:02:11'), 
	(235, 178, 21, 1, '2019-10-30 10:02:11'), 
	(236, 179, 21, 1, '2019-10-30 10:02:11'), 
	(237, 180, 21, 1, '2019-10-30 10:02:11'), 
	(238, 181, 21, 1, '2019-10-30 10:02:11'), 
	(239, 184, 21, 1, '2019-10-30 10:02:11'), 
	(240, 185, 21, 1, '2019-10-30 10:02:11');
-- 导出  表 cedar.sysusers 结构
DROP TABLE IF EXISTS `sysusers`;
CREATE TABLE `sysusers` (
  `fUserID` int(11) NOT NULL AUTO_INCREMENT,
  `fOnline` bit(1) NOT NULL DEFAULT b'0',
  `fEnabled` bit(1) NOT NULL DEFAULT b'1',
  `fDepartment` varchar(20) DEFAULT NULL,
  `fUsername` varchar(20) NOT NULL,
  `fNickname` varchar(20) DEFAULT NULL,
  `fPassword` varchar(255) NOT NULL,
  `fRoleID` smallint(6) DEFAULT NULL,
  `fLastLoginComputer` char(50) DEFAULT NULL,
  `fLastLoginTime` datetime DEFAULT NULL,
  `fLoginID` varchar(255) DEFAULT NULL,
  `fNotes` varchar(255) DEFAULT NULL,
  `TS` timestamp NOT NULL DEFAULT CURRENT_TIMESTAMP ON UPDATE CURRENT_TIMESTAMP,
  PRIMARY KEY (`fUserID`),
  KEY `LoginID` (`fLoginID`),
  KEY `RoleID` (`fRoleID`)
) ENGINE=InnoDB AUTO_INCREMENT=22 DEFAULT CHARSET=utf8
;
INSERT INTO `sysusers` (`fUserID`, `fOnline`, `fEnabled`, `fDepartment`, `fUsername`, `fNickname`, `fPassword`, `fRoleID`, `fLastLoginComputer`, `fLastLoginTime`, `fLoginID`, `fNotes`, `TS`) VALUES 
(1, 0, 0, Null, 'admin', '管理员', '51e599aaf7f3bf4feba2a0f9166cd709', 1, Null, '2015-09-28 19:02:10', '{AF962165-3D2D-483B-A71B-D7D3F97502A4}', Null, '2019-09-09 13:35:45'), 
	(20, 0, 1, Null, 'shang ', Null, '6fa194ab9c1aa51ab90a2d1acb00956a', Null, Null, Null, Null, Null, '2019-10-30 09:55:17'), 
	(21, 0, 1, Null, 'Atendimento ', Null, '51e599aaf7f3bf4feba2a0f9166cd709', Null, Null, Null, Null, Null, '2019-10-30 09:58:57');
-- 导出  表 cedar.t_customer 结构
DROP TABLE IF EXISTS `t_customer`;
CREATE TABLE `t_customer` (
  `fCustomerID` int(11) NOT NULL AUTO_INCREMENT,
  `fCustomerName` varchar(50) NOT NULL COMMENT '客户名',
  `fNUIT` varchar(25) DEFAULT NULL COMMENT '税号',
  `fCity` varchar(30) DEFAULT NULL COMMENT '所在地 Mordo',
  `fContato` varchar(20) DEFAULT NULL COMMENT '联系人',
  `fAreaCode` varchar(15) DEFAULT NULL COMMENT '区号',
  `fCelular` varchar(15) DEFAULT NULL COMMENT '手机',
  `fTelefone` varchar(15) DEFAULT NULL COMMENT '电话',
  `fEndereco` varchar(50) DEFAULT NULL COMMENT '地址',
  `fEmail` varchar(50) DEFAULT NULL COMMENT '电子邮件',
  `fWeb` varchar(50) DEFAULT NULL COMMENT '主页',
  `fFax` varchar(15) DEFAULT NULL COMMENT '传真',
  `fNote` varchar(255) DEFAULT NULL,
  `TS` timestamp NOT NULL DEFAULT CURRENT_TIMESTAMP ON UPDATE CURRENT_TIMESTAMP,
  `fTaxRegCer` varchar(50) DEFAULT NULL COMMENT '税务登记证',
  PRIMARY KEY (`fCustomerID`),
  UNIQUE KEY `OnlyOne` (`fCustomerName`),
  UNIQUE KEY `fNUIT` (`fNUIT`)
) ENGINE=InnoDB AUTO_INCREMENT=3 DEFAULT CHARSET=utf8
;
INSERT INTO `t_customer` (`fCustomerID`, `fCustomerName`, `fNUIT`, `fCity`, `fContato`, `fAreaCode`, `fCelular`, `fTelefone`, `fEndereco`, `fEmail`, `fWeb`, `fFax`, `fNote`, `TS`, `fTaxRegCer`) VALUES 
(1, 'SERIGRAFIA GRAFDUBA(MACHADO)', Null, 'MAPUTO', Null, Null, Null, Null, Null, Null, Null, Null, Null, '2019-10-30 11:11:34', Null), 
	(2, 'RONY', Null, 'MAPUTO', Null, Null, Null, Null, Null, Null, Null, Null, Null, '2019-10-30 11:12:30', Null);
-- 导出  表 cedar.t_enumeration 结构
DROP TABLE IF EXISTS `t_enumeration`;
CREATE TABLE `t_enumeration` (
  `fItemID` int(11) NOT NULL AUTO_INCREMENT COMMENT '选项编号',
  `fTypeID` int(11) NOT NULL,
  `fTitle` varchar(50) NOT NULL,
  `fSpare1` varchar(50) DEFAULT NULL COMMENT '备用1',
  `fSpare2` varchar(50) DEFAULT NULL COMMENT '备用2',
  `fNote` varchar(255) DEFAULT NULL,
  `TS` timestamp NOT NULL DEFAULT CURRENT_TIMESTAMP ON UPDATE CURRENT_TIMESTAMP,
  PRIMARY KEY (`fItemID`)
) ENGINE=InnoDB AUTO_INCREMENT=97 DEFAULT CHARSET=utf8
;
INSERT INTO `t_enumeration` (`fItemID`, `fTypeID`, `fTitle`, `fSpare1`, `fSpare2`, `fNote`, `TS`) VALUES 
(3, 5, 'PVC001', '', '', Null, '2019-04-05 08:22:05'), 
	(4, 5, 'PVC002', '', '', Null, '2019-04-05 08:22:05'), 
	(5, 5, 'PVC003', '', '', Null, '2019-04-05 08:22:05'), 
	(6, 5, 'PVC004', '', '', Null, '2019-04-05 08:22:05'), 
	(7, 5, 'PVC005', '', '', Null, '2019-04-05 08:22:05'), 
	(8, 5, 'PVC006', '', '', Null, '2019-04-05 08:22:05'), 
	(9, 5, 'PVC007', '', '', Null, '2019-04-05 08:22:05'), 
	(10, 5, 'PVC008', '', '', Null, '2019-04-05 08:22:05'), 
	(11, 5, 'PVC009', '', '', Null, '2019-04-05 08:22:05'), 
	(12, 5, 'PVC010', '', '', Null, '2019-04-05 08:22:05'), 
	(13, 5, 'VY001', '', '', Null, '2019-04-05 08:22:05'), 
	(14, 5, 'VY002', '', '', Null, '2019-04-05 08:22:05'), 
	(15, 5, 'VY003', '', '', Null, '2019-04-05 08:22:05'), 
	(16, 5, 'VY004', '', '', Null, '2019-04-05 08:22:05'), 
	(17, 5, 'VY005', '', '', Null, '2019-04-05 08:22:05'), 
	(18, 5, 'VY006', '', '', Null, '2019-04-05 08:22:05'), 
	(19, 5, 'MESP001', '', '', Null, '2019-04-05 08:22:05'), 
	(20, 5, 'MESP002', '', '', Null, '2019-04-05 08:22:05'), 
	(21, 5, 'MESP003', '', '', Null, '2019-04-05 08:22:05'), 
	(22, 5, 'MESP004', '', '', Null, '2019-04-05 08:22:05'), 
	(23, 5, 'MESP005', '', '', Null, '2019-04-05 08:22:05'), 
	(24, 5, 'MESP006', '', '', Null, '2019-04-05 08:22:05'), 
	(25, 5, 'MESP007', '', '', Null, '2019-04-05 08:22:05'), 
	(26, 5, 'MESP008', '', '', Null, '2019-04-05 08:22:05'), 
	(27, 5, 'MESP009', '', '', Null, '2019-04-05 08:22:05'), 
	(28, 5, 'MESP010', '', '', Null, '2019-04-05 08:22:05'), 
	(29, 5, 'SHP001', '', '', Null, '2019-04-05 08:22:05'), 
	(30, 5, 'SHP002', '', '', Null, '2019-04-05 08:22:05'), 
	(31, 5, 'SHP003', '', '', Null, '2019-04-05 08:22:05'), 
	(32, 5, 'SHP004', '', '', Null, '2019-04-05 08:22:05'), 
	(33, 5, 'SHP005', '', '', Null, '2019-04-05 08:22:05'), 
	(34, 5, 'SHP006', '', '', Null, '2019-04-05 08:22:05'), 
	(35, 5, 'SHP007', '', '', Null, '2019-04-05 08:22:05'), 
	(36, 5, 'SHP008', '', '', Null, '2019-04-05 08:22:05'), 
	(37, 5, 'SHP009', '', '', Null, '2019-04-05 08:22:05'), 
	(38, 5, 'SHP010', '', '', Null, '2019-04-05 08:22:05'), 
	(39, 4, '喷绘 Impressao digifal', '', '', Null, '2019-04-05 08:22:05'), 
	(40, 4, '打印  Impressao', '', '', Null, '2019-04-05 08:22:05'), 
	(41, 4, '板材打印', '', '', Null, '2019-04-05 08:22:05'), 
	(42, 4, '复印Copiar', '', '', Null, '2019-04-05 08:22:05'), 
	(43, 4, '彩色印刷 Impressão a cor', '', '', Null, '2019-04-05 08:22:05'), 
	(44, 4, '易拉宝 ROLL UP', '', '', Null, '2019-04-05 08:22:05'), 
	(45, 4, '广告牌（发光字）painel lunin', '', '', Null, '2019-04-05 08:22:05'), 
	(46, 4, '购买 Compra', '', '', Null, '2019-04-05 08:22:05'), 
	(47, 4, '其他 Outro', '', '', Null, '2019-04-05 08:22:05'), 
	(48, 1, '马普托 MAPUTO', '', '', '', '2019-07-22 14:14:35'), 
	(49, 1, '南普拉 NAMPULA', '', '', Null, '2019-04-05 08:22:05'), 
	(50, 1, '贝拉 BEIRA', '', '', '', '2019-07-22 14:23:43'), 
	(51, 1, '太特 TETE', '', '', Null, '2019-04-05 08:22:05'), 
	(52, 1, '南卡拉 NACALA', '', '', Null, '2019-04-05 08:22:05'), 
	(53, 1, '其他 OUTRO', '', '', Null, '2019-04-05 08:22:05'), 
	(54, 6, '80MICM', '', '', Null, '2019-04-05 08:22:05'), 
	(55, 6, '光面白底冷裱膜 80MICM', '', '', Null, '2019-04-05 08:22:05'), 
	(56, 6, '十字纹冷裱膜 SZWM', '', '', Null, '2019-04-05 08:22:05'), 
	(57, 6, '210粗纹地板膜 210MICCWDM', '', '', Null, '2019-04-05 08:22:05'), 
	(59, 3, 'Cash', '', '', Null, '2019-04-05 08:22:05'), 
	(60, 3, 'Check', '', '', Null, '2019-04-05 08:22:05'), 
	(61, 3, 'Transf', '', '', Null, '2019-04-05 08:22:05'), 
	(62, 3, 'Pos', '', '', Null, '2019-04-05 08:22:05'), 
	(63, 3, 'OUTRO', '', '', Null, '2019-04-15 13:19:41'), 
	(64, 2, 'LIVROS DE VD', '1', Null, Null, '2019-04-05 08:22:05'), 
	(65, 2, 'RECIBOS ', '1', Null, Null, '2019-04-05 08:22:05'), 
	(66, 2, 'FACTURA', '1', Null, Null, '2019-04-05 08:22:05'), 
	(67, 2, 'GUIA DE REMESSA', '0', Null, Null, '2019-04-05 08:22:05'), 
	(68, 2, 'GUIA DE TRANSPORTE', '0', Null, Null, '2019-04-05 08:22:05'), 
	(69, 2, 'AGENDAS', '0', Null, Null, '2019-04-05 08:22:05'), 
	(70, 2, 'SENHAS', '0', Null, Null, '2019-04-05 08:22:05'), 
	(71, 2, 'PAPEL DE EXAME', '0', Null, Null, '2019-04-05 08:22:05'), 
	(72, 2, 'ATESTADO MEDICO', '0', Null, Null, '2019-04-05 08:22:05'), 
	(73, 2, 'CARTAO DE ESTUDANTE', '0', Null, Null, '2019-04-05 08:22:05'), 
	(74, 2, 'PAPEL TIMBRADO', '0', Null, Null, '2019-04-05 08:22:05'), 
	(75, 2, 'FOLHA DE EXERCICIO', '0', Null, Null, '2019-04-05 08:22:05'), 
	(76, 2, 'IMPRESSO HOSPITALAR', '0', Null, Null, '2019-04-05 08:22:05'), 
	(77, 2, 'OUTRO', '0', Null, Null, '2019-04-05 08:22:05'), 
	(78, 7, '1 AVISTA', '1', Null, Null, '2019-05-05 16:59:35'), 
	(79, 7, '2 AVISTA', '2', Null, Null, '2019-05-05 16:59:37'), 
	(80, 7, '4 AVISTA', '4', Null, Null, '2019-05-05 16:59:39'), 
	(81, 7, '6 AVISTA', '6', Null, Null, '2019-05-05 16:59:42'), 
	(82, 8, 'A3', Null, Null, Null, '2019-04-05 08:28:22'), 
	(83, 8, 'A4', Null, Null, Null, '2019-04-05 08:28:22'), 
	(84, 8, 'A5', Null, Null, Null, '2019-04-05 08:28:22'), 
	(85, 8, 'B5', Null, Null, Null, '2019-04-05 08:28:22'), 
	(86, 9, '1', '1', Null, Null, '2019-05-05 16:59:51'), 
	(87, 9, '2', '2', Null, Null, '2019-05-05 16:59:53'), 
	(88, 9, '3', '3', Null, Null, '2019-05-05 16:59:55'), 
	(89, 8, 'OUTRO', Null, Null, Null, '2019-04-15 13:19:13'), 
	(90, 10, 'OUTRO', Null, Null, Null, '2019-04-15 13:19:28'), 
	(91, 7, 'OUTRO', '0', Null, Null, '2019-05-05 16:59:08'), 
	(92, 5, 'OUTRO', Null, Null, Null, '2019-04-15 13:20:04'), 
	(93, 9, '4', '4', Null, Null, '2019-05-05 16:59:57'), 
	(94, 9, '5', '5', Null, Null, '2019-05-05 16:59:59'), 
	(95, 9, '6', '6', Null, Null, '2019-05-05 17:00:02'), 
	(96, 9, 'Outro', '0', Null, Null, '2019-05-05 17:00:37');
-- 导出  表 cedar.t_enumeration_type 结构
DROP TABLE IF EXISTS `t_enumeration_type`;
CREATE TABLE `t_enumeration_type` (
  `fTypeID` int(11) NOT NULL AUTO_INCREMENT,
  `fTypeName` varchar(20) NOT NULL,
  `fNote` varchar(50) DEFAULT NULL,
  `TS` timestamp NOT NULL DEFAULT CURRENT_TIMESTAMP ON UPDATE CURRENT_TIMESTAMP,
  PRIMARY KEY (`fTypeID`),
  UNIQUE KEY `fTypeName` (`fTypeName`)
) ENGINE=InnoDB AUTO_INCREMENT=11 DEFAULT CHARSET=utf8
;
INSERT INTO `t_enumeration_type` (`fTypeID`, `fTypeName`, `fNote`, `TS`) VALUES 
(1, '城市City', Null, '2019-04-05 08:29:16'), 
	(2, '产品类型Especie', Null, '2019-04-05 08:29:32'), 
	(3, '付款方式PaymentMethod', Null, '2019-04-05 08:29:41'), 
	(4, '产品名称Descrição', Null, '0000-00-00 00:00:00'), 
	(5, '物料编号 Número do mater', Null, '0000-00-00 00:00:00'), 
	(6, '腹膜型号Nome peritoneal', Null, '0000-00-00 00:00:00'), 
	(7, '每页序号数Avista', Null, '2019-04-05 08:29:57'), 
	(8, '尺寸Tamanho', Null, '2019-04-05 08:29:04'), 
	(9, '联次Nr.Copy', Null, '2019-04-05 23:37:28'), 
	(10, '销售Vendedor', Null, '2019-04-05 23:56:19');
-- 导出  表 cedar.t_order 结构
DROP TABLE IF EXISTS `t_order`;
CREATE TABLE `t_order` (
  `fOrderID` char(20) NOT NULL COMMENT '订单号',
  `fPrice` decimal(10,2) DEFAULT NULL COMMENT '单价_印刷',
  `fCustomerID` int(11) NOT NULL COMMENT '客户编号',
  `fOrderDate` date NOT NULL COMMENT '订单日期',
  `fEspecieID` int(11) DEFAULT NULL COMMENT '印刷分类',
  `fRequiredDeliveryDate` date DEFAULT NULL COMMENT '客户要求交货日期',
  `fCategoryID` int(11) DEFAULT NULL COMMENT '类别',
  `fBrandMateriaID` int(11) DEFAULT NULL COMMENT '品牌材料',
  `fAmount` decimal(11,2) DEFAULT NULL COMMENT '金额',
  `fTax` decimal(11,2) DEFAULT NULL COMMENT '税金',
  `fPayable` decimal(11,2) DEFAULT NULL COMMENT '应付金额',
  `fDesconto` decimal(11,2) DEFAULT NULL COMMENT '折扣',
  `fColorID` int(11) DEFAULT NULL COMMENT '颜色',
  `fEntryID` int(11) DEFAULT NULL COMMENT '录入人',
  `fSubmited` bit(1) NOT NULL DEFAULT b'0' COMMENT '提交',
  `fSubmitID` int(11) DEFAULT NULL COMMENT '提交人',
  `fReviewed` bit(1) NOT NULL DEFAULT b'0' COMMENT '已审核',
  `fReviewerID` int(11) DEFAULT NULL COMMENT '审核人',
  `fConfirmed` bit(1) NOT NULL DEFAULT b'0' COMMENT '已确认',
  `fConfirmID` int(11) DEFAULT NULL COMMENT '确认人',
  `fDelivered` bit(1) NOT NULL DEFAULT b'0' COMMENT '已交付',
  `fDelivererID` int(11) DEFAULT NULL COMMENT '交付人',
  `fCanceled` bit(1) NOT NULL DEFAULT b'0' COMMENT '已作废',
  `fCancelID` int(11) DEFAULT NULL COMMENT '作废人',
  `fDeliveryDate` date DEFAULT NULL COMMENT '交付日期',
  `fNumerBegin` int(11) DEFAULT NULL COMMENT '起始编号',
  `fQuant` int(11) DEFAULT NULL COMMENT '数量',
  `fPagePerVolumn` smallint(6) DEFAULT NULL COMMENT '每本号数',
  `fNumerEnd` int(11) DEFAULT NULL COMMENT '结束编号',
  `fAvistaID` int(11) DEFAULT NULL COMMENT '每页单据数',
  `fTamanhoID` int(11) DEFAULT NULL COMMENT '尺寸',
  `fSucursal` bit(1) DEFAULT NULL COMMENT 'Sucursal 分公司',
  `fLogo` bit(1) DEFAULT b'0' COMMENT '标志',
  `fVendedorID` int(11) DEFAULT NULL COMMENT '销售人员',
  `fNrCopyID` int(11) DEFAULT NULL COMMENT '联次',
  `fContato` varchar(20) DEFAULT NULL COMMENT '联系人',
  `fCelular` varchar(15) DEFAULT NULL COMMENT '手机',
  `fTelefone` varchar(15) DEFAULT NULL COMMENT '电话',
  `fNote` varchar(255) DEFAULT NULL COMMENT '备注',
  `fDeliverViewed` bit(1) DEFAULT b'0' COMMENT '已查阅',
  `TS` timestamp NOT NULL DEFAULT CURRENT_TIMESTAMP ON UPDATE CURRENT_TIMESTAMP,
  PRIMARY KEY (`fOrderID`),
  KEY `iDelivererID` (`fDelivererID`),
  KEY `iOrderDate` (`fOrderDate`)
) ENGINE=InnoDB DEFAULT CHARSET=utf8
;

-- 导出  表 cedar.t_order_detail 结构
DROP TABLE IF EXISTS `t_order_detail`;
CREATE TABLE `t_order_detail` (
  `fID` int(11) NOT NULL AUTO_INCREMENT,
  `fOrderID` char(20) DEFAULT NULL,
  `fQuant` smallint(6) DEFAULT NULL,
  `fProductName` varchar(50) DEFAULT NULL,
  `fLength` decimal(10,3) DEFAULT NULL,
  `fWidth` decimal(10,3) DEFAULT NULL,
  `fPrice` decimal(11,2) DEFAULT NULL,
  `fAmount` decimal(11,2) NOT NULL,
  `TS` timestamp NOT NULL DEFAULT CURRENT_TIMESTAMP ON UPDATE CURRENT_TIMESTAMP,
  PRIMARY KEY (`fID`)
) ENGINE=InnoDB DEFAULT CHARSET=utf8
;

-- 导出  表 cedar.t_product_information 结构
DROP TABLE IF EXISTS `t_product_information`;
CREATE TABLE `t_product_information` (
  `fID` int(11) NOT NULL AUTO_INCREMENT,
  `fProductName` varchar(250) CHARACTER SET utf8 NOT NULL,
  `fSpesc` varchar(50) CHARACTER SET utf8 DEFAULT NULL,
  `fWidth` varchar(20) CHARACTER SET utf8 DEFAULT NULL,
  `fLength` varchar(20) CHARACTER SET utf8 DEFAULT NULL,
  `fUint` varchar(10) CHARACTER SET utf8 DEFAULT NULL,
  `fNote` varchar(250) CHARACTER SET utf8 DEFAULT NULL,
  `fCurrentQuantity` decimal(13,3) NOT NULL DEFAULT '0.000',
  `fMinimumStock` decimal(13,3) NOT NULL DEFAULT '0.000',
  `fCancel` tinyint(4) NOT NULL DEFAULT '0',
  `TS` timestamp NOT NULL DEFAULT CURRENT_TIMESTAMP,
  `fProductPic` varchar(50) COLLATE utf8mb4_unicode_ci DEFAULT NULL,
  PRIMARY KEY (`fID`)
) ENGINE=InnoDB AUTO_INCREMENT=106 DEFAULT CHARSET=utf8mb4 COLLATE=utf8mb4_unicode_ci
;
INSERT INTO `t_product_information` (`fID`, `fProductName`, `fSpesc`, `fWidth`, `fLength`, `fUint`, `fNote`, `fCurrentQuantity`, `fMinimumStock`, `fCancel`, `TS`, `fProductPic`) VALUES 
(1, ' Chapa de CTP板', Null, Null, Null, '包', Null, 80.000, 0.000, 0, '2019-10-28 17:38:03', Null), 
	(2, 'Chapa positivas ( PS) PS 板 ', Null, Null, Null, '包', Null, 0.000, 0.000, 0, '2019-10-28 17:38:03', Null), 
	(3, ' Revelador PS显影液', Null, Null, Null, '瓶', Null, 0.000, 0.000, 0, '2019-10-28 17:38:03', Null), 
	(4, 'Plate Cleaner 洁板剂', Null, Null, Null, '瓶', '印刷', 0.000, 0.000, 0, '2019-10-28 17:38:03', Null), 
	(5, ' blanket rejuvenator (caucho) 还原清洗剂', Null, Null, Null, '瓶', '1箱+6瓶', 0.000, 0.000, 0, '2019-10-28 17:38:03', Null), 
	(6, ' Tinta Branca officet 印刷机油墨 白', '2.5 kg', Null, Null, '罐', Null, 0.000, 0.000, 0, '2019-10-28 17:38:03', Null), 
	(7, ' Tinta preta officet 印刷机油墨 黑', '2.5 kg', Null, Null, '罐', '1 montra', 0.000, 0.000, 0, '2019-10-28 17:38:03', Null), 
	(8, ' Tinta azul ciao officet 印刷机油墨 蓝', '2.5 kg', Null, Null, '罐', '1 montra', 0.000, 0.000, 0, '2019-10-28 17:38:03', Null), 
	(9, ' Tinta amarela officet 印刷机油墨 黄', '2.5 kg', Null, Null, '罐', '1 montra', 0.000, 0.000, 0, '2019-10-28 17:38:03', Null), 
	(10, ' Tinta magenta officet 印刷机油墨 红', '2.5 kg', Null, Null, '罐', '1 montra', 0.000, 0.000, 0, '2019-10-28 17:38:03', Null), 
	(11, ' Tinta rolaund Pequeno (magenta) 普通喷绘机墨水 红', Null, Null, Null, '瓶', Null, 0.000, 0.000, 0, '2019-10-28 17:38:03', Null), 
	(12, 'Tinta rolaund Pequeno (azul ciao) 普通喷绘机墨水 蓝 ', Null, Null, Null, '瓶', Null, 0.000, 0.000, 0, '2019-10-28 17:38:03', Null), 
	(13, ' Tinta rolaund (amarelo ) Pequeno 普通喷绘机墨水 黄', Null, Null, Null, '瓶', Null, 0.000, 0.000, 0, '2019-10-28 17:38:03', Null), 
	(14, ' Tinta rolaud Pequeno (preto) 普通喷绘机墨水 黑', Null, Null, Null, '瓶', Null, 0.000, 0.000, 0, '2019-10-28 17:38:03', Null), 
	(15, ' Tinta cartucho (magenta) 旗帜机油墨 红', Null, Null, Null, '罐', Null, 0.000, 0.000, 0, '2019-10-28 17:38:03', Null), 
	(16, ' Tinta cartucho (preto) 旗帜机油墨 黑', Null, Null, Null, '罐', Null, 0.000, 0.000, 0, '2019-10-28 17:38:03', Null), 
	(17, ' Tinta cartucho (amarelo) 旗帜机油墨 黄', Null, Null, Null, '罐', Null, 0.000, 0.000, 0, '2019-10-28 17:38:03', Null), 
	(18, ' Tinta cartucho( azul ciao) 旗帜机油墨 蓝', Null, Null, Null, '罐', Null, 0.000, 0.000, 0, '2019-10-28 17:38:03', Null), 
	(19, ' Estrutura de backdrop 铁门型架', Null, Null, Null, '套', '1 montra', 0.000, 0.000, 0, '2019-10-28 17:38:03', Null), 
	(20, ' Papel aderrente 拉伸膜（过塑膜）', Null, Null, Null, '卷', Null, 0.000, 0.000, 0, '2019-10-28 17:38:03', Null), 
	(21, 'Papel de ácido sulfúrico 硫酸纸 ', Null, Null, Null, Null, Null, 0.000, 0.000, 0, '2019-10-28 17:38:03', Null), 
	(22, ' Rolo de estampar(pequena) 印衣服打印卷材', Null, Null, Null, '卷', Null, 0.000, 0.000, 0, '2019-10-28 17:38:03', Null), 
	(23, ' Rolo de estampar(grande) 转印膜', Null, Null, Null, '卷', Null, 0.000, 0.000, 0, '2019-10-28 17:38:03', Null), 
	(24, ' Lamincao Matt 哑面腹膜 ', Null, Null, Null, '卷', Null, 0.000, 0.000, 0, '2019-10-28 17:38:03', Null), 
	(25, ' Lamincao Gloss 光面腹膜 ', Null, Null, Null, Null, Null, 0.000, 0.000, 0, '2019-10-28 17:38:03', Null), 
	(26, ' Tinta de Máquina grande (amarelo) 大喷绘机墨水 黄 ', Null, Null, Null, '瓶', Null, 0.000, 0.000, 0, '2019-10-28 17:38:03', Null), 
	(27, ' Tinta Máquina grande(preto) 大喷绘机墨水 黑', Null, Null, Null, '瓶', Null, 0.000, 0.000, 0, '2019-10-28 17:38:03', Null), 
	(28, ' Tinta (azul ciao) Máquina grande 大喷绘机墨水 蓝', Null, Null, Null, '瓶', Null, 0.000, 0.000, 0, '2019-10-28 17:38:03', Null), 
	(29, ' Tinta Máquina grande (Magenta) 大喷绘机墨水 红', Null, Null, Null, '瓶', Null, 0.000, 0.000, 0, '2019-10-28 17:38:03', Null), 
	(30, ' Roll up base 06 豪华单屏易拉宝', Null, Null, Null, '套', Null, 0.000, 0.000, 0, '2019-10-28 17:38:03', Null), 
	(31, ' 豪华单屏易拉宝 Roll up(Bom)', Null, Null, Null, '套', '黑色袋子/4500mt', 0.000, 0.000, 0, '2019-10-28 17:38:03', Null), 
	(32, '07 Roll up standard (pasta preta) 标准易拉宝（黑袋)', Null, Null, Null, 'pcs', Null, 0.000, 0.000, 0, '2019-10-28 17:38:03', Null), 
	(33, '标准易拉宝（黑袋）蓝色边 ', '', '', '', 'pcs', '', 0.000, 0.000, 0, '2019-10-28 17:38:03', Null), 
	(34, ' Roll up standard (pasta laranja) 豪华易拉宝（黄色袋子）', Null, Null, Null, 'pcs', Null, 0.000, 0.000, 0, '2019-10-28 17:38:03', Null), 
	(35, ' Rede de puxar de ferro 铁拉网', Null, Null, Null, '套', Null, 0.000, 0.000, 0, '2019-10-28 17:38:03', Null), 
	(36, '不干胶 ', '', '', '', '箱', '', 0.000, 0.000, 0, '2019-10-28 17:38:03', Null), 
	(37, ' Certificado de graduacao (canudo) 毕业证书筒', Null, Null, Null, 'caixa', '每箱大概140个', 0.000, 0.000, 0, '2019-10-28 17:38:03', Null), 
	(38, ' Tripé (3 metros/40) 4头 3.4米旗杆', Null, Null, Null, 'pcs', Null, 0.000, 0.000, 0, '2019-10-28 17:38:03', Null), 
	(39, ' Tripé (3 metros/40) 3头 3.4米旗杆', Null, Null, Null, 'pcs', Null, 0.000, 0.000, 0, '2019-10-28 17:38:03', Null), 
	(40, ' Tripé 旗杆小', Null, Null, Null, 'pcs', Null, 100.000, 0.000, 0, '2019-10-28 17:38:03', Null), 
	(41, 'Separador 栏杆 ', Null, Null, Null, 'pcs', '外加10条', 50.000, 0.000, 0, '2019-10-28 17:38:03', Null), 
	(42, 'Base de bandeira 栏杆底座/铝 ', Null, Null, Null, 'pcs', Null, 50.000, 0.000, 0, '2019-10-28 17:38:03', Null), 
	(43, ' Papel de desenho 绘图纸', Null, Null, Null, 'caixa', Null, 4.000, 0.000, 0, '2019-10-28 17:38:03', Null), 
	(44, ' Argolas para encadernacao de livros 装订圈', Null, Null, Null, 'caixa', '加4小盒', 0.000, 0.000, 0, '2019-10-28 17:38:03', Null), 
	(45, ' saco de Adesivos 热熔胶', Null, Null, Null, 'Saco', Null, 0.000, 0.000, 0, '2019-10-28 17:38:03', Null), 
	(46, ' Maquina de encadernar 装订机', Null, Null, Null, 'PCS', Null, 0.000, 0.000, 0, '2019-10-28 17:38:03', Null), 
	(47, ' Filme de chao(20180225) 斜纹地板膜', Null, '1.27', '50', '卷', Null, 9.000, 0.000, 0, '2019-10-28 17:38:03', Null), 
	(48, ' Pau de subir bandeira(5 metros) 五米注水旗杆', Null, Null, Null, '件', '163*11*11cm', 50.000, 0.000, 0, '2019-10-28 17:38:03', Null), 
	(49, 'pau de subir baneira(3 metros) 三米旗杆', Null, Null, Null, '件', '165*14*11cm', 3.000, 0.000, 0, '2019-10-28 17:38:03', Null), 
	(50, ' 50 MIC 艺彩专业冷裱膜', Null, '1.37', '50', '件', '1.37*50m', 0.000, 0.000, 0, '2019-10-28 17:38:03', Null), 
	(51, ' 150G-PP 户外写真耗材 150G哑PP背胶', Null, '1.27', '50', '件', '150G-PP', 0.000, 0.000, 0, '2019-10-28 17:38:03', Null), 
	(52, ' Vinnil n? de barra 20180717 十字纹冷裱膜', Null, '1.07', '50', '卷', Null, 0.000, 0.000, 0, '2019-10-28 17:38:03', Null), 
	(53, ' Vinnil n? de barra 20180419 210G双哑PP纸', Null, '0.914', '50', '件', Null, 0.000, 0.000, 0, '2019-10-28 17:38:03', Null), 
	(54, ' Van virgem 单向透视膜', Null, Null, Null, '件', Null, 0.000, 0.000, 0, '2019-10-28 17:38:03', Null), 
	(55, 'NAME：TGB-140 TGB-140', '', '1.27', '50', '件', '1.27*50M', 0.000, 0.000, 0, '2019-10-28 17:38:03', Null), 
	(56, '2236 PVC 2236 PVC', '', '1.27', '50', '件', '1.27*50M', 0.000, 0.000, 0, '2019-10-28 17:38:03', Null), 
	(57, '208G  20180310', '', '1.52', '50', '件', '', 0.000, 0.000, 0, '2019-10-28 17:38:03', Null), 
	(58, 'CD-240ECH Vinnil CD-240ECH 弱溶剂哑面化纤油画布 ', Null, '0.914', '30', '卷', Null, 0.000, 0.000, 0, '2019-10-28 17:38:03', Null), 
	(59, 'KD051 Vinnil 20180717 弱溶剂半透闪点静电贴 ', Null, '1.22', '50', '卷', Null, 0.000, 0.000, 0, '2019-10-28 17:38:03', Null), 
	(60, ' KF001 Vinnil 20180716 弱溶剂透明静电贴', Null, '1.52', '50', '卷', Null, 0.000, 0.000, 0, '2019-10-28 17:38:03', Null), 
	(61, ' KF002 Vinnil KF002 弱溶剂白色PVC静电贴', Null, '1.52', '50', '卷', Null, 0.000, 0.000, 0, '2019-10-28 17:38:03', Null), 
	(62, ' YD-5003B Vinnil YD-5003B 粗纹环保背胶油画布', Null, '1.37', '45', '卷', Null, 0.000, 0.000, 0, '2019-10-28 17:38:03', Null), 
	(63, ' Pano 弱溶剂无纺双透布', Null, '1.52', '50', '卷', Null, 0.000, 0.000, 0, '2019-10-28 17:38:03', Null), 
	(64, ' ECO-240MP Vinnil 20180716 弱溶剂超透PVC贴', Null, '1.52', '50', '卷', 'FORA', 0.000, 0.000, 0, '2019-10-28 17:38:03', Null), 
	(65, ' Material para roll up 弱溶剂灰背PVC胶片 PF-330SG/易拉宝打印材料', Null, '0.914', '50', '卷', Null, 0.000, 0.000, 0, '2019-10-28 17:38:03', Null), 
	(66, ' Vinnil 20180614 210MIC粗纹地板膜', Null, '1.27', '50', '卷', Null, 0.000, 0.000, 0, '2019-10-28 17:38:03', Null), 
	(67, 'Vinil(20180611) 超透冷袜膜 ', Null, '1.27', '100', '卷', Null, 0.000, 0.000, 0, '2019-10-28 17:38:03', Null), 
	(68, ' 80*40*80cm 注水旗座 大', Null, Null, Null, '件', '80*40*80cm', 0.000, 0.000, 0, '2019-10-28 17:38:03', Null), 
	(69, 'Tampa da base de bandeira 注水旗座 小 ', Null, Null, Null, '件', '外加18套', 0.000, 0.000, 0, '2019-10-28 17:38:03', Null), 
	(70, ' Rede de puxar de aluminio 铝拉网', Null, Null, Null, '件', Null, 0.000, 0.000, 0, '2019-10-28 17:38:03', Null), 
	(71, ' Vinil 无缝背胶晶彩反光膜 ', Null, '1.24', '50', '件', Null, 0.000, 0.000, 0, '2019-10-28 17:38:03', Null), 
	(72, ' Vinil 晶彩格（背胶）', Null, '1.24', '50', '件', Null, 0.000, 0.000, 0, '2019-10-28 17:38:03', Null), 
	(73, ' Vinnil 弱溶剂光面化纤油画布', Null, Null, Null, '件', '0.914*50m', 0.000, 0.000, 0, '2019-10-28 17:38:03', Null), 
	(74, ' Vinnil 弱溶剂哑面化纤油画布', Null, Null, Null, '件', '0.914*50m', 0.000, 0.000, 0, '2019-10-28 17:38:03', Null), 
	(75, ' Vinil 20180718 黑袋沙子旁', Null, '1.37', '50', '卷', Null, 0.000, 0.000, 0, '2019-10-28 17:38:03', Null), 
	(76, '2020vinnil  Vinil 20180416', '', '1.37', '50', '卷', '', 0.000, 0.000, 0, '2019-10-28 17:38:03', Null), 
	(77, '2020vinnil 1.27*50) ', '', '', '', '', '', 0.000, 0.000, 0, '2019-10-28 17:38:03', Null), 
	(78, '2020vinnil 20180417 Top baner (70G FIAG FABRIC)', '', '1.2', '257', '卷', '一共39卷', 0.000, 0.000, 0, '2019-10-28 17:38:03', Null), 
	(79, '2020vinnil  Top baner(70G FIAG FABRIC)', '', '1.2', '239', '', '', 0.000, 0.000, 0, '2019-10-28 17:38:03', Null), 
	(80, '70G FIAG FABRIC 旗织机卷材 Top baner (70G FIAG FABRIC)', '', '1.2', '260', '', '', 0.000, 0.000, 0, '2019-10-28 17:38:03', Null), 
	(81, '70G FIAG FABRIC 旗织机卷材 Top baner(70G FIAG FABRIC)', '', '1.2', '226', '', '', 0.000, 0.000, 0, '2019-10-28 17:38:03', Null), 
	(82, '70G FIAG FABRIC 旗织机卷材 Top baner (70G FIAG FABRIC)', '', '1.2', '214', '', '', 0.000, 0.000, 0, '2019-10-28 17:38:03', Null), 
	(83, '70G FIAG FABRIC 旗织机卷材 Top baner (70G FIAG FABRIC)', '', '1.2', '236', '', '', 0.000, 0.000, 0, '2019-10-28 17:38:03', Null), 
	(84, '70G FIAG FABRIC 旗织机卷材 Top baner(145G TIENT F?BRIC)', '', '1.5', '150', '', '', 0.000, 0.000, 0, '2019-10-28 17:38:03', Null), 
	(85, '70G FIAG FABRIC 旗织机卷材 Top baner(145G TIENT F?BRIC)', '', '1.5', '152', '', '', 0.000, 0.000, 0, '2019-10-28 17:38:03', Null), 
	(86, '旗帜布 145G tent fabric  Top baner(145G TIENT F?BRIC)', '', '1.5', '153', '', '', 0.000, 0.000, 0, '2019-10-28 17:38:03', Null), 
	(87, '旗帜布 145G tent fabric  Top baner (145G TIENT FABRIC)', '', '1.5', '142', '', '', 0.000, 0.000, 0, '2019-10-28 17:38:03', Null), 
	(88, '旗帜布 145G tent fabric  Top baner (145G TIENT FABRIC)', '', '1.5', '182', '', '', 0.000, 0.000, 0, '2019-10-28 17:38:03', Null), 
	(89, '旗帜布 145G tent fabric  Top baner(95G GIOSSY SATIN)', '', '1.5', '200', '', '', 0.000, 0.000, 0, '2019-10-28 17:38:03', Null), 
	(90, '旗帜布 145G tent fabric  Top baner (110G WAR IMOTTONG FABRIC)', '', '1.5', '115', '', '', 0.000, 0.000, 0, '2019-10-28 17:38:03', Null), 
	(91, '旗帜布 95g giossy satin Top baner (110G WAR IMOTTONG FABRIC)', '', '1.5', '101', '', '', 0.000, 0.000, 0, '2019-10-28 17:38:03', Null), 
	(92, '旗帜布 110g war[ lmottomg fabric Top baner (110G WAR IMOTTONG FABRIC)', '', '1.5', '122', '', '', 0.000, 0.000, 0, '2019-10-28 17:38:03', Null), 
	(93, '旗帜布 110g war[ lmottomg fabric Top baner (110G WAR IMOTTONG FABRIC)', '', '1.5', '136', '', '', 0.000, 0.000, 0, '2019-10-28 17:38:03', Null), 
	(94, '110g war lmottomg fabric Top baner (110G)', '', '1.6', '120', '', '', 0.000, 0.000, 0, '2019-10-28 17:38:03', Null), 
	(95, '旗帜布 110g war lmottomg fabric Top baner (110G)', '', '1.6', '136', '', '', 0.000, 0.000, 0, '2019-10-28 17:38:03', Null), 
	(96, '旗帜布 110g 轻编旗帜布 Top baner (110G)', '', '1.6', '128', '', '', 0.000, 0.000, 0, '2019-10-28 17:38:03', Null), 
	(97, '旗帜布 110g 轻编旗帜布 Top baner (110G)', '', '1.6', '171', '', '', 0.000, 0.000, 0, '2019-10-28 17:38:03', Null), 
	(98, '旗帜布 110g 轻编旗帜布 Top baner (600D OXFORD FABRIC)', '', '1.5', '80', '', '', 0.000, 0.000, 0, '2019-10-28 17:38:03', Null), 
	(99, '旗帜布 110g 轻编旗帜布 Top baner (120G MESH)', '', '1.6', '100', '', '', 0.000, 0.000, 0, '2019-10-28 17:38:03', Null), 
	(100, '账蓬', '3*3', '', '', '个', '', 0.000, 0.000, 0, '2019-10-28 17:38:03', Null), 
	(101, '账蓬', '3*6', '', '', '个', '', 0.000, 0.000, 0, '2019-10-28 17:38:03', Null), 
	(102, '卷材薄纸 KT BOARD', '', '', '', '卷', '', 0.000, 0.000, 0, '2019-10-28 17:38:03', Null), 
	(103, '未知名 Mesa de promocao', '', '', '', '卷', '', 0.000, 0.000, 0, '2019-10-28 17:38:03', Null), 
	(104, '双面亮光板', '', '', '', '', '', 0.000, 0.000, 0, '2019-10-28 17:38:03', Null), 
	(105, '广告桌/架子', '', '', '', '', '
', 0.000, 0.000, 0, '2019-10-28 17:38:03', Null);
-- 导出  表 cedar.t_product_outbound_order 结构
DROP TABLE IF EXISTS `t_product_outbound_order`;
CREATE TABLE `t_product_outbound_order` (
  `fOrderID` char(20) NOT NULL COMMENT '订单号',
  `fPrice` decimal(10,2) DEFAULT NULL COMMENT '单价',
  `fCustomerID` int(11) NOT NULL COMMENT '客户编号',
  `fOrderDate` date NOT NULL COMMENT '订单日期',
  `fRequiredDeliveryDate` date DEFAULT NULL COMMENT '客户要求交货日期',
  `fAmount` decimal(11,2) DEFAULT NULL COMMENT '金额',
  `fTax` decimal(11,2) DEFAULT NULL COMMENT '税金',
  `fPayable` decimal(11,2) DEFAULT NULL COMMENT '应付金额',
  `fDesconto` decimal(11,2) DEFAULT NULL COMMENT '折扣',
  `fEntryID` int(11) DEFAULT NULL COMMENT '录入人',
  `fSubmited` bit(1) NOT NULL DEFAULT b'0' COMMENT '提交',
  `fSubmitID` int(11) DEFAULT NULL COMMENT '提交人',
  `fReviewed` bit(1) NOT NULL DEFAULT b'0' COMMENT '已审核',
  `fReviewerID` int(11) DEFAULT NULL COMMENT '审核人',
  `fConfirmed` bit(1) NOT NULL DEFAULT b'0' COMMENT '已确认',
  `fConfirmID` int(11) DEFAULT NULL COMMENT '确认人',
  `fDelivered` bit(1) NOT NULL DEFAULT b'0' COMMENT '已交付',
  `fDelivererID` int(11) DEFAULT NULL COMMENT '交付人',
  `fCanceled` bit(1) NOT NULL DEFAULT b'0' COMMENT '已作废',
  `fCancelID` int(11) DEFAULT NULL COMMENT '作废人',
  `fDeliveryDate` date DEFAULT NULL COMMENT '交付日期',
  `fQuant` int(11) DEFAULT NULL COMMENT '数量',
  `fSucursal` bit(1) DEFAULT NULL COMMENT 'Sucursal 分公司',
  `fVendedorID` int(11) DEFAULT NULL COMMENT '销售人员',
  `fContato` varchar(20) DEFAULT NULL COMMENT '联系人',
  `fCelular` varchar(15) DEFAULT NULL COMMENT '手机',
  `fTelefone` varchar(15) DEFAULT NULL COMMENT '电话',
  `fNote` varchar(255) DEFAULT NULL COMMENT '备注',
  `TS` timestamp NOT NULL DEFAULT CURRENT_TIMESTAMP ON UPDATE CURRENT_TIMESTAMP,
  PRIMARY KEY (`fOrderID`),
  KEY `iDelivererID` (`fDelivererID`),
  KEY `iOrderDate` (`fOrderDate`)
) ENGINE=InnoDB DEFAULT CHARSET=utf8
;
INSERT INTO `t_product_outbound_order` (`fOrderID`, `fPrice`, `fCustomerID`, `fOrderDate`, `fRequiredDeliveryDate`, `fAmount`, `fTax`, `fPayable`, `fDesconto`, `fEntryID`, `fSubmited`, `fSubmitID`, `fReviewed`, `fReviewerID`, `fConfirmed`, `fConfirmID`, `fDelivered`, `fDelivererID`, `fCanceled`, `fCancelID`, `fDeliveryDate`, `fQuant`, `fSucursal`, `fVendedorID`, `fContato`, `fCelular`, `fTelefone`, `fNote`, `TS`) VALUES 
('PO2019-1031000002', Null, 2, '2019-10-31', '2019-10-31', 2500.00, 0.00, 2500.00, Null, 20, 1, Null, 0, Null, 0, Null, 0, Null, 0, Null, Null, Null, Null, 90, Null, Null, Null, Null, '2019-10-31 09:46:28');
-- 导出  表 cedar.t_product_outbound_order_detail 结构
DROP TABLE IF EXISTS `t_product_outbound_order_detail`;
CREATE TABLE `t_product_outbound_order_detail` (
  `fID` int(11) NOT NULL AUTO_INCREMENT,
  `fOrderID` char(20) DEFAULT NULL,
  `fQuant` smallint(6) DEFAULT NULL,
  `fProductID` int(11) DEFAULT NULL,
  `fPrice` decimal(11,2) DEFAULT NULL,
  `fNote` char(50) DEFAULT NULL,
  `fAmount` decimal(11,2) NOT NULL,
  `TS` timestamp NOT NULL DEFAULT CURRENT_TIMESTAMP ON UPDATE CURRENT_TIMESTAMP,
  PRIMARY KEY (`fID`)
) ENGINE=InnoDB AUTO_INCREMENT=2 DEFAULT CHARSET=utf8
;
INSERT INTO `t_product_outbound_order_detail` (`fID`, `fOrderID`, `fQuant`, `fProductID`, `fPrice`, `fNote`, `fAmount`, `TS`) VALUES 
(1, 'PO2019-1031000002', 1, 43, 2500.00, Null, 2500.00, '2019-10-31 09:37:18');
-- 导出  表 cedar.t_product_warehousereceipt_order 结构
DROP TABLE IF EXISTS `t_product_warehousereceipt_order`;
CREATE TABLE `t_product_warehousereceipt_order` (
  `fOrderID` char(20) NOT NULL COMMENT '订单号',
  `fPrice` decimal(10,2) DEFAULT NULL COMMENT '单价',
  `fSupplierID` int(11) NOT NULL COMMENT '客户编号',
  `fPurchaserID` int(11) NOT NULL COMMENT '采购人员',
  `fOrderDate` date NOT NULL COMMENT '订单日期',
  `fWarehousingDate` date DEFAULT NULL COMMENT '入库日期',
  `fAmount` decimal(11,2) unsigned zerofill DEFAULT NULL COMMENT '金额',
  `fTax` decimal(11,2) DEFAULT NULL COMMENT '税金',
  `fPayable` decimal(11,2) DEFAULT NULL COMMENT '应付金额',
  `fDesconto` decimal(11,2) DEFAULT NULL COMMENT '折扣',
  `fEntryID` int(11) DEFAULT NULL COMMENT '录入人',
  `fSubmited` bit(1) NOT NULL DEFAULT b'0' COMMENT '提交',
  `fSubmitID` int(11) DEFAULT NULL COMMENT '提交人',
  `fCanceled` bit(1) NOT NULL DEFAULT b'0' COMMENT '已作废',
  `fCancelID` int(11) DEFAULT NULL COMMENT '作废人',
  `fContato` varchar(20) DEFAULT NULL COMMENT '联系人',
  `fCelular` varchar(15) DEFAULT NULL COMMENT '手机',
  `fTelefone` varchar(15) DEFAULT NULL COMMENT '电话',
  `fNote` varchar(255) DEFAULT NULL COMMENT '备注',
  `TS` timestamp NOT NULL DEFAULT CURRENT_TIMESTAMP ON UPDATE CURRENT_TIMESTAMP,
  PRIMARY KEY (`fOrderID`),
  KEY `iOrderDate` (`fOrderDate`)
) ENGINE=InnoDB DEFAULT CHARSET=utf8
;
INSERT INTO `t_product_warehousereceipt_order` (`fOrderID`, `fPrice`, `fSupplierID`, `fPurchaserID`, `fOrderDate`, `fWarehousingDate`, `fAmount`, `fTax`, `fPayable`, `fDesconto`, `fEntryID`, `fSubmited`, `fSubmitID`, `fCanceled`, `fCancelID`, `fContato`, `fCelular`, `fTelefone`, `fNote`, `TS`) VALUES 
('PO2019-1030000001', Null, 1, 90, '2019-10-30', '2019-10-30', 0.00, 0.00, 0.00, Null, 20, 1, Null, 0, Null, Null, Null, Null, '盘点初始数据', '2019-10-31 11:35:47');
-- 导出  表 cedar.t_product_warehousereceipt_order_detail 结构
DROP TABLE IF EXISTS `t_product_warehousereceipt_order_detail`;
CREATE TABLE `t_product_warehousereceipt_order_detail` (
  `fID` int(11) NOT NULL AUTO_INCREMENT,
  `fOrderID` char(20) DEFAULT NULL,
  `fQuant` smallint(6) DEFAULT NULL,
  `fProductID` int(11) DEFAULT NULL,
  `fPrice` decimal(11,2) DEFAULT NULL,
  `fNote` char(50) DEFAULT NULL,
  `fAmount` decimal(11,2) NOT NULL,
  `TS` timestamp NOT NULL DEFAULT CURRENT_TIMESTAMP ON UPDATE CURRENT_TIMESTAMP,
  PRIMARY KEY (`fID`)
) ENGINE=InnoDB AUTO_INCREMENT=8 DEFAULT CHARSET=utf8
;
INSERT INTO `t_product_warehousereceipt_order_detail` (`fID`, `fOrderID`, `fQuant`, `fProductID`, `fPrice`, `fNote`, `fAmount`, `TS`) VALUES 
(1, 'PO2019-1030000001', 5, 43, 0.00, Null, 0.00, '2019-10-30 11:50:55'), 
	(2, 'PO2019-1030000001', 100, 40, 0.00, Null, 0.00, '2019-10-30 11:50:55'), 
	(3, 'PO2019-1030000001', 50, 41, 0.00, Null, 0.00, '2019-10-30 11:50:55'), 
	(4, 'PO2019-1030000001', 50, 42, 0.00, Null, 0.00, '2019-10-30 11:50:55'), 
	(5, 'PO2019-1030000001', 9, 47, 0.00, Null, 0.00, '2019-10-30 11:50:55'), 
	(6, 'PO2019-1030000001', 50, 48, 0.00, Null, 0.00, '2019-10-30 11:50:55'), 
	(7, 'PO2019-1030000001', 3, 49, 0.00, Null, 0.00, '2019-10-30 11:50:55');
-- 导出  表 cedar.t_quotation 结构
DROP TABLE IF EXISTS `t_quotation`;
CREATE TABLE `t_quotation` (
  `fOrderID` char(20) NOT NULL COMMENT '订单号',
  `fPrice` decimal(10,0) DEFAULT NULL COMMENT '单价_印刷',
  `fCustomerID` int(11) NOT NULL COMMENT '客户编号',
  `fOrderDate` date NOT NULL COMMENT '订单日期',
  `fEspecieID` int(11) DEFAULT NULL COMMENT '印刷分类',
  `fRequiredDeliveryDate` date DEFAULT NULL COMMENT '客户要求交货日期',
  `fCategoryID` int(11) DEFAULT NULL COMMENT '类别',
  `fBrandMateriaID` int(11) DEFAULT NULL COMMENT '品牌材料',
  `fAmount` decimal(11,2) DEFAULT NULL COMMENT '金额',
  `fTax` decimal(11,2) DEFAULT NULL COMMENT '税金',
  `fPayable` decimal(11,2) DEFAULT NULL COMMENT '应付金额',
  `fDesconto` decimal(11,2) DEFAULT NULL COMMENT '折扣',
  `fColorID` int(11) DEFAULT NULL COMMENT '颜色',
  `fEntryID` int(11) DEFAULT NULL COMMENT '录入人',
  `fSubmited` bit(1) NOT NULL DEFAULT b'0' COMMENT '提交',
  `fSubmitID` int(11) DEFAULT NULL COMMENT '提交人',
  `fReviewed` bit(1) NOT NULL DEFAULT b'0' COMMENT '已审核',
  `fReviewerID` int(11) DEFAULT NULL COMMENT '审核人',
  `fConfirmed` bit(1) NOT NULL DEFAULT b'0' COMMENT '已确认',
  `fConfirmID` int(11) DEFAULT NULL COMMENT '确认人',
  `fDelivered` bit(1) NOT NULL DEFAULT b'0' COMMENT '已交付',
  `fDelivererID` int(11) DEFAULT NULL COMMENT '交付人',
  `fCanceled` bit(1) NOT NULL DEFAULT b'0' COMMENT '已作废',
  `fCancelID` int(11) DEFAULT NULL COMMENT '作废人',
  `fDeliveryDate` date DEFAULT NULL COMMENT '交付日期',
  `fNumerBegin` int(11) DEFAULT NULL COMMENT '起始编号',
  `fQuant` int(11) DEFAULT NULL COMMENT '数量',
  `fPagePerVolumn` tinyint(4) DEFAULT NULL COMMENT '每本号数',
  `fNumerEnd` int(11) DEFAULT NULL COMMENT '结束编号',
  `fAvistaID` int(11) DEFAULT NULL COMMENT '每页单据数',
  `fTamanhoID` int(11) DEFAULT NULL COMMENT '尺寸',
  `fSucursal` bit(1) DEFAULT NULL COMMENT 'Sucursal 分公司',
  `fLogo` bit(1) DEFAULT b'0' COMMENT '标志',
  `fVendedorID` int(11) DEFAULT NULL COMMENT '销售人员',
  `fNrCopyID` int(11) DEFAULT NULL COMMENT '联次',
  `fContato` varchar(20) DEFAULT NULL COMMENT '联系人',
  `fCelular` varchar(15) DEFAULT NULL COMMENT '手机',
  `fTelefone` varchar(15) DEFAULT NULL COMMENT '电话',
  `fNote` varchar(255) DEFAULT NULL COMMENT '备注',
  `fDeliverViewed` bit(1) DEFAULT b'0' COMMENT '生产部已查阅',
  `fCreatedOrder` bit(1) DEFAULT b'0' COMMENT '已生成订单',
  `TS` timestamp NOT NULL DEFAULT CURRENT_TIMESTAMP ON UPDATE CURRENT_TIMESTAMP,
  PRIMARY KEY (`fOrderID`),
  KEY `iDelivererID` (`fDelivererID`),
  KEY `iOrderDate` (`fOrderDate`)
) ENGINE=InnoDB DEFAULT CHARSET=utf8
;

-- 导出  表 cedar.t_quotation_detail 结构
DROP TABLE IF EXISTS `t_quotation_detail`;
CREATE TABLE `t_quotation_detail` (
  `fID` int(11) NOT NULL AUTO_INCREMENT,
  `fOrderID` varchar(50) DEFAULT NULL,
  `fQuant` smallint(6) DEFAULT NULL,
  `fProductName` varchar(50) DEFAULT NULL,
  `fLength` decimal(10,3) DEFAULT NULL,
  `fWidth` decimal(10,3) DEFAULT NULL,
  `fPrice` decimal(11,2) DEFAULT NULL,
  `fAmount` decimal(11,2) DEFAULT NULL,
  `TS` timestamp NOT NULL DEFAULT CURRENT_TIMESTAMP ON UPDATE CURRENT_TIMESTAMP,
  PRIMARY KEY (`fID`)
) ENGINE=InnoDB DEFAULT CHARSET=utf8
;

-- 导出  表 cedar.t_receivables 结构
DROP TABLE IF EXISTS `t_receivables`;
CREATE TABLE `t_receivables` (
  `fID` int(11) NOT NULL AUTO_INCREMENT,
  `fCustomerID` int(11) NOT NULL,
  `fPaymentMethodID` int(11) NOT NULL COMMENT '收款方式',
  `fReceiptDate` date NOT NULL COMMENT '收款日期',
  `fAmountCollected` decimal(11,2) NOT NULL COMMENT '金额',
  `fPayeeID` int(11) NOT NULL COMMENT '收款人',
  `fNote` varchar(255) DEFAULT NULL COMMENT '备注',
  `TS` timestamp NULL DEFAULT CURRENT_TIMESTAMP ON UPDATE CURRENT_TIMESTAMP,
  `fOrderID` char(20) DEFAULT NULL COMMENT '对应单号',
  PRIMARY KEY (`fID`)
) ENGINE=InnoDB AUTO_INCREMENT=2 DEFAULT CHARSET=utf8
;
INSERT INTO `t_receivables` (`fID`, `fCustomerID`, `fPaymentMethodID`, `fReceiptDate`, `fAmountCollected`, `fPayeeID`, `fNote`, `TS`, `fOrderID`) VALUES 
(1, 2, 59, '2019-10-31', 2500.00, 20, Null, '2019-10-31 11:19:40', 'PO2019-1031000002');
-- 导出  表 cedar.t_supplier 结构
DROP TABLE IF EXISTS `t_supplier`;
CREATE TABLE `t_supplier` (
  `fSupplierID` int(11) NOT NULL AUTO_INCREMENT,
  `fSupplierName` varchar(50) NOT NULL COMMENT '客户名',
  `fNUIT` varchar(25) DEFAULT NULL COMMENT '税号',
  `fCity` varchar(30) DEFAULT NULL COMMENT '所在地 Mordo',
  `fContato` varchar(20) DEFAULT NULL COMMENT '联系人',
  `fAreaCode` varchar(15) DEFAULT NULL COMMENT '区号',
  `fCelular` varchar(15) DEFAULT NULL COMMENT '手机',
  `fTelefone` varchar(15) DEFAULT NULL COMMENT '电话',
  `fEndereco` varchar(15) DEFAULT NULL COMMENT '地址',
  `fEmail` varchar(50) DEFAULT NULL COMMENT '电子邮件',
  `fWeb` varchar(50) DEFAULT NULL COMMENT '主页',
  `fFax` varchar(15) DEFAULT NULL COMMENT '传真',
  `fNote` varchar(255) DEFAULT NULL,
  `TS` timestamp NOT NULL DEFAULT CURRENT_TIMESTAMP ON UPDATE CURRENT_TIMESTAMP,
  `fTaxRegCer` varchar(50) DEFAULT NULL COMMENT '税务登记证',
  PRIMARY KEY (`fSupplierID`),
  UNIQUE KEY `OnlyOne` (`fSupplierName`),
  UNIQUE KEY `fNUIT` (`fNUIT`)
) ENGINE=InnoDB AUTO_INCREMENT=2 DEFAULT CHARSET=utf8
;
INSERT INTO `t_supplier` (`fSupplierID`, `fSupplierName`, `fNUIT`, `fCity`, `fContato`, `fAreaCode`, `fCelular`, `fTelefone`, `fEndereco`, `fEmail`, `fWeb`, `fFax`, `fNote`, `TS`, `fTaxRegCer`) VALUES 
(1, 'WEI ZHI', Null, Null, Null, Null, Null, Null, Null, Null, Null, Null, Null, '2019-10-30 11:06:55', Null);
-- 导出  视图 cedar.v_enumeration 结构
DROP View IF EXISTS `v_enumeration`;
CREATE ALGORITHM=UNDEFINED DEFINER=`myordr_cedar`@`%` SQL SECURITY INVOKER VIEW `v_enumeration` AS select `t`.`fTypeID` AS `fTypeID`,`t`.`fTypeName` AS `fTypeName`,`e`.`fItemID` AS `fItemID`,`e`.`fTitle` AS `fTitle`,`e`.`fSpare1` AS `fSpare1`,`e`.`fSpare2` AS `fSpare2`,`e`.`fNote` AS `fNote` from (`t_enumeration_type` `t` left join `t_enumeration` `e` on((`t`.`fTypeID` = `e`.`fTypeID`)))
;
-- 导出  视图 cedar.v_order 结构
DROP View IF EXISTS `v_order`;
CREATE ALGORITHM=UNDEFINED DEFINER=`myordr_cedar`@`%` SQL SECURITY INVOKER VIEW `v_order` AS select `o`.`fOrderID` AS `fOrderID`,`o`.`fPrice` AS `fPrice`,`o`.`fCustomerID` AS `fCustomerID`,`o`.`fOrderDate` AS `fOrderDate`,`o`.`fEspecieID` AS `fEspecieID`,`o`.`fRequiredDeliveryDate` AS `fRequiredDeliveryDate`,`o`.`fCategoryID` AS `fCategoryID`,`o`.`fBrandMateriaID` AS `fBrandMateriaID`,`o`.`fAmount` AS `fAmount`,`o`.`fTax` AS `fTax`,`o`.`fPayable` AS `fPayable`,`o`.`fDesconto` AS `fDesconto`,`o`.`fColorID` AS `fColorID`,`o`.`fEntryID` AS `fEntryID`,(`o`.`fSubmited` + 0) AS `fSubmited`,`o`.`fSubmitID` AS `fSubmitID`,(`o`.`fReviewed` + 0) AS `fReviewed`,`o`.`fReviewerID` AS `fReviewerID`,(`o`.`fConfirmed` + 0) AS `fConfirmed`,`o`.`fConfirmID` AS `fConfirmID`,(`o`.`fDelivered` + 0) AS `fDelivered`,`o`.`fDelivererID` AS `fDelivererID`,(`o`.`fCanceled` + 0) AS `fCanceled`,(`o`.`fDeliverViewed` + 0) AS `fDeliverViewed`,`o`.`fCancelID` AS `fCancelID`,`o`.`fDeliveryDate` AS `fDeliveryDate`,`o`.`fNumerBegin` AS `fNumerBegin`,`o`.`fQuant` AS `fQuant`,`o`.`fPagePerVolumn` AS `fPagePerVolumn`,`o`.`fNumerEnd` AS `fNumerEnd`,`o`.`fAvistaID` AS `fAvistaID`,`o`.`fTamanhoID` AS `fTamanhoID`,(`o`.`fSucursal` + 0) AS `fSucursal`,(`o`.`fLogo` + 0) AS `fLogo`,`o`.`fVendedorID` AS `fVendedorID`,`o`.`fNrCopyID` AS `fNrCopyID`,`o`.`fContato` AS `fContato`,`o`.`fCelular` AS `fCelular`,`o`.`fTelefone` AS `fTelefone`,`o`.`fNote` AS `fNote`,`c`.`fTaxRegCer` AS `fTaxRegCer`,`c`.`fCustomerName` AS `fCustomerName`,`c`.`fNUIT` AS `fNUIT`,`c`.`fCity` AS `fCity`,`c`.`fEndereco` AS `fEndereco`,`c`.`fEmail` AS `fEmail`,(case `o`.`fSucursal` when 1 then 'SIM' else 'Non' end) AS `fSucursal1`,(case `o`.`fSubmited` when 1 then 'SIM' else '' end) AS `fSubmited1`,(case `o`.`fConfirmed` when 1 then 'SIM' else '' end) AS `fConfirmed1`,(case `o`.`fDelivered` when 1 then 'SIM' else '' end) AS `fDelivered1`,(case `o`.`fCanceled` when 1 then 'Canceled' else '' end) AS `fCanceled1`,(case `o`.`fDeliverViewed` when 1 then 'SIM' else '' end) AS `fDeliverViewed1`,(case `o`.`fLogo` when 1 then 'SIM' else 'Non' end) AS `fLogo1`,`u_Submited`.`fUsername` AS `fSubmit_Name`,`u_Entry`.`fUsername` AS `fEntry_Name`,`u_Reviewer`.`fUsername` AS `fReviewer_Name`,`u_Deliverer`.`fUsername` AS `fDeliverer_Name`,`u_Confirm`.`fUsername` AS `fConfirm_Name`,`u_Cancel`.`fUsername` AS `fCancel_Name`,`e_fEspecieID`.`fTitle` AS `fEspecie`,`e_fCategoryID`.`fTitle` AS `fCategory`,`e_fBrandMateriaID`.`fTitle` AS `fBrandMateria`,`e_fColorID`.`fTitle` AS `fColor`,`e_fAvistaID`.`fTitle` AS `fAvista`,`e_fTamanhoID`.`fTitle` AS `fTamanho`,`e_fVendedorID`.`fTitle` AS `fVendedor`,`e_fNrCopyID`.`fTitle` AS `fNrCopy` from (((((((((((((((`t_order` `o` left join `t_customer` `c` on((`o`.`fCustomerID` = `c`.`fCustomerID`))) left join `sysusers` `u_Submited` on((`o`.`fSubmitID` = `u_Submited`.`fUserID`))) left join `sysusers` `u_Entry` on((`o`.`fEntryID` = `u_Entry`.`fUserID`))) left join `sysusers` `u_Reviewer` on((`o`.`fReviewerID` = `u_Reviewer`.`fUserID`))) left join `sysusers` `u_Deliverer` on((`o`.`fDelivererID` = `u_Deliverer`.`fUserID`))) left join `sysusers` `u_Confirm` on((`o`.`fConfirmID` = `u_Confirm`.`fUserID`))) left join `sysusers` `u_Cancel` on((`o`.`fCancelID` = `u_Cancel`.`fUserID`))) left join `t_enumeration` `e_fEspecieID` on((`o`.`fEspecieID` = `e_fEspecieID`.`fItemID`))) left join `t_enumeration` `e_fCategoryID` on((`o`.`fCategoryID` = `e_fCategoryID`.`fItemID`))) left join `t_enumeration` `e_fBrandMateriaID` on((`o`.`fBrandMateriaID` = `e_fBrandMateriaID`.`fItemID`))) left join `t_enumeration` `e_fColorID` on((`o`.`fColorID` = `e_fColorID`.`fItemID`))) left join `t_enumeration` `e_fAvistaID` on((`o`.`fAvistaID` = `e_fAvistaID`.`fItemID`))) left join `t_enumeration` `e_fTamanhoID` on((`o`.`fTamanhoID` = `e_fTamanhoID`.`fItemID`))) left join `t_enumeration` `e_fVendedorID` on((`o`.`fVendedorID` = `e_fVendedorID`.`fItemID`))) left join `t_enumeration` `e_fNrCopyID` on((`o`.`fNrCopyID` = `e_fNrCopyID`.`fItemID`)))
;
-- 导出  视图 cedar.v_order_readonly 结构
DROP View IF EXISTS `v_order_readonly`;
CREATE ALGORITHM=UNDEFINED DEFINER=`myordr_cedar`@`%` SQL SECURITY INVOKER VIEW `v_order_readonly` AS select `t`.`fOrderID` AS `fOrderID`,`t`.`fPrice` AS `fPrice`,`t`.`fCustomerID` AS `fCustomerID`,`t`.`fOrderDate` AS `fOrderDate`,`t`.`fEspecieID` AS `fEspecieID`,`t`.`fRequiredDeliveryDate` AS `fRequiredDeliveryDate`,`t`.`fCategoryID` AS `fCategoryID`,`t`.`fBrandMateriaID` AS `fBrandMateriaID`,`t`.`fAmount` AS `fAmount`,`t`.`fTax` AS `fTax`,`t`.`fPayable` AS `fPayable`,`t`.`fDesconto` AS `fDesconto`,`t`.`fColorID` AS `fColorID`,`t`.`fEntryID` AS `fEntryID`,`t`.`fSubmited` AS `fSubmited`,`t`.`fSubmitID` AS `fSubmitID`,`t`.`fReviewed` AS `fReviewed`,`t`.`fReviewerID` AS `fReviewerID`,`t`.`fConfirmed` AS `fConfirmed`,`t`.`fConfirmID` AS `fConfirmID`,`t`.`fDelivered` AS `fDelivered`,`t`.`fDelivererID` AS `fDelivererID`,`t`.`fCanceled` AS `fCanceled`,`t`.`fCancelID` AS `fCancelID`,`t`.`fDeliveryDate` AS `fDeliveryDate`,`t`.`fNumerBegin` AS `fNumerBegin`,`t`.`fQuant` AS `fQuant`,`t`.`fPagePerVolumn` AS `fPagePerVolumn`,`t`.`fNumerEnd` AS `fNumerEnd`,`t`.`fAvistaID` AS `fAvistaID`,`t`.`fTamanhoID` AS `fTamanhoID`,`t`.`fSucursal` AS `fSucursal`,`t`.`fLogo` AS `fLogo`,`t`.`fVendedorID` AS `fVendedorID`,`t`.`fNrCopyID` AS `fNrCopyID`,`t`.`fContato` AS `fContato`,`t`.`fCelular` AS `fCelular`,`t`.`fTelefone` AS `fTelefone`,`t`.`fNote` AS `fNote`,`c`.`fCustomerName` AS `fCustomerName`,`c`.`fNUIT` AS `fNUIT`,`c`.`fCity` AS `fCity`,`c`.`fAreaCode` AS `fAreaCode`,`c`.`fEndereco` AS `fEndereco`,`c`.`fEmail` AS `fEmail`,`c`.`fWeb` AS `fWeb` from (`t_order` `t` left join `t_customer` `c` on((`t`.`fCustomerID` = `c`.`fCustomerID`)))
;
-- 导出  视图 cedar.v_product_outbound_order 结构
DROP View IF EXISTS `v_product_outbound_order`;
CREATE ALGORITHM=UNDEFINED DEFINER=`myordr_cedar`@`%` SQL SECURITY INVOKER VIEW `v_product_outbound_order` AS select `o`.`fOrderID` AS `fOrderID`,`o`.`fPrice` AS `fPrice`,`o`.`fCustomerID` AS `fCustomerID`,`o`.`fOrderDate` AS `fOrderDate`,`o`.`fRequiredDeliveryDate` AS `fRequiredDeliveryDate`,`o`.`fAmount` AS `fAmount`,`o`.`fTax` AS `fTax`,`o`.`fPayable` AS `fPayable`,`o`.`fDesconto` AS `fDesconto`,`o`.`fEntryID` AS `fEntryID`,(`o`.`fSubmited` + 0) AS `fSubmited`,`o`.`fSubmitID` AS `fSubmitID`,(`o`.`fReviewed` + 0) AS `fReviewed`,`o`.`fReviewerID` AS `fReviewerID`,(`o`.`fConfirmed` + 0) AS `fConfirmed`,`o`.`fConfirmID` AS `fConfirmID`,(`o`.`fDelivered` + 0) AS `fDelivered`,`o`.`fDelivererID` AS `fDelivererID`,(`o`.`fCanceled` + 0) AS `fCanceled`,`o`.`fCancelID` AS `fCancelID`,`o`.`fDeliveryDate` AS `fDeliveryDate`,`o`.`fQuant` AS `fQuant`,(`o`.`fSucursal` + 0) AS `fSucursal`,`o`.`fVendedorID` AS `fVendedorID`,`o`.`fContato` AS `fContato`,`o`.`fCelular` AS `fCelular`,`o`.`fTelefone` AS `fTelefone`,`o`.`fNote` AS `fNote`,`c`.`fTaxRegCer` AS `fTaxRegCer`,`c`.`fCustomerName` AS `fCustomerName`,`c`.`fNUIT` AS `fNUIT`,`c`.`fCity` AS `fCity`,`c`.`fEndereco` AS `fEndereco`,`c`.`fEmail` AS `fEmail`,(case `o`.`fSucursal` when 1 then 'SIM' else 'Non' end) AS `fSucursal1`,(case `o`.`fSubmited` when 1 then 'SIM' else '' end) AS `fSubmited1`,(case `o`.`fConfirmed` when 1 then 'SIM' else '' end) AS `fConfirmed1`,(case `o`.`fDelivered` when 1 then 'SIM' else '' end) AS `fDelivered1`,(case `o`.`fCanceled` when 1 then 'Canceled' else '' end) AS `fCanceled1`,`u_Submited`.`fUsername` AS `fSubmit_Name`,`u_Entry`.`fUsername` AS `fEntry_Name`,`u_Reviewer`.`fUsername` AS `fReviewer_Name`,`u_Deliverer`.`fUsername` AS `fDeliverer_Name`,`u_Confirm`.`fUsername` AS `fConfirm_Name`,`u_Cancel`.`fUsername` AS `fCancel_Name`,`e_fVendedorID`.`fTitle` AS `fVendedor` from ((((((((`t_product_outbound_order` `o` left join `t_customer` `c` on((`o`.`fCustomerID` = `c`.`fCustomerID`))) left join `sysusers` `u_Submited` on((`o`.`fSubmitID` = `u_Submited`.`fUserID`))) left join `sysusers` `u_Entry` on((`o`.`fEntryID` = `u_Entry`.`fUserID`))) left join `sysusers` `u_Reviewer` on((`o`.`fReviewerID` = `u_Reviewer`.`fUserID`))) left join `sysusers` `u_Deliverer` on((`o`.`fDelivererID` = `u_Deliverer`.`fUserID`))) left join `sysusers` `u_Confirm` on((`o`.`fConfirmID` = `u_Confirm`.`fUserID`))) left join `sysusers` `u_Cancel` on((`o`.`fCancelID` = `u_Cancel`.`fUserID`))) left join `t_enumeration` `e_fVendedorID` on((`o`.`fVendedorID` = `e_fVendedorID`.`fItemID`)))
;
-- 导出  视图 cedar.v_product_warehousereceipt_order 结构
DROP View IF EXISTS `v_product_warehousereceipt_order`;
CREATE ALGORITHM=UNDEFINED DEFINER=`myordr_cedar`@`%` SQL SECURITY INVOKER VIEW `v_product_warehousereceipt_order` AS select `o`.`fOrderID` AS `fOrderID`,`o`.`fPrice` AS `fPrice`,`o`.`fSupplierID` AS `fSupplierID`,`o`.`fOrderDate` AS `fOrderDate`,`o`.`fWarehousingDate` AS `fWarehousingDate`,`o`.`fAmount` AS `fAmount`,`o`.`fTax` AS `fTax`,`o`.`fPayable` AS `fPayable`,`o`.`fDesconto` AS `fDesconto`,`o`.`fEntryID` AS `fEntryID`,(`o`.`fSubmited` + 0) AS `fSubmited`,`o`.`fSubmitID` AS `fSubmitID`,(`o`.`fCanceled` + 0) AS `fCanceled`,`o`.`fCancelID` AS `fCancelID`,`o`.`fPurchaserID` AS `fPurchaserID`,`o`.`fContato` AS `fContato`,`o`.`fCelular` AS `fCelular`,`o`.`fTelefone` AS `fTelefone`,`o`.`fNote` AS `fNote`,`c`.`fTaxRegCer` AS `fTaxRegCer`,`c`.`fSupplierName` AS `fSupplierName`,`c`.`fNUIT` AS `fNUIT`,`c`.`fCity` AS `fCity`,`c`.`fEndereco` AS `fEndereco`,`c`.`fEmail` AS `fEmail`,(case `o`.`fSubmited` when 1 then 'SIM' else '' end) AS `fSubmited1`,(case `o`.`fCanceled` when 1 then 'Canceled' else '' end) AS `fCanceled1`,`u_Submited`.`fUsername` AS `fSubmit_Name`,`u_Entry`.`fUsername` AS `fEntry_Name`,`u_Cancel`.`fUsername` AS `fCancel_Name`,`e_fPurchaserID`.`fTitle` AS `fPurchaser` from (((((`t_product_warehousereceipt_order` `o` left join `t_supplier` `c` on((`o`.`fSupplierID` = `c`.`fSupplierID`))) left join `sysusers` `u_Submited` on((`o`.`fSubmitID` = `u_Submited`.`fUserID`))) left join `sysusers` `u_Entry` on((`o`.`fEntryID` = `u_Entry`.`fUserID`))) left join `sysusers` `u_Cancel` on((`o`.`fCancelID` = `u_Cancel`.`fUserID`))) left join `t_enumeration` `e_fPurchaserID` on((`o`.`fPurchaserID` = `e_fPurchaserID`.`fItemID`)))
;
-- 导出  视图 cedar.v_quotation 结构
DROP View IF EXISTS `v_quotation`;
CREATE ALGORITHM=UNDEFINED DEFINER=`myordr_cedar`@`%` SQL SECURITY INVOKER VIEW `v_quotation` AS select `o`.`fOrderID` AS `fOrderID`,`o`.`fPrice` AS `fPrice`,`o`.`fCustomerID` AS `fCustomerID`,`o`.`fOrderDate` AS `fOrderDate`,`o`.`fEspecieID` AS `fEspecieID`,`o`.`fRequiredDeliveryDate` AS `fRequiredDeliveryDate`,`o`.`fCategoryID` AS `fCategoryID`,`o`.`fBrandMateriaID` AS `fBrandMateriaID`,`o`.`fAmount` AS `fAmount`,`o`.`fTax` AS `fTax`,`o`.`fPayable` AS `fPayable`,`o`.`fDesconto` AS `fDesconto`,`o`.`fColorID` AS `fColorID`,`o`.`fEntryID` AS `fEntryID`,(`o`.`fSubmited` + 0) AS `fSubmited`,`o`.`fSubmitID` AS `fSubmitID`,(`o`.`fReviewed` + 0) AS `fReviewed`,`o`.`fReviewerID` AS `fReviewerID`,(`o`.`fConfirmed` + 0) AS `fConfirmed`,`o`.`fConfirmID` AS `fConfirmID`,(`o`.`fDelivered` + 0) AS `fDelivered`,`o`.`fDelivererID` AS `fDelivererID`,(`o`.`fCanceled` + 0) AS `fCanceled`,(`o`.`fDeliverViewed` + 0) AS `fDeliverViewed`,`o`.`fCancelID` AS `fCancelID`,`o`.`fDeliveryDate` AS `fDeliveryDate`,`o`.`fNumerBegin` AS `fNumerBegin`,`o`.`fQuant` AS `fQuant`,`o`.`fPagePerVolumn` AS `fPagePerVolumn`,`o`.`fNumerEnd` AS `fNumerEnd`,`o`.`fAvistaID` AS `fAvistaID`,`o`.`fTamanhoID` AS `fTamanhoID`,(`o`.`fSucursal` + 0) AS `fSucursal`,(`o`.`fLogo` + 0) AS `fLogo`,`o`.`fVendedorID` AS `fVendedorID`,`o`.`fNrCopyID` AS `fNrCopyID`,`o`.`fContato` AS `fContato`,`o`.`fCelular` AS `fCelular`,`o`.`fTelefone` AS `fTelefone`,`o`.`fNote` AS `fNote`,(`o`.`fCreatedOrder` + 0) AS `fCreatedOrder`,`c`.`fCustomerName` AS `fCustomerName`,`c`.`fNUIT` AS `fNUIT`,`c`.`fCity` AS `fCity`,`c`.`fEndereco` AS `fEndereco`,(case `o`.`fSucursal` when 1 then 'SIM' else 'Non' end) AS `fSucursal1`,(case `o`.`fSubmited` when 1 then 'SIM' else '' end) AS `fSubmited1`,(case `o`.`fConfirmed` when 1 then 'SIM' else '' end) AS `fConfirmed1`,(case `o`.`fDelivered` when 1 then 'SIM' else '' end) AS `fDelivered1`,(case `o`.`fCanceled` when 1 then 'Canceled' else '' end) AS `fCanceled1`,(case `o`.`fDeliverViewed` when 1 then 'SIM' else '' end) AS `fDeliverViewed1`,(case `o`.`fLogo` when 1 then 'SIM' else 'Non' end) AS `fLogo1`,`u_Submited`.`fUsername` AS `fSubmit_Name`,`u_Entry`.`fUsername` AS `fEntry_Name`,`u_Reviewer`.`fUsername` AS `fReviewer_Name`,`u_Deliverer`.`fUsername` AS `fDeliverer_Name`,`u_Confirm`.`fUsername` AS `fConfirm_Name`,`u_Cancel`.`fUsername` AS `fCancel_Name`,`e_fEspecieID`.`fTitle` AS `fEspecie`,`e_fCategoryID`.`fTitle` AS `fCategory`,`e_fBrandMateriaID`.`fTitle` AS `fBrandMateria`,`e_fColorID`.`fTitle` AS `fColor`,`e_fAvistaID`.`fTitle` AS `fAvista`,`e_fTamanhoID`.`fTitle` AS `fTamanho`,`e_fVendedorID`.`fTitle` AS `fVendedor`,`e_fNrCopyID`.`fTitle` AS `fNrCopy` from (((((((((((((((`t_quotation` `o` left join `t_customer` `c` on((`o`.`fCustomerID` = `c`.`fCustomerID`))) left join `sysusers` `u_Submited` on((`o`.`fSubmitID` = `u_Submited`.`fUserID`))) left join `sysusers` `u_Entry` on((`o`.`fEntryID` = `u_Entry`.`fUserID`))) left join `sysusers` `u_Reviewer` on((`o`.`fReviewerID` = `u_Reviewer`.`fUserID`))) left join `sysusers` `u_Deliverer` on((`o`.`fDelivererID` = `u_Deliverer`.`fUserID`))) left join `sysusers` `u_Confirm` on((`o`.`fConfirmID` = `u_Confirm`.`fUserID`))) left join `sysusers` `u_Cancel` on((`o`.`fCancelID` = `u_Cancel`.`fUserID`))) left join `t_enumeration` `e_fEspecieID` on((`o`.`fEspecieID` = `e_fEspecieID`.`fItemID`))) left join `t_enumeration` `e_fCategoryID` on((`o`.`fCategoryID` = `e_fCategoryID`.`fItemID`))) left join `t_enumeration` `e_fBrandMateriaID` on((`o`.`fBrandMateriaID` = `e_fBrandMateriaID`.`fItemID`))) left join `t_enumeration` `e_fColorID` on((`o`.`fColorID` = `e_fColorID`.`fItemID`))) left join `t_enumeration` `e_fAvistaID` on((`o`.`fAvistaID` = `e_fAvistaID`.`fItemID`))) left join `t_enumeration` `e_fTamanhoID` on((`o`.`fTamanhoID` = `e_fTamanhoID`.`fItemID`))) left join `t_enumeration` `e_fVendedorID` on((`o`.`fVendedorID` = `e_fVendedorID`.`fItemID`))) left join `t_enumeration` `e_fNrCopyID` on((`o`.`fNrCopyID` = `e_fNrCopyID`.`fItemID`)))
;
-- 导出  视图 cedar.v_receivables 结构
DROP View IF EXISTS `v_receivables`;
CREATE ALGORITHM=UNDEFINED DEFINER=`myordr_cedar`@`%` SQL SECURITY INVOKER VIEW `v_receivables` AS select `r`.`fID` AS `fID`,`r`.`fCustomerID` AS `fCustomerID`,`c`.`fCustomerName` AS `fCustomerName`,`r`.`fReceiptDate` AS `fReceiptDate`,`r`.`fAmountCollected` AS `fAmountCollected`,`r`.`fOrderID` AS `fOrderID`,`u`.`fUsername` AS `fPayee`,`skfs`.`fTitle` AS `fPaymentMethod`,`r`.`fNote` AS `fNote` from ((((`t_receivables` `r` left join `t_customer` `c` on((`r`.`fCustomerID` = `c`.`fCustomerID`))) left join `t_enumeration` `e` on((`r`.`fPaymentMethodID` = `e`.`fItemID`))) left join `sysusers` `u` on((`r`.`fPayeeID` = `u`.`fUserID`))) left join `t_enumeration` `skfs` on((`r`.`fPaymentMethodID` = `skfs`.`fItemID`)))
;
