-- 导出  表 myorder_python.sysconfig 结构
DROP TABLE IF EXISTS `sysconfig`;
CREATE TABLE `sysconfig` (
  `fID` int(11) NOT NULL AUTO_INCREMENT,
  `fName` varchar(50) DEFAULT NULL,
  `fValueInt` int(11) DEFAULT NULL,
  `fValueStr` text,
  `fValueBool` bit(1) DEFAULT NULL,
  `fValueDate` date DEFAULT NULL,
  `fValueDateTime` datetime DEFAULT NULL,
  `TS` timestamp NULL DEFAULT CURRENT_TIMESTAMP,
  PRIMARY KEY (`fID`)
) ENGINE=InnoDB AUTO_INCREMENT=3 DEFAULT CHARSET=utf8
;
INSERT INTO `sysconfig` (`fID`, `fName`, `fValueInt`, `fValueStr`, `fValueBool`, `fValueDate`, `fValueDateTime`, `TS`) VALUES 
(1, 'Note_PrintingOrder', Null, 'Note:
Esta ordem sera entregue em 10 dias de trabalho, se esta for urgente,e necessario pagar mais 20%. Para que nao afecte os trrabalhos diarios da vossa empresa,por favor, encomendem a vossa ordem  o mais rapido possivel.
', Null, Null, Null, Null), 
	(2, 'Bank_Account', Null, 'Conta Bancaria:  MOZA BANCO
Nome da Conta: COLOPRO SINGS & PRINTING
No da Conta: 1546631810001
NIB: 003400001546631810159', Null, Null, Null, '2019-09-04 16:57:54');
-- 导出  表 myorder_python.sysnavigationmenus 结构
DROP TABLE IF EXISTS `sysnavigationmenus`;
CREATE TABLE `sysnavigationmenus` (
  `fNMID` int(11) NOT NULL AUTO_INCREMENT COMMENT '编号',
  `fDispIndex` int(11) DEFAULT NULL COMMENT '显示顺序',
  `fParentId` int(11) DEFAULT NULL COMMENT '上级编号',
  `fEnabled` bit(1) NOT NULL DEFAULT b'1' COMMENT '可用',
  `fMenuText` char(60) DEFAULT NULL COMMENT '文本',
  `fCommand` tinyint(4) NOT NULL DEFAULT '0' COMMENT '命令',
  `fObjectName` char(50) DEFAULT NULL COMMENT '对象名',
  `fFormMode` tinyint(2) DEFAULT NULL COMMENT '模式',
  `fArg` char(255) DEFAULT NULL COMMENT '参数',
  `fIcon` char(50) DEFAULT NULL COMMENT '图标',
  `fDefault` bit(1) NOT NULL DEFAULT b'0' COMMENT '默认',
  `fNodeBackvolor` int(11) DEFAULT NULL COMMENT '背景色',
  `fNodeForeColor` int(11) DEFAULT NULL COMMENT '前景色',
  `fNodeFontBold` tinyint(1) NOT NULL DEFAULT '0' COMMENT '加粗',
  `fExpanded` tinyint(1) NOT NULL DEFAULT '1' COMMENT '展开',
  `fDescription` char(255) DEFAULT NULL COMMENT '说明',
  `fLevel` bit(1) NOT NULL DEFAULT b'0' COMMENT '级别',
  `fIsCommandButton` bit(1) DEFAULT b'0' COMMENT '是否按钮',
  `TS` timestamp NOT NULL DEFAULT CURRENT_TIMESTAMP ON UPDATE CURRENT_TIMESTAMP,
  PRIMARY KEY (`fNMID`),
  KEY `ParentID` (`fParentId`)
) ENGINE=InnoDB AUTO_INCREMENT=151 DEFAULT CHARSET=utf8
;
INSERT INTO `sysnavigationmenus` (`fNMID`, `fDispIndex`, `fParentId`, `fEnabled`, `fMenuText`, `fCommand`, `fObjectName`, `fFormMode`, `fArg`, `fIcon`, `fDefault`, `fNodeBackvolor`, `fNodeForeColor`, `fNodeFontBold`, `fExpanded`, `fDescription`, `fLevel`, `fIsCommandButton`, `TS`) VALUES 
(1, 110, 0, 1, 'Function', 0, '', 0, '', 'home', 1, Null, Null, 0, 1, '', 0, 0, '2019-04-20 13:45:28'), 
	(2, 40, 71, 1, 'Order', 2, 'f_Order', -1, '', 'application_form.png', 0, Null, Null, 0, 0, '', 0, 0, '2019-05-17 14:14:36'), 
	(6, 190, 1, 0, 'Design', 0, '', 0, '', '', 0, Null, Null, 0, 1, '', 0, 0, '2019-05-17 13:52:42'), 
	(9, 200, 1, 1, 'Payment', 2, 'f_PaymentOrder', -1, '', 'payment.png', 0, Null, Null, 0, 0, '', 0, 0, '2019-05-17 14:02:56'), 
	(10, 450, 11, 1, 'Enumeration', 2, 'SysfrmEnumeration', -1, '', 'enum.png', 0, Null, Null, 0, 0, '', 0, 0, '2019-05-17 14:03:01'), 
	(11, 440, 1, 1, 'Setup', 0, '', 0, '', 'setup.png', 0, Null, Null, 0, 1, '', 0, 0, '2019-07-18 11:38:11'), 
	(12, 999999990, 1, 1, 'Exit', 3, 'Application_Quit', 0, '', 'exit.png', 1, Null, Null, 0, 0, '', 0, 0, '2019-05-17 13:53:18'), 
	(13, 120, 11, 1, 'User', 2, 'SysfrmUsers', -1, '', 'user.png', 0, Null, Null, 0, 0, '', 0, 0, '2019-05-17 13:53:30'), 
	(14, 480, 11, 1, 'Config', 2, 'SysfrmConfig', -1, '', 'config.png', 0, Null, Null, 0, 0, '', 0, 0, '2019-05-17 13:58:46'), 
	(15, 300, 1, 1, 'Complete', 2, 'f_Complete', -1, '', 'delivery.png', 0, Null, Null, 0, 0, '', 0, 0, '2019-05-17 13:51:54'), 
	(17, 510, 11, 1, 'Help', 2, 'f_Help', -1, '', 'help.png', 1, Null, Null, 0, 0, '', 0, 0, '2019-05-17 13:51:30'), 
	(18, 350, 1, 1, 'Adjustment', 2, 'f_Adjustment', -1, '', 'edit.png', 0, Null, Null, 0, 0, '', 0, 0, '2019-05-17 13:58:10'), 
	(19, 500, 11, 1, 'Language', 2, 'SysfrmLanguage', -1, '', 'translate.png', 0, Null, Null, 0, 0, '', 0, 0, '2019-05-20 12:26:58'), 
	(20, 250, 1, 1, 'Receivables', 2, 'f_Receivables', -1, '', 'Receivables.png', 0, Null, Null, 0, 0, '', 0, 0, '2019-07-18 11:33:38'), 
	(21, 410, 1, 1, 'Report', 0, '', 0, '', 'reports.png', 0, Null, Null, 0, 1, '', 0, 0, '2019-05-17 14:14:29'), 
	(22, 420, 21, 1, 'RecYearReport', 2, 'f_report_day', -1, '', 'month.png', 0, Null, Null, 0, 0, '', 0, 0, '2019-05-17 13:59:06'), 
	(54, 520, 1, 1, 'Quotation', 0, '', 0, Null, 'folder.png', 0, Null, Null, 0, 1, Null, 0, 0, '2019-05-17 13:50:09'), 
	(55, 530, 54, 1, 'PrintingOrderQuotation', 2, 'f_Quotation_Prt', -1, Null, 'folder.png', 0, Null, Null, 0, 0, Null, 0, 0, '2019-05-17 14:21:00'), 
	(56, 540, 54, 1, 'OrderQuotation', 2, 'f_Quotation_O', -1, Null, 'OrderQuotation.png', 0, Null, Null, 0, 0, Null, 0, 0, '2019-07-18 11:35:56'), 
	(71, 10, 1, 1, 'Order', 0, '', 0, Null, 'folder.png', 0, Null, Null, 0, 1, Null, 0, 0, '2019-05-17 13:50:09'), 
	(72, 50, 71, 1, 'PrintOrder', 2, 'f_PrintingOrder', -1, Null, 'folder.png', 0, Null, Null, 0, 0, Null, 0, 0, '2019-05-17 14:21:11'), 
	(73, 30, 1, 1, 'Customer', 2, 'f_Customer', -1, Null, 'customers.png', 0, Null, Null, 0, 0, Null, 0, 0, '2019-05-17 14:16:14'), 
	(80, 800, 14, 1, 'Ok', 0, 'CmdOk', Null, Null, 'Ok.png', 0, Null, Null, 0, 1, Null, 0, 1, '2019-07-15 18:38:01'), 
	(81, 202, 2, 1, 'Edit', 0, 'CmdEdit', Null, Null, 'Edit.png', 0, Null, Null, 0, 1, Null, 0, 1, '2019-08-23 12:22:17'), 
	(82, 201, 2, 1, 'New', 0, 'CmdNew', Null, Null, 'New.png', 0, Null, Null, 0, 1, Null, 0, 1, '2019-08-23 12:22:19'), 
	(83, 207, 2, 1, 'ExportToExcel', 0, 'CmdExportToExcel', Null, Null, 'ExportToExcel.png', 0, Null, Null, 0, 1, Null, 0, 1, '2019-08-24 10:06:14'), 
	(84, 203, 2, 1, 'Browse', 0, 'CmdBrowse', Null, Null, 'Browse.png', 0, Null, Null, 0, 1, Null, 0, 1, '2019-08-29 16:08:16'), 
	(85, 204, 2, 1, 'Submit', 0, 'CmdSubmit', Null, Null, 'Submit.png', 0, Null, Null, 0, 1, Null, 0, 1, '2019-08-23 12:22:26'), 
	(86, 205, 2, 1, 'Refresh', 0, 'CmdRefresh', Null, Null, 'Refresh.png', 0, Null, Null, 0, 1, Null, 0, 1, '2019-08-23 12:22:28'), 
	(87, 206, 2, 1, 'Search', 0, 'CmdSearch', Null, Null, 'folder_explore.ico', 0, Null, Null, 0, 1, Null, 0, 1, '2019-08-28 18:14:15'), 
	(88, 2001, 20, 1, 'Recibido', 0, 'CmdRecibido', Null, Null, 'Recibido.png', 0, Null, Null, 0, 1, Null, 0, 1, '2019-08-23 12:21:47'), 
	(89, 2005, 20, 1, 'ExportToExcel', 0, 'CmdExportToExcel', Null, Null, 'ExportToExcel.png', 0, Null, Null, 0, 1, Null, 0, 1, '2019-08-24 10:06:14'), 
	(90, 2003, 20, 1, 'Refresh', 0, 'CmdRefresh', Null, Null, 'Refresh.png', 0, Null, Null, 0, 1, Null, 0, 1, '2019-08-23 12:21:53'), 
	(91, 2004, 20, 1, 'DailyRreport', 0, 'CmdDailyRreport', Null, Null, 'DailyRreport.png', 0, Null, Null, 0, 1, Null, 0, 1, '2019-08-23 12:21:56'), 
	(92, 7302, 73, 1, 'Edit', 0, 'CmdEdit', Null, Null, 'Edit.png', 0, Null, Null, 0, 1, Null, 0, 1, '2019-08-22 19:36:41'), 
	(93, 7301, 73, 1, 'New', 0, 'CmdNew', Null, Null, 'New.png', 0, Null, Null, 0, 1, Null, 0, 1, '2019-08-22 19:36:36'), 
	(94, 7304, 73, 1, 'Refresh', 0, 'CmdRefresh', Null, Null, 'Refresh.png', 0, Null, Null, 0, 1, Null, 0, 1, '2019-08-22 19:36:50'), 
	(95, 950, 73, 1, 'Search', 0, 'CmdSearch', Null, Null, 'folder_explore.ico', 0, Null, Null, 0, 1, Null, 0, 1, '2019-08-28 18:14:15'), 
	(97, 970, 9, 1, 'Edit', 0, 'CmdEdit', Null, Null, 'Edit.png', 0, Null, Null, 0, 1, Null, 0, 1, '2019-07-15 18:38:01'), 
	(98, 980, 9, 1, 'Browse', 0, 'CmdBrowse', Null, Null, 'Browse.png', 0, Null, Null, 0, 1, Null, 0, 1, '2019-07-15 18:38:01'), 
	(99, 990, 9, 1, 'Search', 0, 'CmdSearch', Null, Null, 'folder_explore.ico', 0, Null, Null, 0, 1, Null, 0, 1, '2019-08-28 18:14:15'), 
	(100, 1000, 9, 1, 'Refresh', 0, 'CmdRefresh', Null, Null, 'Refresh.png', 0, Null, Null, 0, 1, Null, 0, 1, '2019-07-15 18:38:01'), 
	(101, 982, 9, 1, 'Confirm', 0, 'CmdConfirm', Null, Null, 'tick.ico', 0, Null, Null, 0, 1, Null, 0, 1, '2019-08-29 00:10:12'), 
	(102, 1020, 9, 1, 'ExportToExcel', 0, 'CmdExportToExcel', Null, Null, 'ExportToExcel.png', 0, Null, Null, 0, 1, Null, 0, 1, '2019-08-24 10:06:14'), 
	(103, 7202, 72, 1, 'Edit', 0, 'CmdEdit', Null, Null, 'Edit.png', 0, Null, Null, 0, 1, Null, 0, 1, '2019-08-22 19:29:54'), 
	(104, 7201, 72, 1, 'New', 0, 'CmdNew', Null, Null, 'New.png', 0, Null, Null, 0, 1, Null, 0, 1, '2019-08-22 19:29:50'), 
	(105, 7207, 72, 1, 'ExportToExcel', 0, 'CmdExportToExcel', Null, Null, 'ExportToExcel.png', 0, Null, Null, 0, 1, Null, 0, 1, '2019-08-24 10:06:14'), 
	(106, 7203, 72, 1, 'Browse', 0, 'CmdBrowse', Null, Null, 'Browse.png', 0, Null, Null, 0, 1, Null, 0, 1, '2019-08-22 19:30:15'), 
	(107, 7204, 72, 1, 'Submit', 0, 'CmdSubmit', Null, Null, 'Submit.png', 0, Null, Null, 0, 1, Null, 0, 1, '2019-08-22 19:30:08'), 
	(108, 7205, 72, 1, 'Refresh', 0, 'CmdRefresh', Null, Null, 'Refresh.png', 0, Null, Null, 0, 1, Null, 0, 1, '2019-08-22 19:30:23'), 
	(109, 7206, 72, 1, 'Search', 0, 'CmdSearch', Null, Null, 'folder_explore.ico', 0, Null, Null, 0, 1, Null, 0, 1, '2019-08-28 18:14:15'), 
	(110, 1501, 15, 1, 'Complete', 0, 'CmdComplete', Null, Null, 'delivery.png', 0, Null, Null, 0, 1, Null, 0, 1, '2019-08-28 18:16:05'), 
	(111, 1506, 15, 1, 'ExportToExcel', 0, 'CmdExportToExcel', Null, Null, 'ExportToExcel.png', 0, Null, Null, 0, 1, Null, 0, 1, '2019-08-24 10:06:14'), 
	(112, 1502, 15, 1, 'Browse', 0, 'CmdBrowse', Null, Null, 'Browse.png', 0, Null, Null, 0, 1, Null, 0, 1, '2019-08-22 19:32:16'), 
	(113, 1503, 15, 1, 'Refresh', 0, 'CmdRefresh', Null, Null, 'Refresh.png', 0, Null, Null, 0, 1, Null, 0, 1, '2019-08-22 19:32:19'), 
	(114, 1504, 15, 1, 'Search', 0, 'CmdSearch', Null, Null, 'folder_explore.ico', 0, Null, Null, 0, 1, Null, 0, 1, '2019-08-28 18:14:15'), 
	(115, 5502, 55, 1, 'Edit', 0, 'CmdEdit', Null, Null, 'Edit.png', 0, Null, Null, 0, 1, Null, 0, 1, '2019-08-22 19:33:51'), 
	(116, 5501, 55, 1, 'New', 0, 'CmdNew', Null, Null, 'New.png', 0, Null, Null, 0, 1, Null, 0, 1, '2019-08-22 19:33:45'), 
	(117, 5507, 55, 1, 'ExportToExcel', 0, 'CmdExportToExcel', Null, Null, 'ExportToExcel.png', 0, Null, Null, 0, 1, Null, 0, 1, '2019-08-24 10:06:14'), 
	(118, 5503, 55, 1, 'Browse', 0, 'CmdBrowse', Null, Null, 'Browse.png', 0, Null, Null, 0, 1, Null, 0, 1, '2019-08-22 19:33:55'), 
	(119, 5504, 55, 1, 'Order', 0, 'CmdOrder', Null, Null, 'Order.png', 0, Null, Null, 0, 1, Null, 0, 1, '2019-08-22 19:34:04'), 
	(120, 5505, 55, 1, 'Refresh', 0, 'CmdRefresh', Null, Null, 'Refresh.png', 0, Null, Null, 0, 1, Null, 0, 1, '2019-08-22 19:34:09'), 
	(121, 5506, 55, 1, 'Search', 0, 'CmdSearch', Null, Null, 'folder_explore.ico', 0, Null, Null, 0, 1, Null, 0, 1, '2019-08-28 18:14:15'), 
	(122, 1804, 18, 1, 'Search', 0, 'CmdSearch', Null, Null, 'folder_explore.ico', 0, Null, Null, 0, 1, Null, 0, 1, '2019-08-28 18:14:15'), 
	(123, 1800, 18, 1, 'Adjustment', 0, 'CmdAdjustment', Null, Null, 'edit.png', 0, Null, Null, 0, 1, Null, 0, 1, '2019-08-28 18:15:28'), 
	(124, 1803, 18, 1, 'Refresh', 0, 'CmdRefresh', Null, Null, 'Refresh.png', 0, Null, Null, 0, 1, Null, 0, 1, '2019-08-22 19:33:13'), 
	(125, 1801, 18, 1, 'Browse', 0, 'CmdBrowse', Null, Null, 'Browse.png', 0, Null, Null, 0, 1, Null, 0, 1, '2019-08-22 19:32:48'), 
	(126, 1805, 18, 1, 'ExportToExcel', 0, 'CmdExportToExcel', Null, Null, 'ExportToExcel.png', 0, Null, Null, 0, 1, Null, 0, 1, '2019-08-24 10:06:14'), 
	(127, 1802, 18, 1, 'Cancel', 0, 'CmdCancel', Null, Null, 'Cancel.png', 0, Null, Null, 0, 1, Null, 0, 1, '2019-08-22 19:33:08'), 
	(128, 5602, 56, 1, 'Edit', 0, 'CmdEdit', Null, Null, 'Edit.png', 0, Null, Null, 0, 1, Null, 0, 1, '2019-08-22 19:34:51'), 
	(129, 5601, 56, 1, 'New', 0, 'CmdNew', Null, Null, 'New.png', 0, Null, Null, 0, 1, Null, 0, 1, '2019-08-22 19:34:34'), 
	(130, 5607, 56, 1, 'ExportToExcel', 0, 'CmdExportToExcel', Null, Null, 'ExportToExcel.png', 0, Null, Null, 0, 1, Null, 0, 1, '2019-08-24 10:06:14'), 
	(131, 5603, 56, 1, 'Browse', 0, 'CmdBrowse', Null, Null, 'Browse.png', 0, Null, Null, 0, 1, Null, 0, 1, '2019-08-22 19:34:55'), 
	(132, 5604, 56, 1, 'Order', 0, 'CmdOrder', Null, Null, 'Order.png', 0, Null, Null, 0, 1, Null, 0, 1, '2019-08-22 19:35:00'), 
	(133, 5605, 56, 1, 'Refresh', 0, 'CmdRefresh', Null, Null, 'Refresh.png', 0, Null, Null, 0, 1, Null, 0, 1, '2019-08-22 19:35:04'), 
	(134, 5606, 56, 1, 'Search', 0, 'CmdSearch', Null, Null, 'folder_explore.ico', 0, Null, Null, 0, 1, Null, 0, 1, '2019-08-28 18:14:15'), 
	(135, 1350, 13, 1, 'New', 0, 'CmdNew', Null, Null, 'New.png', 0, Null, Null, 0, 1, Null, 0, 1, '2019-07-15 18:38:01'), 
	(136, 1360, 13, 1, 'Delete', 0, 'CmdDelete', Null, Null, 'Delete.png', 0, Null, Null, 0, 1, Null, 0, 1, '2019-07-15 18:38:01'), 
	(137, 1370, 13, 1, 'Edit', 0, 'CmdEdit', Null, Null, 'Edit.png', 0, Null, Null, 0, 1, Null, 0, 1, '2019-07-15 18:38:01'), 
	(145, 7303, 73, 1, 'Delete', 0, 'CmdDelete', Null, Null, 'Delete.png', 0, Null, Null, 0, 1, Null, 0, 1, '2019-08-22 19:36:46'), 
	(147, 515, 11, 1, 'BackupData', 2, 'SysfrmBackupData', -1, Null, 'backup.png', 0, Null, Null, 0, 1, Null, 0, 0, '2019-05-17 14:20:51'), 
	(148, 411, 1, 1, 'CustomerArrears', 0, 'f_Customer_Arrears', -1, Null, 'query.png', 0, Null, Null, 0, 1, Null, 0, 0, '2019-08-22 20:33:41'), 
	(149, 2002, 20, 1, 'Edit', 0, 'CmdEdit', Null, Null, 'Edit.png', 0, Null, Null, 0, 1, Null, 0, 1, '2019-08-23 12:21:35'), 
	(150, 14801, 148, 1, 'ExportToExcel', 0, 'CmdExportToExcel', Null, Null, 'ExportToExcel.png', 0, Null, Null, 0, 1, Null, 0, 1, '2019-08-28 19:48:44');
-- 导出  表 myorder_python.systabelautokeyroles 结构
DROP TABLE IF EXISTS `systabelautokeyroles`;
CREATE TABLE `systabelautokeyroles` (
  `fRoleID` tinyint(4) NOT NULL AUTO_INCREMENT COMMENT '编号',
  `fRoleName` varchar(50) NOT NULL COMMENT '名称',
  `fTabelName` varchar(50) NOT NULL COMMENT '表名',
  `fFieldName` varchar(50) NOT NULL COMMENT '字段名',
  `fHasDateTime` bit(1) NOT NULL DEFAULT b'0' COMMENT '有时间',
  `fPreFix` varchar(50) NOT NULL COMMENT '前缀',
  `fCurrentValue` int(10) unsigned zerofill DEFAULT NULL COMMENT '当前值',
  `fLenght` tinyint(4) NOT NULL DEFAULT '6' COMMENT '长度',
  `fLastKey` varchar(255) DEFAULT NULL COMMENT '最后生成键值',
  `fDateFormat` varchar(50) DEFAULT NULL COMMENT '日期格式',
  `TS` timestamp NOT NULL DEFAULT CURRENT_TIMESTAMP ON UPDATE CURRENT_TIMESTAMP,
  PRIMARY KEY (`fRoleID`),
  UNIQUE KEY `PreFix` (`fPreFix`),
  KEY `LastKey` (`fLastKey`)
) ENGINE=InnoDB AUTO_INCREMENT=7 DEFAULT CHARSET=utf8
;
INSERT INTO `systabelautokeyroles` (`fRoleID`, `fRoleName`, `fTabelName`, `fFieldName`, `fHasDateTime`, `fPreFix`, `fCurrentValue`, `fLenght`, `fLastKey`, `fDateFormat`, `TS`) VALUES 
(1, 'OrderID', 't_order', 'forderID', 1, 'CP', 44, 6, 'CP2019-0912000044', 'yyyy-mmdd', '2019-09-12 15:56:31'), 
	(2, 'InkjetPrintingGuide_ID', 't_InkjetPrintingGuide', 'InkjetPrintingGuide_ID', 1, 'PG', 0, 6, '0', 'yyyy-mmdd', '2019-04-18 12:37:08'), 
	(3, 'Attachment', 't_InkjetPrintingGuide_Map', 'MapName', 1, 'ATT', 0, 10, '', 'yyyymmdd', '2019-04-18 12:37:08'), 
	(4, 'PrintingQuoteID', 't_quotation', 'fQuoteID', 1, 'QP', 1, 6, 'QP2019-0909000001', 'yyyy-mmdd', '2019-09-09 14:16:05'), 
	(5, 'PrintingOderID', 't_order', 'fOrderID', 1, 'TP', 7, 6, 'TP2019-0912000007', 'yyyy-mmdd', '2019-09-12 15:57:56'), 
	(6, 'OrderQuoteID', 't_Quotation', 'fQuoteID', 1, 'QS', 1, 6, 'QS2019-0909000001', 'yyyy-mmdd', '2019-09-09 14:17:17');
-- 导出  表 myorder_python.sysuserright 结构
DROP TABLE IF EXISTS `sysuserright`;
CREATE TABLE `sysuserright` (
  `fID` smallint(6) NOT NULL AUTO_INCREMENT COMMENT '编号',
  `fRightID` smallint(6) NOT NULL COMMENT '权限编号',
  `fUserID` smallint(6) NOT NULL COMMENT '用户编号',
  `fHasRight` bit(1) DEFAULT b'0' COMMENT '有权限',
  `TS` timestamp NOT NULL DEFAULT CURRENT_TIMESTAMP ON UPDATE CURRENT_TIMESTAMP,
  PRIMARY KEY (`fID`),
  UNIQUE KEY `UserID` (`fUserID`,`fRightID`)
) ENGINE=InnoDB AUTO_INCREMENT=846 DEFAULT CHARSET=utf8
;
INSERT INTO `sysuserright` (`fID`, `fRightID`, `fUserID`, `fHasRight`, `TS`) VALUES 
(1, 1, 2, 1, '2019-09-09 13:32:22'), 
	(2, 2, 2, 1, '2019-09-09 13:46:45'), 
	(3, 9, 2, 1, '2019-09-09 13:46:45'), 
	(4, 10, 2, 1, '2019-09-09 13:46:45'), 
	(5, 11, 2, 1, '2019-09-09 13:46:45'), 
	(6, 12, 2, 1, '2019-09-09 13:32:22'), 
	(7, 13, 2, 0, '2019-09-12 16:01:53'), 
	(8, 14, 2, 1, '2019-09-09 13:46:45'), 
	(9, 15, 2, 1, '2019-09-09 13:46:45'), 
	(10, 17, 2, 1, '2019-09-09 13:32:22'), 
	(11, 18, 2, 1, '2019-09-09 13:46:45'), 
	(12, 19, 2, 1, '2019-09-09 13:46:45'), 
	(13, 20, 2, 1, '2019-09-09 13:46:45'), 
	(14, 21, 2, 1, '2019-09-09 13:46:45'), 
	(15, 22, 2, 1, '2019-09-09 13:46:45'), 
	(16, 54, 2, 1, '2019-09-09 13:46:45'), 
	(17, 55, 2, 1, '2019-09-09 13:46:45'), 
	(18, 56, 2, 1, '2019-09-09 13:46:45'), 
	(19, 71, 2, 1, '2019-09-09 13:46:45'), 
	(20, 72, 2, 1, '2019-09-09 13:46:45'), 
	(21, 73, 2, 1, '2019-09-09 13:46:45'), 
	(22, 80, 2, 1, '2019-09-09 13:46:45'), 
	(23, 81, 2, 1, '2019-09-09 13:46:45'), 
	(24, 82, 2, 1, '2019-09-09 13:46:45'), 
	(25, 83, 2, 1, '2019-09-09 13:46:45'), 
	(26, 84, 2, 1, '2019-09-09 13:46:45'), 
	(27, 85, 2, 1, '2019-09-09 13:46:45'), 
	(28, 86, 2, 1, '2019-09-09 13:46:45'), 
	(29, 87, 2, 1, '2019-09-09 13:46:45'), 
	(30, 88, 2, 1, '2019-09-09 13:46:45'), 
	(31, 89, 2, 1, '2019-09-09 13:46:45'), 
	(32, 90, 2, 1, '2019-09-09 13:46:45'), 
	(33, 91, 2, 1, '2019-09-09 13:46:45'), 
	(34, 92, 2, 1, '2019-09-09 13:46:45'), 
	(35, 93, 2, 1, '2019-09-09 13:46:45'), 
	(36, 94, 2, 1, '2019-09-09 13:46:45'), 
	(37, 95, 2, 1, '2019-09-09 13:46:45'), 
	(38, 97, 2, 1, '2019-09-09 13:46:45'), 
	(39, 98, 2, 1, '2019-09-09 13:46:45'), 
	(40, 99, 2, 1, '2019-09-09 13:46:45'), 
	(41, 100, 2, 1, '2019-09-09 13:46:45'), 
	(42, 101, 2, 1, '2019-09-09 13:46:45'), 
	(43, 102, 2, 1, '2019-09-09 13:46:45'), 
	(44, 103, 2, 1, '2019-09-09 13:46:45'), 
	(45, 104, 2, 1, '2019-09-09 13:46:45'), 
	(46, 105, 2, 1, '2019-09-09 13:46:45'), 
	(47, 106, 2, 1, '2019-09-09 13:46:45'), 
	(48, 107, 2, 1, '2019-09-09 13:46:45'), 
	(49, 108, 2, 1, '2019-09-09 13:46:45'), 
	(50, 109, 2, 1, '2019-09-09 13:46:45'), 
	(51, 110, 2, 1, '2019-09-09 13:46:45'), 
	(52, 111, 2, 1, '2019-09-09 13:46:45'), 
	(53, 112, 2, 1, '2019-09-09 13:46:45'), 
	(54, 113, 2, 1, '2019-09-09 13:46:45'), 
	(55, 114, 2, 1, '2019-09-09 13:46:45'), 
	(56, 115, 2, 1, '2019-09-09 13:46:45'), 
	(57, 116, 2, 1, '2019-09-09 13:46:45'), 
	(58, 117, 2, 1, '2019-09-09 13:46:45'), 
	(59, 118, 2, 1, '2019-09-09 13:46:45'), 
	(60, 119, 2, 1, '2019-09-09 13:46:45'), 
	(61, 120, 2, 1, '2019-09-09 13:46:45'), 
	(62, 121, 2, 1, '2019-09-09 13:46:45'), 
	(63, 122, 2, 1, '2019-09-09 13:46:45'), 
	(64, 123, 2, 1, '2019-09-09 13:46:45'), 
	(65, 124, 2, 1, '2019-09-09 13:46:45'), 
	(66, 125, 2, 1, '2019-09-09 13:46:45'), 
	(67, 126, 2, 1, '2019-09-09 13:46:45'), 
	(68, 127, 2, 1, '2019-09-09 13:46:45'), 
	(69, 128, 2, 1, '2019-09-09 13:46:45'), 
	(70, 129, 2, 1, '2019-09-09 13:46:45'), 
	(71, 130, 2, 1, '2019-09-09 13:46:45'), 
	(72, 131, 2, 1, '2019-09-09 13:46:45'), 
	(73, 132, 2, 1, '2019-09-09 13:46:45'), 
	(74, 133, 2, 1, '2019-09-09 13:46:45'), 
	(75, 134, 2, 1, '2019-09-09 13:46:45'), 
	(76, 135, 2, 1, '2019-09-09 13:46:45'), 
	(77, 136, 2, 1, '2019-09-09 13:46:45'), 
	(78, 137, 2, 1, '2019-09-09 13:46:45'), 
	(79, 145, 2, 1, '2019-09-09 13:46:45'), 
	(80, 147, 2, 1, '2019-09-09 13:46:45'), 
	(81, 148, 2, 1, '2019-09-09 13:46:45'), 
	(82, 149, 2, 1, '2019-09-09 13:46:45'), 
	(83, 150, 2, 1, '2019-09-09 13:46:45'), 
	(128, 1, 3, 1, '2019-09-09 13:44:31'), 
	(129, 2, 3, 1, '2019-09-09 13:45:46'), 
	(130, 9, 3, 0, '2019-09-09 13:44:31'), 
	(131, 10, 3, 0, '2019-09-09 13:44:31'), 
	(132, 11, 3, 0, '2019-09-09 13:44:31'), 
	(133, 12, 3, 1, '2019-09-09 13:44:31'), 
	(134, 13, 3, 0, '2019-09-09 13:44:31'), 
	(135, 14, 3, 0, '2019-09-09 13:44:31'), 
	(136, 15, 3, 1, '2019-09-09 13:45:46'), 
	(137, 17, 3, 1, '2019-09-09 13:44:31'), 
	(138, 18, 3, 0, '2019-09-09 13:44:31'), 
	(139, 19, 3, 0, '2019-09-09 13:44:31'), 
	(140, 20, 3, 0, '2019-09-09 13:44:31'), 
	(141, 21, 3, 1, '2019-09-09 13:45:46'), 
	(142, 22, 3, 1, '2019-09-09 13:45:46'), 
	(143, 54, 3, 1, '2019-09-09 15:02:51'), 
	(144, 55, 3, 0, '2019-09-09 13:44:31'), 
	(145, 56, 3, 1, '2019-09-09 13:45:46'), 
	(146, 71, 3, 1, '2019-09-09 13:45:46'), 
	(147, 72, 3, 1, '2019-09-12 16:01:34'), 
	(148, 73, 3, 1, '2019-09-12 14:58:40'), 
	(149, 80, 3, 0, '2019-09-09 13:44:31'), 
	(150, 81, 3, 1, '2019-09-09 13:45:46'), 
	(151, 82, 3, 1, '2019-09-09 13:45:46'), 
	(152, 83, 3, 1, '2019-09-09 13:45:46'), 
	(153, 84, 3, 1, '2019-09-09 13:45:46'), 
	(154, 85, 3, 1, '2019-09-09 13:45:46'), 
	(155, 86, 3, 1, '2019-09-09 13:45:46'), 
	(156, 87, 3, 1, '2019-09-09 13:45:46'), 
	(157, 88, 3, 0, '2019-09-09 13:44:31'), 
	(158, 89, 3, 0, '2019-09-09 13:44:31'), 
	(159, 90, 3, 0, '2019-09-09 13:44:31'), 
	(160, 91, 3, 0, '2019-09-09 13:44:31'), 
	(161, 92, 3, 0, '2019-09-12 12:09:57'), 
	(162, 93, 3, 1, '2019-09-09 13:45:46'), 
	(163, 94, 3, 0, '2019-09-09 13:44:31'), 
	(164, 95, 3, 1, '2019-09-12 14:58:40'), 
	(165, 97, 3, 0, '2019-09-09 13:44:31'), 
	(166, 98, 3, 0, '2019-09-09 13:44:31'), 
	(167, 99, 3, 0, '2019-09-09 13:44:31'), 
	(168, 100, 3, 0, '2019-09-09 13:44:31'), 
	(169, 101, 3, 0, '2019-09-09 13:44:31'), 
	(170, 102, 3, 0, '2019-09-09 13:44:31'), 
	(171, 103, 3, 1, '2019-09-12 16:01:34'), 
	(172, 104, 3, 1, '2019-09-12 16:01:34'), 
	(173, 105, 3, 1, '2019-09-12 16:01:34'), 
	(174, 106, 3, 1, '2019-09-12 16:01:34'), 
	(175, 107, 3, 1, '2019-09-12 16:01:34'), 
	(176, 108, 3, 1, '2019-09-12 16:01:34'), 
	(177, 109, 3, 1, '2019-09-12 16:01:34'), 
	(178, 110, 3, 0, '2019-09-09 13:44:31'), 
	(179, 111, 3, 0, '2019-09-09 13:44:31'), 
	(180, 112, 3, 1, '2019-09-09 13:45:46'), 
	(181, 113, 3, 0, '2019-09-09 13:44:31'), 
	(182, 114, 3, 0, '2019-09-09 13:44:31'), 
	(183, 115, 3, 0, '2019-09-09 13:44:31'), 
	(184, 116, 3, 0, '2019-09-09 13:44:31'), 
	(185, 117, 3, 0, '2019-09-09 13:44:31'), 
	(186, 118, 3, 0, '2019-09-09 13:44:31'), 
	(187, 119, 3, 0, '2019-09-09 13:44:31'), 
	(188, 120, 3, 0, '2019-09-09 13:44:31'), 
	(189, 121, 3, 0, '2019-09-09 13:44:31'), 
	(190, 122, 3, 0, '2019-09-09 13:44:31'), 
	(191, 123, 3, 0, '2019-09-09 13:44:31'), 
	(192, 124, 3, 0, '2019-09-09 13:44:31'), 
	(193, 125, 3, 0, '2019-09-09 13:44:31'), 
	(194, 126, 3, 0, '2019-09-09 13:44:31'), 
	(195, 127, 3, 0, '2019-09-09 13:44:31'), 
	(196, 128, 3, 1, '2019-09-09 13:45:46'), 
	(197, 129, 3, 1, '2019-09-09 13:45:46'), 
	(198, 130, 3, 1, '2019-09-09 13:45:46'), 
	(199, 131, 3, 1, '2019-09-09 13:45:46'), 
	(200, 132, 3, 1, '2019-09-09 13:45:46'), 
	(201, 133, 3, 1, '2019-09-09 13:45:46'), 
	(202, 134, 3, 1, '2019-09-09 13:45:46'), 
	(203, 135, 3, 0, '2019-09-09 13:44:31'), 
	(204, 136, 3, 0, '2019-09-09 13:44:31'), 
	(205, 137, 3, 0, '2019-09-09 13:44:31'), 
	(206, 145, 3, 0, '2019-09-09 13:44:31'), 
	(207, 147, 3, 0, '2019-09-09 13:44:31'), 
	(208, 148, 3, 1, '2019-09-09 13:45:46'), 
	(209, 149, 3, 0, '2019-09-09 13:44:31'), 
	(210, 150, 3, 1, '2019-09-09 13:45:46'), 
	(255, 1, 4, 1, '2019-09-09 13:49:22'), 
	(256, 2, 4, 0, '2019-09-09 13:49:22'), 
	(257, 9, 4, 0, '2019-09-09 13:49:22'), 
	(258, 10, 4, 0, '2019-09-09 13:49:22'), 
	(259, 11, 4, 0, '2019-09-09 13:49:22'), 
	(260, 12, 4, 1, '2019-09-09 13:49:22'), 
	(261, 13, 4, 0, '2019-09-09 13:49:22'), 
	(262, 14, 4, 0, '2019-09-09 13:49:22'), 
	(263, 15, 4, 1, '2019-09-09 13:50:28'), 
	(264, 17, 4, 1, '2019-09-09 13:49:22'), 
	(265, 18, 4, 0, '2019-09-09 13:49:22'), 
	(266, 19, 4, 0, '2019-09-09 13:49:22'), 
	(267, 20, 4, 0, '2019-09-09 13:49:22'), 
	(268, 21, 4, 1, '2019-09-09 13:50:28'), 
	(269, 22, 4, 1, '2019-09-09 13:50:28'), 
	(270, 54, 4, 1, '2019-09-09 13:50:28'), 
	(271, 55, 4, 1, '2019-09-09 13:50:28'), 
	(272, 56, 4, 0, '2019-09-09 13:49:22'), 
	(273, 71, 4, 1, '2019-09-09 13:50:28'), 
	(274, 72, 4, 1, '2019-09-09 13:50:28'), 
	(275, 73, 4, 1, '2019-09-09 13:50:28'), 
	(276, 80, 4, 0, '2019-09-09 13:49:22'), 
	(277, 81, 4, 0, '2019-09-09 13:49:22'), 
	(278, 82, 4, 0, '2019-09-09 13:49:22'), 
	(279, 83, 4, 0, '2019-09-09 13:49:22'), 
	(280, 84, 4, 0, '2019-09-09 13:49:22'), 
	(281, 85, 4, 0, '2019-09-09 13:49:22'), 
	(282, 86, 4, 0, '2019-09-09 13:49:22'), 
	(283, 87, 4, 0, '2019-09-09 13:49:22'), 
	(284, 88, 4, 0, '2019-09-09 13:49:22'), 
	(285, 89, 4, 0, '2019-09-09 13:49:22'), 
	(286, 90, 4, 0, '2019-09-09 13:49:22'), 
	(287, 91, 4, 0, '2019-09-09 13:49:22'), 
	(288, 92, 4, 0, '2019-09-09 13:49:22'), 
	(289, 93, 4, 1, '2019-09-09 13:50:28'), 
	(290, 94, 4, 0, '2019-09-09 13:49:22'), 
	(291, 95, 4, 1, '2019-09-09 13:50:28'), 
	(292, 97, 4, 0, '2019-09-09 13:49:22'), 
	(293, 98, 4, 0, '2019-09-09 13:49:22'), 
	(294, 99, 4, 0, '2019-09-09 13:49:22'), 
	(295, 100, 4, 0, '2019-09-09 13:49:22'), 
	(296, 101, 4, 0, '2019-09-09 13:49:22'), 
	(297, 102, 4, 0, '2019-09-09 13:49:22'), 
	(298, 103, 4, 1, '2019-09-09 13:50:28'), 
	(299, 104, 4, 1, '2019-09-09 13:50:28'), 
	(300, 105, 4, 1, '2019-09-09 13:50:28'), 
	(301, 106, 4, 1, '2019-09-09 13:50:28'), 
	(302, 107, 4, 1, '2019-09-09 13:50:28'), 
	(303, 108, 4, 1, '2019-09-09 13:50:28'), 
	(304, 109, 4, 1, '2019-09-09 13:50:28'), 
	(305, 110, 4, 0, '2019-09-09 13:49:22'), 
	(306, 111, 4, 0, '2019-09-09 13:49:22'), 
	(307, 112, 4, 1, '2019-09-09 13:50:28'), 
	(308, 113, 4, 0, '2019-09-09 13:49:22'), 
	(309, 114, 4, 0, '2019-09-09 13:49:22'), 
	(310, 115, 4, 1, '2019-09-09 13:50:28'), 
	(311, 116, 4, 1, '2019-09-09 13:50:28'), 
	(312, 117, 4, 1, '2019-09-09 13:50:28'), 
	(313, 118, 4, 1, '2019-09-09 13:50:28'), 
	(314, 119, 4, 1, '2019-09-09 13:50:28'), 
	(315, 120, 4, 1, '2019-09-09 13:50:28'), 
	(316, 121, 4, 1, '2019-09-09 13:50:28'), 
	(317, 122, 4, 0, '2019-09-09 13:49:22'), 
	(318, 123, 4, 0, '2019-09-09 13:49:22'), 
	(319, 124, 4, 0, '2019-09-09 13:49:22'), 
	(320, 125, 4, 0, '2019-09-09 13:49:22'), 
	(321, 126, 4, 0, '2019-09-09 13:49:22'), 
	(322, 127, 4, 0, '2019-09-09 13:49:22'), 
	(323, 128, 4, 0, '2019-09-09 13:49:22'), 
	(324, 129, 4, 0, '2019-09-09 13:49:22'), 
	(325, 130, 4, 0, '2019-09-09 13:49:22'), 
	(326, 131, 4, 0, '2019-09-09 13:49:22'), 
	(327, 132, 4, 0, '2019-09-09 13:49:22'), 
	(328, 133, 4, 0, '2019-09-09 13:49:22'), 
	(329, 134, 4, 0, '2019-09-09 13:49:22'), 
	(330, 135, 4, 0, '2019-09-09 13:49:22'), 
	(331, 136, 4, 0, '2019-09-09 13:49:22'), 
	(332, 137, 4, 0, '2019-09-09 13:49:22'), 
	(333, 145, 4, 0, '2019-09-09 13:49:22'), 
	(334, 147, 4, 0, '2019-09-09 13:49:22'), 
	(335, 148, 4, 1, '2019-09-09 13:50:28'), 
	(336, 149, 4, 0, '2019-09-09 13:49:22'), 
	(337, 150, 4, 1, '2019-09-09 13:50:28'), 
	(382, 1, 5, 1, '2019-09-09 13:51:10'), 
	(383, 2, 5, 1, '2019-09-09 14:58:01'), 
	(384, 9, 5, 1, '2019-09-09 13:54:13'), 
	(385, 10, 5, 0, '2019-09-09 13:51:10'), 
	(386, 11, 5, 0, '2019-09-09 13:51:10'), 
	(387, 12, 5, 1, '2019-09-09 13:51:10'), 
	(388, 13, 5, 0, '2019-09-09 13:51:10'), 
	(389, 14, 5, 0, '2019-09-09 13:51:10'), 
	(390, 15, 5, 1, '2019-09-09 13:54:13'), 
	(391, 17, 5, 1, '2019-09-09 13:51:10'), 
	(392, 18, 5, 0, '2019-09-09 13:51:10'), 
	(393, 19, 5, 0, '2019-09-09 13:51:10'), 
	(394, 20, 5, 1, '2019-09-09 13:54:13'), 
	(395, 21, 5, 0, '2019-09-09 13:51:10'), 
	(396, 22, 5, 0, '2019-09-09 13:51:10'), 
	(397, 54, 5, 0, '2019-09-09 13:51:10'), 
	(398, 55, 5, 0, '2019-09-09 13:51:10'), 
	(399, 56, 5, 0, '2019-09-09 13:51:10'), 
	(400, 71, 5, 1, '2019-09-09 13:54:13'), 
	(401, 72, 5, 1, '2019-09-09 13:54:13'), 
	(402, 73, 5, 1, '2019-09-09 13:54:13'), 
	(403, 80, 5, 0, '2019-09-09 13:51:10'), 
	(404, 81, 5, 0, '2019-09-09 13:51:10'), 
	(405, 82, 5, 0, '2019-09-09 13:51:10'), 
	(406, 83, 5, 0, '2019-09-09 13:51:10'), 
	(407, 84, 5, 1, '2019-09-09 13:54:13'), 
	(408, 85, 5, 0, '2019-09-09 13:51:10'), 
	(409, 86, 5, 0, '2019-09-09 13:51:10'), 
	(410, 87, 5, 1, '2019-09-09 13:54:13'), 
	(411, 88, 5, 1, '2019-09-09 13:54:13'), 
	(412, 89, 5, 1, '2019-09-09 13:54:13'), 
	(413, 90, 5, 1, '2019-09-09 13:54:13'), 
	(414, 91, 5, 1, '2019-09-09 13:54:13'), 
	(415, 92, 5, 0, '2019-09-09 13:51:10'), 
	(416, 93, 5, 0, '2019-09-09 13:51:10'), 
	(417, 94, 5, 1, '2019-09-09 13:54:13'), 
	(418, 95, 5, 1, '2019-09-09 13:54:13'), 
	(419, 97, 5, 1, '2019-09-09 13:54:13'), 
	(420, 98, 5, 1, '2019-09-09 13:54:13'), 
	(421, 99, 5, 1, '2019-09-09 13:54:13'), 
	(422, 100, 5, 1, '2019-09-09 13:54:13'), 
	(423, 101, 5, 1, '2019-09-09 13:54:13'), 
	(424, 102, 5, 1, '2019-09-09 13:54:13'), 
	(425, 103, 5, 0, '2019-09-09 13:51:10'), 
	(426, 104, 5, 0, '2019-09-09 13:51:10'), 
	(427, 105, 5, 0, '2019-09-09 13:51:10'), 
	(428, 106, 5, 1, '2019-09-09 13:54:13'), 
	(429, 107, 5, 0, '2019-09-09 13:51:10'), 
	(430, 108, 5, 0, '2019-09-09 13:51:10'), 
	(431, 109, 5, 1, '2019-09-09 13:54:13'), 
	(432, 110, 5, 0, '2019-09-09 13:51:10'), 
	(433, 111, 5, 0, '2019-09-09 13:51:10'), 
	(434, 112, 5, 1, '2019-09-09 13:54:13'), 
	(435, 113, 5, 0, '2019-09-09 13:51:10'), 
	(436, 114, 5, 0, '2019-09-09 13:51:10'), 
	(437, 115, 5, 0, '2019-09-09 13:51:10'), 
	(438, 116, 5, 0, '2019-09-09 13:51:10'), 
	(439, 117, 5, 0, '2019-09-09 13:51:10'), 
	(440, 118, 5, 0, '2019-09-09 13:51:10'), 
	(441, 119, 5, 0, '2019-09-09 13:51:10'), 
	(442, 120, 5, 0, '2019-09-09 13:51:10'), 
	(443, 121, 5, 0, '2019-09-09 13:51:10'), 
	(444, 122, 5, 0, '2019-09-09 13:51:10'), 
	(445, 123, 5, 0, '2019-09-09 13:51:10'), 
	(446, 124, 5, 0, '2019-09-09 13:51:10'), 
	(447, 125, 5, 0, '2019-09-09 13:51:10'), 
	(448, 126, 5, 0, '2019-09-09 13:51:10'), 
	(449, 127, 5, 0, '2019-09-09 13:51:10'), 
	(450, 128, 5, 0, '2019-09-09 13:51:10'), 
	(451, 129, 5, 0, '2019-09-09 13:51:10'), 
	(452, 130, 5, 0, '2019-09-09 13:51:10'), 
	(453, 131, 5, 0, '2019-09-09 13:51:10'), 
	(454, 132, 5, 0, '2019-09-09 13:51:10'), 
	(455, 133, 5, 0, '2019-09-09 13:51:10'), 
	(456, 134, 5, 0, '2019-09-09 13:51:10'), 
	(457, 135, 5, 0, '2019-09-09 13:51:10'), 
	(458, 136, 5, 0, '2019-09-09 13:51:10'), 
	(459, 137, 5, 0, '2019-09-09 13:51:10'), 
	(460, 145, 5, 0, '2019-09-09 13:51:10'), 
	(461, 147, 5, 0, '2019-09-09 13:51:10'), 
	(462, 148, 5, 1, '2019-09-09 13:54:13'), 
	(463, 149, 5, 1, '2019-09-09 13:54:13'), 
	(464, 150, 5, 1, '2019-09-09 13:54:13'), 
	(509, 1, 6, 1, '2019-09-09 13:57:24'), 
	(510, 2, 6, 1, '2019-09-09 13:58:34'), 
	(511, 9, 6, 0, '2019-09-09 13:57:24'), 
	(512, 10, 6, 0, '2019-09-09 13:57:24'), 
	(513, 11, 6, 0, '2019-09-09 13:57:24'), 
	(514, 12, 6, 1, '2019-09-09 13:57:24'), 
	(515, 13, 6, 0, '2019-09-09 13:57:24'), 
	(516, 14, 6, 0, '2019-09-09 13:57:24'), 
	(517, 15, 6, 1, '2019-09-09 13:58:34'), 
	(518, 17, 6, 1, '2019-09-09 13:57:24'), 
	(519, 18, 6, 0, '2019-09-09 13:57:24'), 
	(520, 19, 6, 0, '2019-09-09 13:57:24'), 
	(521, 20, 6, 0, '2019-09-09 13:57:24'), 
	(522, 21, 6, 0, '2019-09-09 13:57:24'), 
	(523, 22, 6, 0, '2019-09-09 13:57:24'), 
	(524, 54, 6, 0, '2019-09-09 13:57:24'), 
	(525, 55, 6, 0, '2019-09-09 13:57:24'), 
	(526, 56, 6, 0, '2019-09-09 13:57:24'), 
	(527, 71, 6, 1, '2019-09-09 13:58:34'), 
	(528, 72, 6, 1, '2019-09-09 13:58:34'), 
	(529, 73, 6, 0, '2019-09-09 13:57:24'), 
	(530, 80, 6, 0, '2019-09-09 13:57:24'), 
	(531, 81, 6, 0, '2019-09-09 13:57:24'), 
	(532, 82, 6, 0, '2019-09-09 13:57:24'), 
	(533, 83, 6, 0, '2019-09-09 13:57:24'), 
	(534, 84, 6, 1, '2019-09-09 13:58:34'), 
	(535, 85, 6, 0, '2019-09-09 13:57:24'), 
	(536, 86, 6, 1, '2019-09-09 13:58:34'), 
	(537, 87, 6, 1, '2019-09-09 13:58:34'), 
	(538, 88, 6, 0, '2019-09-09 13:57:24'), 
	(539, 89, 6, 0, '2019-09-09 13:57:24'), 
	(540, 90, 6, 0, '2019-09-09 13:57:24'), 
	(541, 91, 6, 0, '2019-09-09 13:57:24'), 
	(542, 92, 6, 0, '2019-09-09 13:57:24'), 
	(543, 93, 6, 0, '2019-09-09 13:57:24'), 
	(544, 94, 6, 0, '2019-09-09 13:57:24'), 
	(545, 95, 6, 0, '2019-09-09 13:57:24'), 
	(546, 97, 6, 0, '2019-09-09 13:57:24'), 
	(547, 98, 6, 0, '2019-09-09 13:57:24'), 
	(548, 99, 6, 0, '2019-09-09 13:57:24'), 
	(549, 100, 6, 0, '2019-09-09 13:57:24'), 
	(550, 101, 6, 0, '2019-09-09 13:57:24'), 
	(551, 102, 6, 0, '2019-09-09 13:57:24'), 
	(552, 103, 6, 0, '2019-09-09 13:57:24'), 
	(553, 104, 6, 0, '2019-09-09 13:57:24'), 
	(554, 105, 6, 0, '2019-09-09 13:57:24'), 
	(555, 106, 6, 1, '2019-09-09 13:58:34'), 
	(556, 107, 6, 0, '2019-09-09 13:57:24'), 
	(557, 108, 6, 1, '2019-09-09 13:58:34'), 
	(558, 109, 6, 1, '2019-09-09 13:58:34'), 
	(559, 110, 6, 1, '2019-09-09 13:58:34'), 
	(560, 111, 6, 1, '2019-09-09 13:58:34'), 
	(561, 112, 6, 1, '2019-09-09 13:58:34'), 
	(562, 113, 6, 1, '2019-09-09 13:58:34'), 
	(563, 114, 6, 1, '2019-09-09 13:58:34'), 
	(564, 115, 6, 0, '2019-09-09 13:57:24'), 
	(565, 116, 6, 0, '2019-09-09 13:57:24'), 
	(566, 117, 6, 0, '2019-09-09 13:57:24'), 
	(567, 118, 6, 0, '2019-09-09 13:57:24'), 
	(568, 119, 6, 0, '2019-09-09 13:57:24'), 
	(569, 120, 6, 0, '2019-09-09 13:57:24'), 
	(570, 121, 6, 0, '2019-09-09 13:57:24'), 
	(571, 122, 6, 0, '2019-09-09 13:57:24'), 
	(572, 123, 6, 0, '2019-09-09 13:57:24'), 
	(573, 124, 6, 0, '2019-09-09 13:57:24'), 
	(574, 125, 6, 0, '2019-09-09 13:57:24'), 
	(575, 126, 6, 0, '2019-09-09 13:57:24'), 
	(576, 127, 6, 0, '2019-09-09 13:57:24'), 
	(577, 128, 6, 0, '2019-09-09 13:57:24'), 
	(578, 129, 6, 0, '2019-09-09 13:57:24'), 
	(579, 130, 6, 0, '2019-09-09 13:57:24'), 
	(580, 131, 6, 0, '2019-09-09 13:57:24'), 
	(581, 132, 6, 0, '2019-09-09 13:57:24'), 
	(582, 133, 6, 0, '2019-09-09 13:57:24'), 
	(583, 134, 6, 0, '2019-09-09 13:57:24'), 
	(584, 135, 6, 0, '2019-09-09 13:57:24'), 
	(585, 136, 6, 0, '2019-09-09 13:57:24'), 
	(586, 137, 6, 0, '2019-09-09 13:57:24'), 
	(587, 145, 6, 0, '2019-09-09 13:57:24'), 
	(588, 147, 6, 0, '2019-09-09 13:57:24'), 
	(589, 148, 6, 1, '2019-09-09 13:58:34'), 
	(590, 149, 6, 0, '2019-09-09 13:57:24'), 
	(591, 150, 6, 1, '2019-09-11 10:50:25'), 
	(636, 1, 7, 1, '2019-09-09 13:59:06'), 
	(637, 2, 7, 1, '2019-09-09 13:59:55'), 
	(638, 9, 7, 1, '2019-09-09 13:59:55'), 
	(639, 10, 7, 1, '2019-09-09 13:59:55'), 
	(640, 11, 7, 1, '2019-09-09 13:59:55'), 
	(641, 12, 7, 1, '2019-09-09 13:59:06'), 
	(642, 13, 7, 1, '2019-09-09 13:59:55'), 
	(643, 14, 7, 1, '2019-09-09 13:59:55'), 
	(644, 15, 7, 1, '2019-09-09 13:59:55'), 
	(645, 17, 7, 1, '2019-09-09 13:59:06'), 
	(646, 18, 7, 1, '2019-09-09 13:59:55'), 
	(647, 19, 7, 1, '2019-09-09 13:59:55'), 
	(648, 20, 7, 1, '2019-09-09 13:59:55'), 
	(649, 21, 7, 1, '2019-09-09 13:59:55'), 
	(650, 22, 7, 1, '2019-09-09 13:59:55'), 
	(651, 54, 7, 1, '2019-09-09 13:59:55'), 
	(652, 55, 7, 1, '2019-09-09 13:59:55'), 
	(653, 56, 7, 1, '2019-09-09 13:59:55'), 
	(654, 71, 7, 1, '2019-09-09 13:59:55'), 
	(655, 72, 7, 1, '2019-09-09 13:59:55'), 
	(656, 73, 7, 1, '2019-09-09 13:59:55'), 
	(657, 80, 7, 1, '2019-09-09 13:59:55'), 
	(658, 81, 7, 1, '2019-09-09 13:59:55'), 
	(659, 82, 7, 1, '2019-09-09 13:59:55'), 
	(660, 83, 7, 1, '2019-09-09 13:59:55'), 
	(661, 84, 7, 1, '2019-09-09 13:59:55'), 
	(662, 85, 7, 1, '2019-09-09 13:59:55'), 
	(663, 86, 7, 1, '2019-09-09 13:59:55'), 
	(664, 87, 7, 1, '2019-09-09 13:59:55'), 
	(665, 88, 7, 1, '2019-09-09 13:59:55'), 
	(666, 89, 7, 1, '2019-09-09 13:59:55'), 
	(667, 90, 7, 1, '2019-09-09 13:59:55'), 
	(668, 91, 7, 1, '2019-09-09 13:59:55'), 
	(669, 92, 7, 1, '2019-09-09 13:59:55'), 
	(670, 93, 7, 1, '2019-09-09 13:59:55'), 
	(671, 94, 7, 1, '2019-09-09 13:59:55'), 
	(672, 95, 7, 1, '2019-09-09 13:59:55'), 
	(673, 97, 7, 1, '2019-09-09 13:59:55'), 
	(674, 98, 7, 1, '2019-09-09 13:59:55'), 
	(675, 99, 7, 1, '2019-09-09 13:59:55'), 
	(676, 100, 7, 1, '2019-09-09 13:59:55'), 
	(677, 101, 7, 1, '2019-09-09 13:59:55'), 
	(678, 102, 7, 1, '2019-09-09 13:59:55'), 
	(679, 103, 7, 1, '2019-09-09 13:59:55'), 
	(680, 104, 7, 1, '2019-09-09 13:59:55'), 
	(681, 105, 7, 1, '2019-09-09 13:59:55'), 
	(682, 106, 7, 1, '2019-09-09 13:59:55'), 
	(683, 107, 7, 1, '2019-09-09 13:59:55'), 
	(684, 108, 7, 1, '2019-09-09 13:59:55'), 
	(685, 109, 7, 1, '2019-09-09 13:59:55'), 
	(686, 110, 7, 1, '2019-09-09 13:59:55'), 
	(687, 111, 7, 1, '2019-09-09 13:59:55'), 
	(688, 112, 7, 1, '2019-09-09 13:59:55'), 
	(689, 113, 7, 1, '2019-09-09 13:59:55'), 
	(690, 114, 7, 1, '2019-09-09 13:59:55'), 
	(691, 115, 7, 1, '2019-09-09 13:59:55'), 
	(692, 116, 7, 1, '2019-09-09 13:59:55'), 
	(693, 117, 7, 1, '2019-09-09 13:59:55'), 
	(694, 118, 7, 1, '2019-09-09 13:59:55'), 
	(695, 119, 7, 1, '2019-09-09 13:59:55'), 
	(696, 120, 7, 1, '2019-09-09 13:59:55'), 
	(697, 121, 7, 1, '2019-09-09 13:59:55'), 
	(698, 122, 7, 1, '2019-09-09 13:59:55'), 
	(699, 123, 7, 1, '2019-09-09 13:59:55'), 
	(700, 124, 7, 1, '2019-09-09 13:59:55'), 
	(701, 125, 7, 1, '2019-09-09 13:59:55'), 
	(702, 126, 7, 1, '2019-09-09 13:59:55'), 
	(703, 127, 7, 1, '2019-09-09 13:59:55'), 
	(704, 128, 7, 1, '2019-09-09 13:59:55'), 
	(705, 129, 7, 1, '2019-09-09 13:59:55'), 
	(706, 130, 7, 1, '2019-09-09 13:59:55'), 
	(707, 131, 7, 1, '2019-09-09 13:59:55'), 
	(708, 132, 7, 1, '2019-09-09 13:59:55'), 
	(709, 133, 7, 1, '2019-09-09 13:59:55'), 
	(710, 134, 7, 1, '2019-09-09 13:59:55'), 
	(711, 135, 7, 1, '2019-09-09 13:59:55'), 
	(712, 136, 7, 1, '2019-09-09 13:59:55'), 
	(713, 137, 7, 1, '2019-09-09 13:59:55'), 
	(714, 145, 7, 1, '2019-09-09 13:59:55'), 
	(715, 147, 7, 1, '2019-09-09 13:59:55'), 
	(716, 148, 7, 1, '2019-09-09 13:59:55'), 
	(717, 149, 7, 1, '2019-09-09 13:59:55'), 
	(718, 150, 7, 1, '2019-09-09 13:59:55'), 
	(763, 1, 8, 1, '2019-09-09 14:45:41'), 
	(764, 2, 8, 1, '2019-09-09 14:46:23'), 
	(765, 9, 8, 0, '2019-09-09 14:45:41'), 
	(766, 10, 8, 0, '2019-09-09 14:45:41'), 
	(767, 11, 8, 0, '2019-09-09 14:45:41'), 
	(768, 12, 8, 1, '2019-09-09 14:45:41'), 
	(769, 13, 8, 0, '2019-09-09 14:45:41'), 
	(770, 14, 8, 0, '2019-09-09 14:45:41'), 
	(771, 15, 8, 1, '2019-09-09 14:46:23'), 
	(772, 17, 8, 1, '2019-09-09 14:45:41'), 
	(773, 18, 8, 0, '2019-09-09 14:45:41'), 
	(774, 19, 8, 0, '2019-09-09 14:45:41'), 
	(775, 20, 8, 0, '2019-09-09 14:45:41'), 
	(776, 21, 8, 0, '2019-09-11 10:52:57'), 
	(777, 22, 8, 0, '2019-09-11 10:52:57'), 
	(778, 54, 8, 1, '2019-09-09 15:07:42'), 
	(779, 55, 8, 0, '2019-09-09 14:45:41'), 
	(780, 56, 8, 1, '2019-09-09 14:46:23'), 
	(781, 71, 8, 1, '2019-09-09 14:46:23'), 
	(782, 72, 8, 0, '2019-09-09 14:45:41'), 
	(783, 73, 8, 1, '2019-09-09 14:46:23'), 
	(784, 80, 8, 0, '2019-09-09 14:45:41'), 
	(785, 81, 8, 1, '2019-09-09 14:46:23'), 
	(786, 82, 8, 1, '2019-09-09 14:46:23'), 
	(787, 83, 8, 1, '2019-09-09 14:46:23'), 
	(788, 84, 8, 1, '2019-09-09 14:46:23'), 
	(789, 85, 8, 1, '2019-09-09 14:46:23'), 
	(790, 86, 8, 1, '2019-09-09 14:46:23'), 
	(791, 87, 8, 1, '2019-09-09 14:46:23'), 
	(792, 88, 8, 0, '2019-09-09 14:45:41'), 
	(793, 89, 8, 0, '2019-09-09 14:45:41'), 
	(794, 90, 8, 0, '2019-09-09 14:45:41'), 
	(795, 91, 8, 0, '2019-09-09 14:45:41'), 
	(796, 92, 8, 0, '2019-09-12 12:10:05'), 
	(797, 93, 8, 1, '2019-09-09 14:46:23'), 
	(798, 94, 8, 0, '2019-09-09 14:45:41'), 
	(799, 95, 8, 1, '2019-09-09 14:46:23'), 
	(800, 97, 8, 0, '2019-09-09 14:45:41'), 
	(801, 98, 8, 0, '2019-09-09 14:45:41'), 
	(802, 99, 8, 0, '2019-09-09 14:45:41'), 
	(803, 100, 8, 0, '2019-09-09 14:45:41'), 
	(804, 101, 8, 0, '2019-09-09 14:45:41'), 
	(805, 102, 8, 0, '2019-09-09 14:45:41'), 
	(806, 103, 8, 0, '2019-09-09 14:45:41'), 
	(807, 104, 8, 0, '2019-09-09 14:45:41'), 
	(808, 105, 8, 0, '2019-09-09 14:45:41'), 
	(809, 106, 8, 0, '2019-09-09 14:45:41'), 
	(810, 107, 8, 0, '2019-09-09 14:45:41'), 
	(811, 108, 8, 0, '2019-09-09 14:45:41'), 
	(812, 109, 8, 0, '2019-09-09 14:45:41'), 
	(813, 110, 8, 0, '2019-09-11 10:52:57'), 
	(814, 111, 8, 0, '2019-09-09 14:45:41'), 
	(815, 112, 8, 1, '2019-09-11 10:52:57'), 
	(816, 113, 8, 0, '2019-09-09 14:45:41'), 
	(817, 114, 8, 0, '2019-09-09 14:45:41'), 
	(818, 115, 8, 0, '2019-09-09 14:45:41'), 
	(819, 116, 8, 0, '2019-09-09 14:45:41'), 
	(820, 117, 8, 0, '2019-09-09 14:45:41'), 
	(821, 118, 8, 0, '2019-09-09 14:45:41'), 
	(822, 119, 8, 0, '2019-09-09 14:45:41'), 
	(823, 120, 8, 0, '2019-09-09 14:45:41'), 
	(824, 121, 8, 0, '2019-09-09 14:45:41'), 
	(825, 122, 8, 0, '2019-09-09 14:45:41'), 
	(826, 123, 8, 0, '2019-09-09 14:45:41'), 
	(827, 124, 8, 0, '2019-09-09 14:45:41'), 
	(828, 125, 8, 0, '2019-09-09 14:45:41'), 
	(829, 126, 8, 0, '2019-09-09 14:45:41'), 
	(830, 127, 8, 0, '2019-09-09 14:45:41'), 
	(831, 128, 8, 1, '2019-09-09 14:46:23'), 
	(832, 129, 8, 1, '2019-09-09 14:46:23'), 
	(833, 130, 8, 1, '2019-09-09 14:46:23'), 
	(834, 131, 8, 1, '2019-09-09 14:46:23'), 
	(835, 132, 8, 1, '2019-09-09 14:46:23'), 
	(836, 133, 8, 1, '2019-09-09 14:46:23'), 
	(837, 134, 8, 1, '2019-09-09 14:46:23'), 
	(838, 135, 8, 0, '2019-09-09 14:45:41'), 
	(839, 136, 8, 0, '2019-09-09 14:45:41'), 
	(840, 137, 8, 0, '2019-09-09 14:45:41'), 
	(841, 145, 8, 0, '2019-09-09 14:45:41'), 
	(842, 147, 8, 0, '2019-09-09 14:45:41'), 
	(843, 148, 8, 1, '2019-09-09 14:46:23'), 
	(844, 149, 8, 0, '2019-09-09 14:45:41'), 
	(845, 150, 8, 1, '2019-09-09 14:46:23');
-- 导出  表 myorder_python.sysusers 结构
DROP TABLE IF EXISTS `sysusers`;
CREATE TABLE `sysusers` (
  `fUserID` int(11) NOT NULL AUTO_INCREMENT,
  `fOnline` bit(1) NOT NULL DEFAULT b'0',
  `fEnabled` bit(1) NOT NULL DEFAULT b'1',
  `fDepartment` varchar(20) DEFAULT NULL,
  `fUsername` varchar(20) NOT NULL,
  `fNickname` varchar(20) DEFAULT NULL,
  `fPassword` varchar(255) NOT NULL,
  `fRoleID` smallint(6) DEFAULT NULL,
  `fLastLoginComputer` char(50) DEFAULT NULL,
  `fLastLoginTime` datetime DEFAULT NULL,
  `fLoginID` varchar(255) DEFAULT NULL,
  `fNotes` varchar(255) DEFAULT NULL,
  `TS` timestamp NOT NULL DEFAULT CURRENT_TIMESTAMP ON UPDATE CURRENT_TIMESTAMP,
  PRIMARY KEY (`fUserID`),
  KEY `LoginID` (`fLoginID`),
  KEY `RoleID` (`fRoleID`)
) ENGINE=InnoDB AUTO_INCREMENT=9 DEFAULT CHARSET=utf8
;
INSERT INTO `sysusers` (`fUserID`, `fOnline`, `fEnabled`, `fDepartment`, `fUsername`, `fNickname`, `fPassword`, `fRoleID`, `fLastLoginComputer`, `fLastLoginTime`, `fLoginID`, `fNotes`, `TS`) VALUES 
(1, 0, 0, Null, 'admin', '管理员', '51e599aaf7f3bf4feba2a0f9166cd709', 1, Null, '2015-09-28 19:02:10', '{AF962165-3D2D-483B-A71B-D7D3F97502A4}', Null, '2019-09-09 13:35:45'), 
	(2, 0, 1, '管理员', 'shuang', '双', '6fa194ab9c1aa51ab90a2d1acb00956a', Null, Null, Null, Null, Null, '2019-09-09 13:32:19'), 
	(3, 0, 1, 'atenmento', 'atenmento-CP', 'CP', '51e599aaf7f3bf4feba2a0f9166cd709', Null, Null, Null, Null, Null, '2019-09-09 13:44:27'), 
	(4, 0, 1, 'atenmento', 'atenmento-TP', 'TP-Tipografias', '51e599aaf7f3bf4feba2a0f9166cd709', Null, Null, Null, Null, Null, '2019-09-09 13:49:19'), 
	(5, 0, 1, 'CAIXA', 'CAIXA', 'DANIELA', 'bf0c0472edbc1c88702492546ab5144f', Null, Null, Null, Null, Null, '2019-09-09 14:57:27'), 
	(6, 0, 1, 'ARMAZEM', 'ARMAZEM', 'VICENTE', '51e599aaf7f3bf4feba2a0f9166cd709', Null, Null, Null, Null, Null, '2019-09-11 13:25:45'), 
	(7, 0, 1, 'GUAN LI', 'BOSS', 'CANXIANG', 'ac93b0af7e8a039c60e824ceb62b30d5', Null, Null, Null, Null, Null, '2019-09-09 14:00:42'), 
	(8, 0, 1, 'atenmento', 'atenmento-cp02', 'cp02', '51e599aaf7f3bf4feba2a0f9166cd709', Null, Null, Null, Null, Null, '2019-09-09 14:45:38');
-- 导出  表 myorder_python.t_customer 结构
DROP TABLE IF EXISTS `t_customer`;
CREATE TABLE `t_customer` (
  `fCustomerID` int(11) NOT NULL AUTO_INCREMENT,
  `fCustomerName` varchar(50) NOT NULL COMMENT '客户名',
  `fNUIT` varchar(25) DEFAULT NULL COMMENT '税号',
  `fCity` varchar(30) DEFAULT NULL COMMENT '所在地 Mordo',
  `fContato` varchar(20) DEFAULT NULL COMMENT '联系人',
  `fAreaCode` varchar(15) DEFAULT NULL COMMENT '区号',
  `fCelular` varchar(15) DEFAULT NULL COMMENT '手机',
  `fTelefone` varchar(15) DEFAULT NULL COMMENT '电话',
  `fEndereco` varchar(15) DEFAULT NULL COMMENT '地址',
  `fEmail` varchar(50) DEFAULT NULL COMMENT '电子邮件',
  `fWeb` varchar(50) DEFAULT NULL COMMENT '主页',
  `fFax` varchar(15) DEFAULT NULL COMMENT '传真',
  `fNote` varchar(255) DEFAULT NULL,
  `TS` timestamp NOT NULL DEFAULT CURRENT_TIMESTAMP ON UPDATE CURRENT_TIMESTAMP,
  `fTaxRegCer` varchar(50) DEFAULT NULL COMMENT '税务登记证',
  PRIMARY KEY (`fCustomerID`),
  UNIQUE KEY `OnlyOne` (`fCustomerName`),
  UNIQUE KEY `fNUIT` (`fNUIT`)
) ENGINE=InnoDB AUTO_INCREMENT=34 DEFAULT CHARSET=utf8
;
INSERT INTO `t_customer` (`fCustomerID`, `fCustomerName`, `fNUIT`, `fCity`, `fContato`, `fAreaCode`, `fCelular`, `fTelefone`, `fEndereco`, `fEmail`, `fWeb`, `fFax`, `fNote`, `TS`, `fTaxRegCer`) VALUES 
(1, 'ZION', '400238472', 'NAMPULA', Null, Null, '877500800', Null, Null, Null, Null, Null, Null, '2019-09-09 14:08:20', Null), 
	(2, 'CHISSICO', Null, 'MAPUTO', Null, Null, '845470047', Null, Null, Null, Null, Null, Null, '2019-09-10 08:28:46', Null), 
	(3, 'ARTWE SERVICES', '108112174', 'MAPUTO', Null, Null, '873066544', Null, Null, Null, Null, Null, Null, '2019-09-10 08:57:30', Null), 
	(4, 'NHAULE SERIGRADIA', '400457980', 'MAPUTO', Null, Null, '848867498', Null, Null, Null, Null, Null, Null, '2019-09-10 09:28:22', Null), 
	(5, 'CHANDE', Null, 'MAPUTO', Null, Null, '846666552', Null, Null, Null, Null, Null, Null, '2019-09-10 10:14:34', Null), 
	(6, 'MILTON', Null, 'MAPUTO', Null, Null, '842387981', Null, Null, Null, Null, Null, Null, '2019-09-10 10:25:52', Null), 
	(7, 'KARINGANA MARKETING, LDA', '400713928', 'MAPUTO', Null, Null, '864131148', Null, Null, Null, Null, Null, Null, '2019-09-10 10:42:13', Null), 
	(8, 'ELIO', Null, 'MAPUTO', Null, Null, '844800508', Null, Null, Null, Null, Null, Null, '2019-09-10 13:48:45', Null), 
	(9, 'CHABANE', Null, 'MAPUTO', Null, Null, '844014538', Null, Null, Null, Null, Null, Null, '2019-09-10 16:08:55', Null), 
	(10, 'JALILO', Null, 'MAPUTO', Null, Null, '847320606', Null, Null, Null, Null, Null, Null, '2019-09-10 16:10:53', Null), 
	(11, 'MALACHE', Null, 'MAPUTO', Null, Null, '844644553', Null, Null, Null, Null, Null, Null, '2019-09-10 16:34:50', Null), 
	(12, 'TIPOGRAFIA PRELO CLASSICO, LDA', '400549036', 'MAPUTO', Null, Null, '847121496', Null, Null, Null, Null, Null, Null, '2019-09-10 16:39:55', Null), 
	(13, 'TSAMBA', Null, 'MAPUTO', Null, Null, '849339016', Null, Null, Null, Null, Null, Null, '2019-09-11 11:15:34', Null), 
	(14, 'ENGIE FENIX MOCAMBIQUE', '400998711', 'MAPUTO', Null, Null, '844339815', Null, Null, Null, Null, Null, Null, '2019-09-11 11:33:14', Null), 
	(15, 'HERCULANO', Null, 'MAPUTO', Null, Null, '849281997', Null, Null, Null, Null, Null, Null, '2019-09-11 13:11:41', Null), 
	(16, 'BOXOUTDOOR', Null, 'MAPUTO', Null, Null, '845510174', Null, Null, Null, Null, Null, Null, '2019-09-11 13:21:16', Null), 
	(17, 'DANIEL', Null, 'MAPUTO', Null, Null, '875448740', Null, Null, Null, Null, Null, Null, '2019-09-11 13:29:23', Null), 
	(18, 'PAULO ALBERTO', Null, 'MAPUTO', Null, Null, '840144022', Null, Null, Null, Null, Null, Null, '2019-09-11 13:40:01', Null), 
	(19, 'ARTMAN', Null, 'MAPUTO', Null, Null, '842554341', Null, Null, Null, Null, Null, Null, '2019-09-11 14:49:04', Null), 
	(20, 'JM GRAFICA', '400914461', 'MAPUTO', Null, Null, '845409718', Null, Null, Null, Null, Null, Null, '2019-09-11 15:47:39', Null), 
	(21, 'ANDRE', Null, 'MAPUTO', Null, Null, '847178387', Null, Null, Null, Null, Null, Null, '2019-09-11 15:59:15', Null), 
	(22, 'Vloide', Null, 'MAPUTO', Null, Null, '844035240', Null, Null, Null, Null, Null, Null, '2019-09-12 11:08:12', Null), 
	(23, 'GL GRAFICA', Null, 'MAPUTO', Null, Null, Null, Null, Null, Null, Null, Null, Null, '2019-09-12 11:23:26', Null), 
	(24, 'JORGE DANIEL', Null, 'MAPUTO', Null, Null, '846253749', Null, Null, Null, Null, Null, Null, '2019-09-12 11:30:27', Null), 
	(25, 'ANACLETO', Null, 'MAPUTO', Null, Null, '846246400', Null, Null, Null, Null, Null, Null, '2019-09-12 12:05:03', Null), 
	(26, 'GRAFICA CEDAR S. UPP. LDA', '401020411', 'MAPUTO', Null, Null, '870708888', Null, 'BAIRRO CENTRAL,', Null, Null, Null, Null, '2019-09-12 13:02:29', 'tax_reg_34d9b88185ed3e5ec3a377819add5dd8.jpg'), 
	(27, 'ARSBOX', Null, 'MAPUTO', Null, Null, '825504910', Null, Null, Null, Null, Null, Null, '2019-09-12 12:27:24', Null), 
	(28, 'MARIO', Null, 'MAPUTO', Null, Null, '866627712', Null, Null, Null, Null, Null, Null, '2019-09-12 13:13:05', Null), 
	(29, 'GRANDE VISION', Null, 'MAPUTO', Null, Null, '844848048', Null, Null, Null, Null, Null, Null, '2019-09-12 13:50:43', Null), 
	(30, 'SP ENTERPRISE', '400703051', 'MAPUTO', Null, Null, '863200730', Null, Null, Null, Null, Null, Null, '2019-09-12 14:19:06', Null), 
	(31, 'SERIGRAFIA MOCAMBICANA', '400220689', 'MAPUTO', Null, Null, '843200933', Null, Null, Null, Null, Null, Null, '2019-09-12 15:03:16', Null), 
	(32, 'RECHEIO', Null, 'MAPUTO', Null, Null, Null, Null, Null, Null, Null, Null, Null, '2019-09-12 15:40:29', Null), 
	(33, 'DGS', Null, 'MAPUTO', Null, Null, '846492820', Null, Null, Null, Null, Null, Null, '2019-09-12 15:55:20', Null);
-- 导出  表 myorder_python.t_enumeration 结构
DROP TABLE IF EXISTS `t_enumeration`;
CREATE TABLE `t_enumeration` (
  `fItemID` int(11) NOT NULL AUTO_INCREMENT COMMENT '选项编号',
  `fTypeID` int(11) NOT NULL,
  `fTitle` varchar(50) NOT NULL,
  `fSpare1` varchar(50) DEFAULT NULL COMMENT '备用1',
  `fSpare2` varchar(50) DEFAULT NULL COMMENT '备用2',
  `fNote` varchar(255) DEFAULT NULL,
  `TS` timestamp NOT NULL DEFAULT CURRENT_TIMESTAMP ON UPDATE CURRENT_TIMESTAMP,
  PRIMARY KEY (`fItemID`)
) ENGINE=InnoDB AUTO_INCREMENT=106 DEFAULT CHARSET=utf8
;
INSERT INTO `t_enumeration` (`fItemID`, `fTypeID`, `fTitle`, `fSpare1`, `fSpare2`, `fNote`, `TS`) VALUES 
(3, 5, 'PVC001', '', '', Null, '2019-04-05 08:22:05'), 
	(4, 5, 'PVC002', '', '', Null, '2019-04-05 08:22:05'), 
	(5, 5, 'PVC003', '', '', Null, '2019-04-05 08:22:05'), 
	(6, 5, 'PVC004', '', '', Null, '2019-04-05 08:22:05'), 
	(7, 5, 'PVC005', '', '', Null, '2019-04-05 08:22:05'), 
	(8, 5, 'PVC006', '', '', Null, '2019-04-05 08:22:05'), 
	(9, 5, 'PVC007', '', '', Null, '2019-04-05 08:22:05'), 
	(10, 5, 'PVC008', '', '', Null, '2019-04-05 08:22:05'), 
	(11, 5, 'PVC009', '', '', Null, '2019-04-05 08:22:05'), 
	(12, 5, 'PVC010', '', '', Null, '2019-04-05 08:22:05'), 
	(13, 5, 'VY001', '', '', Null, '2019-04-05 08:22:05'), 
	(14, 5, 'VY002', '', '', Null, '2019-04-05 08:22:05'), 
	(15, 5, 'VY003', '', '', Null, '2019-04-05 08:22:05'), 
	(16, 5, 'VY004', '', '', Null, '2019-04-05 08:22:05'), 
	(17, 5, 'VY005', '', '', Null, '2019-04-05 08:22:05'), 
	(18, 5, 'VY006', '', '', Null, '2019-04-05 08:22:05'), 
	(19, 5, 'MESP001', '', '', Null, '2019-04-05 08:22:05'), 
	(20, 5, 'MESP002', '', '', Null, '2019-04-05 08:22:05'), 
	(21, 5, 'MESP003', '', '', Null, '2019-04-05 08:22:05'), 
	(22, 5, 'MESP004', '', '', Null, '2019-04-05 08:22:05'), 
	(23, 5, 'MESP005', '', '', Null, '2019-04-05 08:22:05'), 
	(24, 5, 'MESP006', '', '', Null, '2019-04-05 08:22:05'), 
	(25, 5, 'MESP007', '', '', Null, '2019-04-05 08:22:05'), 
	(26, 5, 'MESP008', '', '', Null, '2019-04-05 08:22:05'), 
	(27, 5, 'MESP009', '', '', Null, '2019-04-05 08:22:05'), 
	(28, 5, 'MESP010', '', '', Null, '2019-04-05 08:22:05'), 
	(29, 5, 'SHP001', '', '', Null, '2019-04-05 08:22:05'), 
	(30, 5, 'SHP002', '', '', Null, '2019-04-05 08:22:05'), 
	(31, 5, 'SHP003', '', '', Null, '2019-04-05 08:22:05'), 
	(32, 5, 'SHP004', '', '', Null, '2019-04-05 08:22:05'), 
	(33, 5, 'SHP005', '', '', Null, '2019-04-05 08:22:05'), 
	(34, 5, 'SHP006', '', '', Null, '2019-04-05 08:22:05'), 
	(35, 5, 'SHP007', '', '', Null, '2019-04-05 08:22:05'), 
	(36, 5, 'SHP008', '', '', Null, '2019-04-05 08:22:05'), 
	(37, 5, 'SHP009', '', '', Null, '2019-04-05 08:22:05'), 
	(38, 5, 'SHP010', '', '', Null, '2019-04-05 08:22:05'), 
	(39, 4, '喷绘 Impressao digifal', '', '', Null, '2019-04-05 08:22:05'), 
	(40, 4, '打印  Impressao', '', '', Null, '2019-04-05 08:22:05'), 
	(41, 4, '板材打印', '', '', Null, '2019-04-05 08:22:05'), 
	(42, 4, '复印Copiar', '', '', Null, '2019-04-05 08:22:05'), 
	(43, 4, '彩色印刷 Impressão a cor', '', '', Null, '2019-04-05 08:22:05'), 
	(44, 4, '易拉宝 ROLL UP', '', '', Null, '2019-04-05 08:22:05'), 
	(45, 4, '广告牌（发光字）painel lunin', '', '', Null, '2019-04-05 08:22:05'), 
	(46, 4, '购买 Compra', '', '', Null, '2019-04-05 08:22:05'), 
	(47, 4, '其他 Outro', '', '', Null, '2019-04-05 08:22:05'), 
	(48, 1, '马普托 MAPUTO', '', '', '', '2019-07-22 14:14:35'), 
	(49, 1, '南普拉 NAMPULA', '', '', Null, '2019-04-05 08:22:05'), 
	(50, 1, '贝拉 BEIRA', '', '', '', '2019-07-22 14:23:43'), 
	(51, 1, '太特 TETE', '', '', Null, '2019-04-05 08:22:05'), 
	(52, 1, '南卡拉 NACALA', '', '', Null, '2019-04-05 08:22:05'), 
	(53, 1, '其他 OUTRO', '', '', Null, '2019-04-05 08:22:05'), 
	(54, 6, '80MICM', '', '', Null, '2019-04-05 08:22:05'), 
	(55, 6, '光面白底冷裱膜 80MICM', '', '', Null, '2019-04-05 08:22:05'), 
	(56, 6, '十字纹冷裱膜 SZWM', '', '', Null, '2019-04-05 08:22:05'), 
	(57, 6, '210粗纹地板膜 210MICCWDM', '', '', Null, '2019-04-05 08:22:05'), 
	(59, 3, 'Cash', '', '', Null, '2019-04-05 08:22:05'), 
	(60, 3, 'Check', '', '', Null, '2019-04-05 08:22:05'), 
	(61, 3, 'Transf', '', '', Null, '2019-04-05 08:22:05'), 
	(62, 3, 'Pos', '', '', Null, '2019-04-05 08:22:05'), 
	(63, 3, 'OUTRO', '', '', Null, '2019-04-15 13:19:41'), 
	(64, 2, 'LIVROS DE VD', '1', Null, Null, '2019-04-05 08:22:05'), 
	(65, 2, 'RECIBOS ', '1', Null, Null, '2019-04-05 08:22:05'), 
	(66, 2, 'FACTURA', '1', Null, Null, '2019-04-05 08:22:05'), 
	(67, 2, 'GUIA DE REMESSA', '0', Null, Null, '2019-04-05 08:22:05'), 
	(68, 2, 'GUIA DE TRANSPORTE', '0', Null, Null, '2019-04-05 08:22:05'), 
	(69, 2, 'AGENDAS', '0', Null, Null, '2019-04-05 08:22:05'), 
	(70, 2, 'SENHAS', '0', Null, Null, '2019-04-05 08:22:05'), 
	(71, 2, 'PAPEL DE EXAME', '0', Null, Null, '2019-04-05 08:22:05'), 
	(72, 2, 'ATESTADO MEDICO', '0', Null, Null, '2019-04-05 08:22:05'), 
	(73, 2, 'CARTAO DE ESTUDANTE', '0', Null, Null, '2019-04-05 08:22:05'), 
	(74, 2, 'PAPEL TIMBRADO', '0', Null, Null, '2019-04-05 08:22:05'), 
	(75, 2, 'FOLHA DE EXERCICIO', '0', Null, Null, '2019-04-05 08:22:05'), 
	(76, 2, 'IMPRESSO HOSPITALAR', '0', Null, Null, '2019-04-05 08:22:05'), 
	(77, 2, 'OUTRO', '0', Null, Null, '2019-04-05 08:22:05'), 
	(78, 7, '1 AVISTA', '1', Null, Null, '2019-05-05 16:59:35'), 
	(79, 7, '2 AVISTA', '2', Null, Null, '2019-05-05 16:59:37'), 
	(80, 7, '4 AVISTA', '4', Null, Null, '2019-05-05 16:59:39'), 
	(81, 7, '6 AVISTA', '6', Null, Null, '2019-05-05 16:59:42'), 
	(82, 8, 'A3', Null, Null, Null, '2019-04-05 08:28:22'), 
	(83, 8, 'A4', Null, Null, Null, '2019-04-05 08:28:22'), 
	(84, 8, 'A5', Null, Null, Null, '2019-04-05 08:28:22'), 
	(85, 8, 'B5', Null, Null, Null, '2019-04-05 08:28:22'), 
	(86, 9, '1', '1', Null, Null, '2019-05-05 16:59:51'), 
	(87, 9, '2', '2', Null, Null, '2019-05-05 16:59:53'), 
	(88, 9, '3', '3', Null, Null, '2019-05-05 16:59:55'), 
	(89, 8, 'OUTRO', Null, Null, Null, '2019-04-15 13:19:13'), 
	(90, 10, 'OUTRO', Null, Null, Null, '2019-04-15 13:19:28'), 
	(91, 7, 'OUTRO', '0', Null, Null, '2019-05-05 16:59:08'), 
	(92, 5, 'OUTRO', Null, Null, Null, '2019-04-15 13:20:04'), 
	(93, 9, '4', '4', Null, Null, '2019-05-05 16:59:57'), 
	(94, 9, '5', '5', Null, Null, '2019-05-05 16:59:59'), 
	(95, 9, '6', '6', Null, Null, '2019-05-05 17:00:02'), 
	(96, 9, 'Outro', '0', Null, Null, '2019-05-05 17:00:37'), 
	(97, 10, 'YARA', Null, Null, Null, '2019-09-09 14:13:40'), 
	(98, 10, 'TP', Null, Null, Null, '2019-09-09 14:14:04'), 
	(99, 3, 'Epesa', Null, Null, Null, '2019-09-11 14:40:04'), 
	(100, 3, 'DIBITO-CASH', Null, Null, Null, '2019-09-11 14:50:41'), 
	(101, 3, 'DEBITO-CHECK', Null, Null, Null, '2019-09-11 14:50:55'), 
	(102, 3, 'DEBITO-POS', Null, Null, Null, '2019-09-11 14:51:07'), 
	(103, 3, 'DEBITO-TRANSF', Null, Null, Null, '2019-09-11 14:51:25'), 
	(104, 3, 'DEBITO-MPESA', Null, Null, Null, '2019-09-11 14:51:43'), 
	(105, 1, 'BERIA', Null, Null, Null, '2019-09-11 14:52:19');
-- 导出  表 myorder_python.t_enumeration_type 结构
DROP TABLE IF EXISTS `t_enumeration_type`;
CREATE TABLE `t_enumeration_type` (
  `fTypeID` int(11) NOT NULL AUTO_INCREMENT,
  `fTypeName` varchar(20) NOT NULL,
  `fNote` varchar(50) DEFAULT NULL,
  `TS` timestamp NOT NULL DEFAULT CURRENT_TIMESTAMP ON UPDATE CURRENT_TIMESTAMP,
  PRIMARY KEY (`fTypeID`),
  UNIQUE KEY `fTypeName` (`fTypeName`)
) ENGINE=InnoDB AUTO_INCREMENT=11 DEFAULT CHARSET=utf8
;
INSERT INTO `t_enumeration_type` (`fTypeID`, `fTypeName`, `fNote`, `TS`) VALUES 
(1, '城市City', Null, '2019-04-05 08:29:16'), 
	(2, '产品类型Especie', Null, '2019-04-05 08:29:32'), 
	(3, '付款方式PaymentMethod', Null, '2019-04-05 08:29:41'), 
	(4, '产品名称Descrição', Null, '0000-00-00 00:00:00'), 
	(5, '物料编号 Número do mater', Null, '0000-00-00 00:00:00'), 
	(6, '腹膜型号Nome peritoneal', Null, '0000-00-00 00:00:00'), 
	(7, '每页序号数Avista', Null, '2019-04-05 08:29:57'), 
	(8, '尺寸Tamanho', Null, '2019-04-05 08:29:04'), 
	(9, '联次Nr.Copy', Null, '2019-04-05 23:37:28'), 
	(10, '销售Vendedor', Null, '2019-04-05 23:56:19');
-- 导出  表 myorder_python.t_order 结构
DROP TABLE IF EXISTS `t_order`;
CREATE TABLE `t_order` (
  `fOrderID` char(20) NOT NULL COMMENT '订单号',
  `fPrice` decimal(10,0) DEFAULT NULL COMMENT '单价_印刷',
  `fCustomerID` int(11) NOT NULL COMMENT '客户编号',
  `fOrderDate` date NOT NULL COMMENT '订单日期',
  `fEspecieID` int(11) DEFAULT NULL COMMENT '印刷分类',
  `fRequiredDeliveryDate` date DEFAULT NULL COMMENT '客户要求交货日期',
  `fCategoryID` int(11) DEFAULT NULL COMMENT '类别',
  `fBrandMateriaID` int(11) DEFAULT NULL COMMENT '品牌材料',
  `fAmount` decimal(11,2) DEFAULT NULL COMMENT '金额',
  `fTax` decimal(11,2) DEFAULT NULL COMMENT '税金',
  `fPayable` decimal(11,2) DEFAULT NULL COMMENT '应付金额',
  `fDesconto` decimal(11,2) DEFAULT NULL COMMENT '折扣',
  `fColorID` int(11) DEFAULT NULL COMMENT '颜色',
  `fEntryID` int(11) DEFAULT NULL COMMENT '录入人',
  `fSubmited` bit(1) NOT NULL DEFAULT b'0' COMMENT '提交',
  `fSubmitID` int(11) DEFAULT NULL COMMENT '提交人',
  `fReviewed` bit(1) NOT NULL DEFAULT b'0' COMMENT '已审核',
  `fReviewerID` int(11) DEFAULT NULL COMMENT '审核人',
  `fConfirmed` bit(1) NOT NULL DEFAULT b'0' COMMENT '已确认',
  `fConfirmID` int(11) DEFAULT NULL COMMENT '确认人',
  `fDelivered` bit(1) NOT NULL DEFAULT b'0' COMMENT '已交付',
  `fDelivererID` int(11) DEFAULT NULL COMMENT '交付人',
  `fCanceled` bit(1) NOT NULL DEFAULT b'0' COMMENT '已作废',
  `fCancelID` int(11) DEFAULT NULL COMMENT '作废人',
  `fDeliveryDate` date DEFAULT NULL COMMENT '交付日期',
  `fNumerBegin` int(11) DEFAULT NULL COMMENT '起始编号',
  `fQuant` int(11) DEFAULT NULL COMMENT '数量',
  `fPagePerVolumn` smallint(6) DEFAULT NULL COMMENT '每本号数',
  `fNumerEnd` int(11) DEFAULT NULL COMMENT '结束编号',
  `fAvistaID` int(11) DEFAULT NULL COMMENT '每页单据数',
  `fTamanhoID` int(11) DEFAULT NULL COMMENT '尺寸',
  `fSucursal` bit(1) DEFAULT NULL COMMENT 'Sucursal 分公司',
  `fLogo` bit(1) DEFAULT b'0' COMMENT '标志',
  `fVendedorID` int(11) DEFAULT NULL COMMENT '销售人员',
  `fNrCopyID` int(11) DEFAULT NULL COMMENT '联次',
  `fContato` varchar(20) DEFAULT NULL COMMENT '联系人',
  `fCelular` varchar(15) DEFAULT NULL COMMENT '手机',
  `fTelefone` varchar(15) DEFAULT NULL COMMENT '电话',
  `fNote` varchar(255) DEFAULT NULL COMMENT '备注',
  `fDeliverViewed` bit(1) DEFAULT b'0' COMMENT '已查阅',
  `TS` timestamp NOT NULL DEFAULT CURRENT_TIMESTAMP ON UPDATE CURRENT_TIMESTAMP,
  PRIMARY KEY (`fOrderID`),
  KEY `iDelivererID` (`fDelivererID`),
  KEY `iOrderDate` (`fOrderDate`)
) ENGINE=InnoDB DEFAULT CHARSET=utf8
;
INSERT INTO `t_order` (`fOrderID`, `fPrice`, `fCustomerID`, `fOrderDate`, `fEspecieID`, `fRequiredDeliveryDate`, `fCategoryID`, `fBrandMateriaID`, `fAmount`, `fTax`, `fPayable`, `fDesconto`, `fColorID`, `fEntryID`, `fSubmited`, `fSubmitID`, `fReviewed`, `fReviewerID`, `fConfirmed`, `fConfirmID`, `fDelivered`, `fDelivererID`, `fCanceled`, `fCancelID`, `fDeliveryDate`, `fNumerBegin`, `fQuant`, `fPagePerVolumn`, `fNumerEnd`, `fAvistaID`, `fTamanhoID`, `fSucursal`, `fLogo`, `fVendedorID`, `fNrCopyID`, `fContato`, `fCelular`, `fTelefone`, `fNote`, `fDeliverViewed`, `TS`) VALUES 
('CP2019-0909000001', Null, 1, '2019-09-09', Null, '2019-09-09', Null, Null, 1400.00, 238.00, 1638.00, Null, Null, 7, 1, Null, 0, Null, 1, 7, 0, Null, 1, Null, Null, Null, Null, Null, Null, Null, Null, 0, 0, Null, Null, Null, '877500800', Null, Null, 0, '2019-09-09 15:51:26'), 
	('CP2019-0909000002', Null, 1, '2019-09-09', Null, '2019-09-09', Null, Null, 1950000.00, 331500.00, 2281500.00, Null, Null, 7, 1, Null, 0, Null, 0, Null, 0, Null, 1, Null, Null, Null, Null, Null, Null, Null, Null, 0, 0, Null, Null, Null, '877500800', Null, Null, 0, '2019-09-09 15:51:24'), 
	('CP2019-0909000003', Null, 1, '2019-09-09', Null, '2019-09-09', Null, Null, 1950000.00, 331500.00, 2281500.00, Null, Null, 7, 0, Null, 0, Null, 0, Null, 0, Null, 1, Null, Null, Null, Null, Null, Null, Null, Null, 0, 0, Null, Null, Null, '877500800', Null, Null, 0, '2019-09-09 15:51:22'), 
	('CP2019-0910000004', Null, 2, '2019-09-10', Null, '2019-09-10', Null, Null, 2645.76, Null, 2645.76, Null, Null, 3, 1, Null, 0, Null, 1, 5, 1, 6, 0, Null, Null, Null, Null, Null, Null, Null, Null, 0, 0, Null, Null, Null, '845470047', Null, Null, 1, '2019-09-11 17:45:39'), 
	('CP2019-0910000005', Null, 5, '2019-09-10', Null, '2019-09-10', Null, Null, 407.40, Null, 407.40, Null, Null, 3, 1, Null, 0, Null, 1, 5, 1, 6, 0, Null, Null, Null, Null, Null, Null, Null, Null, 0, 0, Null, Null, Null, '846666552', Null, Null, 1, '2019-09-10 15:28:01'), 
	('CP2019-0910000006', Null, 6, '2019-09-10', Null, '2019-09-10', Null, Null, 1305.60, Null, 1305.60, Null, Null, 3, 1, Null, 0, Null, 1, 5, 0, Null, 0, Null, Null, Null, Null, Null, Null, Null, Null, 0, 0, Null, Null, Null, '842387981', Null, Null, 0, '2019-09-10 11:54:33'), 
	('CP2019-0910000007', Null, 7, '2019-09-10', Null, '2019-09-12', Null, Null, 35000.00, Null, 35000.00, Null, Null, 3, 1, Null, 0, Null, 1, 5, 0, Null, 0, Null, Null, Null, Null, Null, Null, Null, Null, 0, 0, Null, Null, Null, '864131148', Null, Null, 0, '2019-09-10 11:59:47'), 
	('CP2019-0910000008', Null, 2, '2019-09-10', Null, '2019-09-10', Null, Null, 352.35, Null, 352.35, Null, Null, 3, 1, Null, 0, Null, 1, 5, 0, Null, 0, Null, Null, Null, Null, Null, Null, Null, Null, 0, 0, Null, Null, Null, '845470047', Null, Null, 0, '2019-09-10 13:18:47'), 
	('CP2019-0910000009', Null, 8, '2019-09-10', Null, '2019-09-10', Null, Null, 2500.00, Null, 2500.00, Null, Null, 3, 1, Null, 0, Null, 1, 5, 0, Null, 0, Null, Null, Null, Null, Null, Null, Null, Null, 0, 0, Null, Null, Null, '844800508', Null, Null, 0, '2019-09-10 14:35:03'), 
	('CP2019-0910000010', Null, 8, '2019-09-10', Null, '2019-09-10', Null, Null, 3500.00, Null, 3500.00, Null, Null, 3, 1, Null, 0, Null, 1, 5, 0, Null, 0, Null, Null, Null, Null, Null, Null, Null, Null, 0, 0, Null, Null, Null, '844800508', Null, Null, 0, '2019-09-10 15:51:03'), 
	('CP2019-0910000011', Null, 9, '2019-09-10', Null, '2019-09-10', Null, Null, 3500.00, Null, 3500.00, Null, Null, 3, 1, Null, 0, Null, 1, 5, 0, Null, 0, Null, Null, Null, Null, Null, Null, Null, Null, 0, 0, Null, Null, Null, '844014538', Null, Null, 0, '2019-09-10 16:34:51'), 
	('CP2019-0910000012', Null, 10, '2019-09-10', Null, '2019-09-10', Null, Null, 1205.40, Null, 1205.40, Null, Null, 3, 1, Null, 0, Null, 1, 5, 1, 6, 0, Null, Null, Null, Null, Null, Null, Null, Null, 0, 0, Null, Null, Null, '847320606', Null, Null, 1, '2019-09-11 17:48:54'), 
	('CP2019-0910000013', Null, 12, '2019-09-10', Null, '2019-09-11', Null, Null, 400.00, Null, 400.00, Null, Null, 3, 1, Null, 0, Null, 1, 5, 0, Null, 0, Null, Null, Null, Null, Null, Null, Null, Null, 0, 0, Null, Null, Null, '847121496', Null, Null, 0, '2019-09-10 16:48:48'), 
	('CP2019-0911000014', Null, 4, '2019-09-11', Null, '2019-09-11', Null, Null, 2250.00, Null, 2250.00, Null, Null, 3, 1, Null, 0, Null, 1, 5, 1, 6, 0, Null, Null, Null, Null, Null, Null, Null, Null, 0, 0, Null, Null, Null, '848867498', Null, Null, 1, '2019-09-11 17:48:34'), 
	('CP2019-0911000015', Null, 13, '2019-09-11', Null, '2019-09-11', Null, Null, 648.00, Null, 648.00, Null, Null, 3, 1, Null, 0, Null, 1, 5, 1, 6, 0, Null, Null, Null, Null, Null, Null, Null, Null, 0, 0, Null, Null, Null, '849339016', Null, Null, 1, '2019-09-11 17:49:46'), 
	('CP2019-0911000016', Null, 14, '2019-09-11', Null, '2019-09-11', Null, Null, 2682.00, 455.94, 3137.94, Null, Null, 3, 1, Null, 0, Null, 1, 5, 0, Null, 0, Null, Null, Null, Null, Null, Null, Null, Null, 0, 0, Null, Null, Null, '844339815', Null, Null, 0, '2019-09-11 11:56:57'), 
	('CP2019-0911000017', Null, 15, '2019-09-11', Null, '2019-09-11', Null, Null, 740.00, Null, 740.00, Null, Null, 3, 1, Null, 0, Null, 1, 5, 1, 6, 0, Null, Null, Null, Null, Null, Null, Null, Null, 0, 0, Null, Null, Null, '849281997', Null, Null, 1, '2019-09-11 17:50:34'), 
	('CP2019-0911000018', Null, 16, '2019-09-11', Null, '2019-09-11', Null, Null, 2850.00, Null, 2850.00, Null, Null, 3, 1, Null, 0, Null, 1, 5, 0, Null, 0, Null, Null, Null, Null, Null, Null, Null, Null, 0, 0, Null, Null, Null, '845510174', Null, Null, 0, '2019-09-11 13:57:18'), 
	('CP2019-0911000019', Null, 17, '2019-09-11', Null, '2019-09-11', Null, Null, 2640.00, Null, 2640.00, Null, Null, 3, 1, Null, 0, Null, 1, 5, 0, Null, 0, Null, Null, Null, Null, Null, Null, Null, Null, 0, 0, Null, Null, Null, '875448740', Null, Null, 0, '2019-09-11 13:57:20'), 
	('CP2019-0911000020', Null, 18, '2019-09-11', Null, '2019-09-11', Null, Null, 360.00, Null, 360.00, Null, Null, 3, 1, Null, 0, Null, 1, 5, 0, Null, 0, Null, Null, Null, Null, Null, Null, Null, Null, 0, 0, Null, Null, Null, '840144022', Null, Null, 0, '2019-09-11 13:57:23'), 
	('CP2019-0911000021', Null, 19, '2019-09-11', Null, '2019-09-11', Null, Null, 200.00, Null, 200.00, Null, Null, 3, 1, Null, 0, Null, 1, 5, 1, 6, 0, Null, Null, Null, Null, Null, Null, Null, Null, 0, 0, Null, Null, Null, '842554341', Null, Null, 1, '2019-09-11 17:46:18'), 
	('CP2019-0911000022', Null, 1, '2019-09-11', Null, '2019-09-11', Null, Null, Null, Null, Null, Null, Null, 3, 1, Null, 0, Null, 1, 5, 0, Null, 0, Null, Null, Null, Null, Null, Null, Null, Null, 0, 0, Null, Null, Null, '877500800', Null, Null, 0, '2019-09-11 16:08:56'), 
	('CP2019-0911000023', Null, 1, '2019-09-11', Null, '2019-09-11', Null, Null, Null, Null, Null, Null, Null, 3, 1, Null, 0, Null, 1, 5, 0, Null, 0, Null, Null, Null, Null, Null, Null, Null, Null, 0, 0, Null, Null, Null, '877500800', Null, Null, 0, '2019-09-11 16:09:01'), 
	('CP2019-0911000024', Null, 20, '2019-09-11', Null, '2019-09-11', Null, Null, 1205.40, Null, 1205.40, Null, Null, 3, 1, Null, 0, Null, 1, 5, 0, Null, 0, Null, Null, Null, Null, Null, Null, Null, Null, 0, 0, Null, Null, Null, '845409718', Null, Null, 0, '2019-09-11 16:09:04'), 
	('CP2019-0911000025', Null, 21, '2019-09-11', Null, '2019-09-11', Null, Null, 5560.00, Null, 5560.00, Null, Null, 3, 1, Null, 0, Null, 1, 5, 0, Null, 0, Null, Null, Null, Null, Null, Null, Null, Null, 0, 0, Null, Null, Null, '847178387', Null, Null, 0, '2019-09-11 16:11:28'), 
	('CP2019-0911000026', Null, 12, '2019-09-11', Null, '2019-09-11', Null, Null, 239.04, Null, 239.04, Null, Null, 3, 1, Null, 0, Null, 1, 5, 1, 6, 0, Null, Null, Null, Null, Null, Null, Null, Null, 0, 0, Null, Null, Null, '847121496', Null, Null, 1, '2019-09-11 17:47:47'), 
	('CP2019-0911000027', Null, 7, '2019-09-11', Null, '2019-09-11', Null, Null, 5677.20, Null, 5677.20, Null, Null, 3, 1, Null, 0, Null, 1, 5, 0, Null, 0, Null, Null, Null, Null, Null, Null, Null, Null, 0, 0, Null, Null, Null, '864131148', Null, Null, 0, '2019-09-11 16:56:59'), 
	('CP2019-0912000028', Null, 22, '2019-09-12', Null, '2019-09-12', Null, Null, 1200.00, Null, 1200.00, Null, Null, 3, 1, Null, 0, Null, 1, 5, 0, Null, 0, Null, Null, Null, Null, Null, Null, Null, Null, 0, 0, Null, Null, Null, '844035240', Null, Null, 0, '2019-09-12 11:54:17'), 
	('CP2019-0912000029', Null, 23, '2019-09-12', Null, '2019-09-12', Null, Null, 2400.00, Null, 2400.00, Null, Null, 3, 1, Null, 0, Null, 1, 5, 0, Null, 0, Null, Null, Null, Null, Null, Null, Null, Null, 0, 0, Null, Null, Null, Null, Null, Null, 0, '2019-09-12 11:54:20'), 
	('CP2019-0912000030', Null, 23, '2019-09-12', Null, '2019-09-12', Null, Null, 2400.00, 408.00, 2808.00, Null, Null, 3, 1, Null, 0, Null, 1, 5, 0, Null, 0, Null, Null, Null, Null, Null, Null, Null, Null, 0, 0, Null, Null, Null, Null, Null, Null, 0, '2019-09-12 11:54:25'), 
	('CP2019-0912000031', Null, 24, '2019-09-12', Null, '2019-09-12', Null, Null, 2400.00, Null, 2400.00, Null, Null, 3, 1, Null, 0, Null, 1, 5, 0, Null, 0, Null, Null, Null, Null, Null, Null, Null, Null, 0, 0, Null, Null, Null, '846253749', Null, Null, 0, '2019-09-12 11:54:28'), 
	('CP2019-0912000032', Null, 6, '2019-09-12', Null, '2019-09-12', Null, Null, 756.00, Null, 756.00, Null, Null, 3, 1, Null, 0, Null, 1, 5, 0, Null, 0, Null, Null, Null, Null, Null, Null, Null, Null, 0, 0, Null, Null, Null, '842387981', Null, Null, 0, '2019-09-12 11:54:31'), 
	('CP2019-0912000033', Null, 25, '2019-09-12', Null, '2019-09-12', Null, Null, 1600.00, Null, 1600.00, Null, Null, 3, 1, Null, 0, Null, 1, 5, 0, Null, 0, Null, Null, Null, Null, Null, Null, Null, Null, 0, 0, Null, Null, Null, '846246400', Null, Null, 0, '2019-09-12 13:47:30'), 
	('CP2019-0912000034', Null, 27, '2019-09-12', Null, '2019-09-12', Null, Null, 200.00, Null, 200.00, Null, Null, 3, 1, Null, 0, Null, 1, 5, 0, Null, 0, Null, Null, Null, Null, Null, Null, Null, Null, 0, 0, Null, Null, Null, '825504910', Null, Null, 0, '2019-09-12 13:47:33'), 
	('CP2019-0912000035', Null, 28, '2019-09-12', Null, '2019-09-12', Null, Null, 3565.00, Null, 3565.00, Null, Null, 3, 1, Null, 0, Null, 1, 5, 0, Null, 0, Null, Null, Null, Null, Null, Null, Null, Null, 0, 0, Null, Null, Null, '866627712', Null, Null, 0, '2019-09-12 14:53:13'), 
	('CP2019-0912000036', Null, 21, '2019-09-12', Null, '2019-09-12', Null, Null, 582.12, Null, 582.12, Null, Null, 3, 1, Null, 0, Null, 1, 5, 0, Null, 0, Null, Null, Null, Null, Null, Null, Null, Null, 0, 0, Null, Null, Null, '847178387', Null, Null, 0, '2019-09-12 13:52:36'), 
	('CP2019-0912000037', Null, 29, '2019-09-12', Null, '2019-09-12', Null, Null, 1120.00, Null, 1120.00, Null, Null, 3, 1, Null, 0, Null, 1, 5, 0, Null, 0, Null, Null, Null, Null, Null, Null, Null, Null, 0, 0, Null, Null, Null, '844848048', Null, Null, 0, '2019-09-12 14:20:08'), 
	('CP2019-0912000038', Null, 30, '2019-09-12', Null, '2019-09-12', Null, Null, 65000.00, Null, 65000.00, Null, Null, 3, 1, Null, 0, Null, 1, 5, 0, Null, 0, Null, Null, Null, Null, Null, Null, Null, Null, 0, 0, Null, Null, Null, '863200730', Null, Null, 0, '2019-09-12 14:45:59'), 
	('CP2019-0912000039', Null, 6, '2019-09-12', Null, '2019-09-12', Null, Null, 203.52, Null, 203.52, Null, Null, 3, 1, Null, 0, Null, 1, 5, 0, Null, 0, Null, Null, Null, Null, Null, Null, Null, Null, 0, 0, Null, Null, Null, '842387981', Null, Null, 0, '2019-09-12 15:28:30'), 
	('CP2019-0912000040', Null, 31, '2019-09-12', Null, '2019-09-12', Null, Null, 600.00, Null, 600.00, Null, Null, 3, 1, Null, 0, Null, 1, 5, 0, Null, 0, Null, Null, Null, Null, Null, Null, Null, Null, 0, 0, Null, Null, Null, '843200933', Null, Null, 0, '2019-09-12 15:28:32'), 
	('CP2019-0912000041', Null, 14, '2019-09-12', Null, '2019-09-12', Null, Null, 7000.00, 1190.00, 8190.00, Null, Null, 3, 1, Null, 0, Null, 1, 5, 0, Null, 0, Null, Null, Null, Null, Null, Null, Null, Null, 0, 0, Null, Null, Null, '844339815', Null, Null, 0, '2019-09-12 15:28:35'), 
	('CP2019-0912000042', Null, 4, '2019-09-12', Null, '2019-09-13', Null, Null, 15697.50, Null, 15697.50, Null, Null, 8, 1, Null, 0, Null, 0, Null, 0, Null, 0, Null, Null, Null, Null, Null, Null, Null, Null, 0, 0, Null, Null, Null, '848867498', Null, Null, 0, '2019-09-12 15:45:29'), 
	('CP2019-0912000043', Null, 32, '2019-09-12', Null, '2019-09-12', Null, Null, 10150.00, Null, 10150.00, Null, Null, 3, 0, Null, 0, Null, 0, Null, 0, Null, 0, Null, Null, Null, Null, Null, Null, Null, Null, 0, 0, Null, Null, Null, Null, Null, Null, 0, '2019-09-12 15:43:45'), 
	('CP2019-0912000044', Null, 33, '2019-09-12', Null, '2019-09-13', Null, Null, 7000.00, Null, 7000.00, Null, Null, 3, 0, Null, 0, Null, 0, Null, 0, Null, 0, Null, Null, Null, Null, Null, Null, Null, Null, 0, 0, Null, Null, Null, '846492820', Null, Null, 0, '2019-09-12 15:58:00'), 
	('TP2019-0909000001', 550, 1, '2019-09-09', 64, '2019-09-09', Null, Null, 5500.00, 935.00, 6435.00, Null, Null, 7, 1, Null, 0, Null, 1, 7, 0, Null, 1, Null, Null, 1001, 10, 50, 3000, 80, 83, 0, 0, 98, 88, Null, '877500800', Null, Null, 0, '2019-09-09 15:51:19'), 
	('TP2019-0909000003', 400, 1, '2019-09-09', 65, '2019-09-09', Null, Null, 2000.00, 340.00, 2340.00, Null, Null, 7, 0, Null, 0, Null, 0, Null, 0, Null, 1, Null, Null, 501, 5, 50, 750, 78, 84, 0, 0, 98, 88, Null, '877500800', Null, Null, 0, '2019-09-09 15:51:16'), 
	('TP2019-0912000004', 200, 23, '2019-09-12', 77, '2019-09-12', Null, Null, 2400.00, Null, 2400.00, Null, Null, 3, 0, Null, 0, Null, 0, Null, 0, Null, 0, Null, Null, Null, 12, 150, Null, 78, 84, 0, 0, 97, 87, Null, Null, Null, 'PAPEL NCR FB/CF(AZUL) SEM NUMERACAO ', 0, '2019-09-12 12:38:48'), 
	('TP2019-0912000005', 350, 26, '2019-09-12', 64, '2019-09-12', Null, Null, 3500.00, 595.00, 4095.00, Null, Null, 2, 0, Null, 0, Null, 0, Null, 0, Null, 1, Null, Null, 1, 10, 50, 500, 78, 84, 0, 0, 98, 88, Null, '870708888', Null, Null, 0, '2019-09-12 13:48:48'), 
	('TP2019-0912000006', 200, 26, '2019-09-12', 66, '2019-09-20', Null, Null, 1200.00, 204.00, 1404.00, Null, Null, 2, 0, Null, 0, Null, 0, Null, 0, Null, 0, Null, Null, 1, 6, 50, 500, 78, 84, 0, 0, 98, 88, Null, '870708888', Null, Null, 0, '2019-09-12 15:57:24'), 
	('TP2019-0912000007', 200, 26, '2019-09-12', 65, '2019-09-12', Null, Null, 1200.00, 204.00, 1404.00, Null, Null, 2, 0, Null, 0, Null, 0, Null, 0, Null, 0, Null, Null, 1, 6, 50, 300, 78, 84, 0, 0, 90, 88, Null, '870708888', Null, Null, 0, '2019-09-12 15:57:56');
-- 导出  表 myorder_python.t_order_detail 结构
DROP TABLE IF EXISTS `t_order_detail`;
CREATE TABLE `t_order_detail` (
  `fID` int(11) NOT NULL AUTO_INCREMENT,
  `fOrderID` char(20) DEFAULT NULL,
  `fQuant` smallint(6) DEFAULT NULL,
  `fProductName` varchar(50) DEFAULT NULL,
  `fLength` decimal(10,3) DEFAULT NULL,
  `fWidth` decimal(10,3) DEFAULT NULL,
  `fPrice` decimal(11,2) DEFAULT NULL,
  `fAmount` decimal(11,2) NOT NULL,
  `TS` timestamp NOT NULL DEFAULT CURRENT_TIMESTAMP ON UPDATE CURRENT_TIMESTAMP,
  PRIMARY KEY (`fID`)
) ENGINE=InnoDB AUTO_INCREMENT=58 DEFAULT CHARSET=utf8
;
INSERT INTO `t_order_detail` (`fID`, `fOrderID`, `fQuant`, `fProductName`, `fLength`, `fWidth`, `fPrice`, `fAmount`, `TS`) VALUES 
(2, 'CP2019-0909000001', 200, 'IMP Cartao de visita laminado F/V', 1.000, 1.000, 7.00, 1400.00, '2019-09-09 14:11:41'), 
	(3, 'CP2019-0909000002', 1500, ' IMP DE VINNL', 1.300, 2.500, 400.00, 1950000.00, '2019-09-09 14:17:44'), 
	(4, 'CP2019-0909000003', 1500, ' IMP DE VINNL', 1.300, 2.500, 400.00, 1950000.00, '2019-09-09 15:03:32'), 
	(5, 'CP2019-0910000004', 3, 'IMP/ CORTE E LAMINACAO DE VINYL', 1.039, 1.059, 800.00, 2645.76, '2019-09-10 08:36:18'), 
	(6, 'CP2019-0910000005', 1, 'IMP/ DE VINIL', 1.250, 0.450, 400.00, 225.00, '2019-09-10 10:17:14'), 
	(7, 'CP2019-0910000005', 1, 'IMP/ DE VINIL', 0.760, 0.595, 400.00, 182.40, '2019-09-10 10:17:14'), 
	(8, 'CP2019-0910000006', 1, 'IMP/ DE VINIL', 1.015, 3.204, 400.00, 1305.60, '2019-09-10 10:27:12'), 
	(9, 'CP2019-0910000007', 100, ' PROD/ DE BLOCOS A4 DUPLIC./ PAPEL NCR', 1.000, 1.000, 350.00, 35000.00, '2019-09-10 11:36:57'), 
	(10, 'CP2019-0910000008', 1, 'IMP/ E LAMINACAO DE VINIL', 0.866, 0.539, 750.00, 352.35, '2019-09-10 11:50:17'), 
	(11, 'CP2019-0910000009', 1, 'IMP/ EM PANO DE BANDEIRAS 1.192*3.351', 1.000, 1.000, 2500.00, 2500.00, '2019-09-10 13:50:52'), 
	(12, 'CP2019-0910000010', 1, 'COMPRA DE BASE DE ROLL UP 05', 1.000, 1.000, 3500.00, 3500.00, '2019-09-10 14:47:49'), 
	(13, 'CP2019-0910000011', 1, 'IMP/ DE ROLL UP EXECUTIVO 06', 1.000, 1.000, 3500.00, 3500.00, '2019-09-10 16:09:59'), 
	(14, 'CP2019-0910000012', 1, 'IMP/ DE VINYL', 2.050, 1.470, 400.00, 1205.40, '2019-09-10 16:13:51'), 
	(15, 'CP2019-0910000013', 1, 'IMP/ DE BANNER PRETO C/ 4 ILHOSES', 1.000, 1.000, 400.00, 400.00, '2019-09-10 16:36:11'), 
	(16, 'CP2019-0911000014', 30, 'IMP/ E CORTE DE PANO DE BANDEIRA 0.269* 0.14*', 1.000, 1.000, 75.00, 2250.00, '2019-09-11 11:09:47'), 
	(17, 'CP2019-0911000015', 1, 'IMP/ DE VINYL', 1.800, 0.900, 400.00, 648.00, '2019-09-11 11:16:50'), 
	(18, 'CP2019-0911000016', 1, 'IMP/ DE BANNER P/ BACKDROP SEM ESTRUTURA', 2.980, 2.250, 400.00, 2682.00, '2019-09-11 11:44:02'), 
	(19, 'CP2019-0911000017', 1, 'IMP/ DE BANNER PRETO C/ 4 ILHOSES', 1.850, 1.000, 400.00, 740.00, '2019-09-11 13:13:59'), 
	(20, 'CP2019-0911000018', 15, 'IMP/ DE BANDEIRAS C/ COSTURA 0.60* 0.40*', 1.000, 1.000, 190.00, 2850.00, '2019-09-11 13:26:34'), 
	(21, 'CP2019-0911000019', 40, 'IMP/ DE PAPEL DE FOTO 0.30* 0.40*', 1.000, 1.000, 66.00, 2640.00, '2019-09-11 13:36:18'), 
	(22, 'CP2019-0911000020', 5, 'IMP/ DE VINYL', 0.720, 0.250, 400.00, 360.00, '2019-09-11 13:41:19'), 
	(23, 'CP2019-0911000021', 1, 'IMP/ DE VINIL', 0.500, 1.000, 400.00, 200.00, '2019-09-11 14:49:43'), 
	(24, 'CP2019-0911000022', 650, ' IMP/ A4 F/V 115 GRMS', 1.000, 1.000, 0.00, 0.00, '2019-09-11 15:24:05'), 
	(26, 'CP2019-0911000023', 100, 'IMP/ A3 150 GRMS 1 FACE', 1.000, 1.000, 0.00, 0.00, '2019-09-11 15:29:17'), 
	(27, 'CP2019-0911000023', 25, 'IMP/ DE CONVITE A4 1 FACE', 1.000, 1.000, 0.00, 0.00, '2019-09-11 15:32:42'), 
	(28, 'CP2019-0911000024', 1, 'IMP/ DE VINIL', 1.470, 2.050, 400.00, 1205.40, '2019-09-11 15:48:51'), 
	(29, 'CP2019-0911000025', 1, 'IMP/ DE VINIL', 3.000, 0.580, 400.00, 696.00, '2019-09-11 15:59:45'), 
	(30, 'CP2019-0911000025', 4, 'IMP/ DE VINIL', 0.650, 0.350, 400.00, 364.00, '2019-09-11 16:00:45'), 
	(31, 'CP2019-0911000025', 1, 'PROD/ DE ROLL UP 05', 1.000, 1.000, 4500.00, 4500.00, '2019-09-11 16:01:36'), 
	(32, 'CP2019-0911000026', 1, 'IMP/ DE VINYL', 0.297, 0.420, 400.00, 50.40, '2019-09-11 16:15:00'), 
	(33, 'CP2019-0911000026', 1, 'IMP/ DE VINYL', 1.000, 0.200, 400.00, 80.00, '2019-09-11 16:17:59'), 
	(34, 'CP2019-0911000026', 1, 'IMP/ DE VINYL', 0.970, 0.280, 400.00, 108.64, '2019-09-11 16:17:59'), 
	(35, 'CP2019-0911000027', 2, 'IMP/ DE VINYL', 4.150, 1.240, 400.00, 4116.80, '2019-09-11 16:48:50'), 
	(36, 'CP2019-0911000027', 2, 'IMP/ DE VINYL', 4.150, 0.470, 400.00, 1560.40, '2019-09-11 16:48:50'), 
	(37, 'CP2019-0912000028', 1, 'IMP/ DE BANDEIRA C/ COSTURA 1.35*0.90', 1.000, 1.000, 1200.00, 1200.00, '2019-09-12 11:09:29'), 
	(38, 'CP2019-0912000029', 12, 'IMP/ DE LIVROS NCR DUPLICADO', 1.000, 1.000, 200.00, 2400.00, '2019-09-12 11:24:15'), 
	(39, 'CP2019-0912000030', 6, 'IMP/ DE FATURAS', 1.000, 1.000, 200.00, 1200.00, '2019-09-12 11:25:11'), 
	(40, 'CP2019-0912000030', 6, 'IMP/ DE RECIBOS', 1.000, 1.000, 200.00, 1200.00, '2019-09-12 11:25:11'), 
	(41, 'CP2019-0912000031', 1, 'IMP/ DE BANNER PRETO C/ 4 ILHOSES', 2.000, 1.000, 400.00, 800.00, '2019-09-12 11:32:03'), 
	(42, 'CP2019-0912000031', 1, 'IMP/ DE BANNER PRETO C/ 4 ILHOSES', 2.000, 2.000, 400.00, 1600.00, '2019-09-12 11:32:03'), 
	(43, 'CP2019-0912000032', 30, 'IMP/ DE VINYL', 0.210, 0.297, 400.00, 756.00, '2019-09-12 11:36:05'), 
	(45, 'CP2019-0912000033', 2, 'IMP/ DE BANNER PRETO C/ 12 ILHOSES P/ CADA', 2.000, 1.000, 400.00, 1600.00, '2019-09-12 12:09:19'), 
	(46, 'CP2019-0912000034', 2, 'IMP/ DE VINIL', 0.500, 0.500, 400.00, 200.00, '2019-09-12 12:30:27'), 
	(47, 'CP2019-0912000035', 1, 'IMP/ DE BANNER PRETO', 3.000, 2.300, 350.00, 2415.00, '2019-09-12 13:16:32'), 
	(48, 'CP2019-0912000035', 115, 'IMP/ DE CONVITES F/V C/ DOBRA NO CENT.', 1.000, 1.000, 10.00, 1150.00, '2019-09-12 13:16:32'), 
	(49, 'CP2019-0912000036', 126, 'IMP/ DE STICKERS', 0.106, 0.071, 600.00, 582.12, '2019-09-12 13:39:31'), 
	(50, 'CP2019-0912000037', 2, 'IMP/ DE BANNER PRETO C/ 4 ILHOSES P/ CADA', 2.000, 0.800, 350.00, 1120.00, '2019-09-12 13:55:47'), 
	(51, 'CP2019-0912000038', 100, 'IMP/ DE BANDEIRAS C/ MARGEM DE 10 CM 1.20*0.90', 1.000, 1.000, 650.00, 65000.00, '2019-09-12 14:23:53'), 
	(52, 'CP2019-0912000039', 53, 'IMP/ DE STICKERS', 0.080, 0.080, 600.00, 203.52, '2019-09-12 14:49:24'), 
	(53, 'CP2019-0912000040', 1, 'IMP/ DE VINIL E RECORTE', 1.000, 1.000, 600.00, 600.00, '2019-09-12 15:05:04'), 
	(54, 'CP2019-0912000041', 2, 'PROD/ DE ROLL UP 06', 1.000, 1.000, 3500.00, 7000.00, '2019-09-12 15:08:27'), 
	(55, 'CP2019-0912000042', 23, 'IMP/ DE BANDEIRAS C/ COSTURA', 1.500, 0.700, 650.00, 15697.50, '2019-09-12 15:29:27'), 
	(56, 'CP2019-0912000043', 3500, 'IMP/ DE FLYER A4 F/V', 1.000, 1.000, 2.90, 10150.00, '2019-09-12 15:43:45'), 
	(57, 'CP2019-0912000044', 2, 'PROD/ DE ROLL UP 06', 1.000, 1.000, 3500.00, 7000.00, '2019-09-12 15:56:31');
-- 导出  表 myorder_python.t_quotation 结构
DROP TABLE IF EXISTS `t_quotation`;
CREATE TABLE `t_quotation` (
  `fOrderID` char(20) NOT NULL COMMENT '订单号',
  `fPrice` decimal(10,0) DEFAULT NULL COMMENT '单价_印刷',
  `fCustomerID` int(11) NOT NULL COMMENT '客户编号',
  `fOrderDate` date NOT NULL COMMENT '订单日期',
  `fEspecieID` int(11) DEFAULT NULL COMMENT '印刷分类',
  `fRequiredDeliveryDate` date DEFAULT NULL COMMENT '客户要求交货日期',
  `fCategoryID` int(11) DEFAULT NULL COMMENT '类别',
  `fBrandMateriaID` int(11) DEFAULT NULL COMMENT '品牌材料',
  `fAmount` decimal(11,2) DEFAULT NULL COMMENT '金额',
  `fTax` decimal(11,2) DEFAULT NULL COMMENT '税金',
  `fPayable` decimal(11,2) DEFAULT NULL COMMENT '应付金额',
  `fDesconto` decimal(11,2) DEFAULT NULL COMMENT '折扣',
  `fColorID` int(11) DEFAULT NULL COMMENT '颜色',
  `fEntryID` int(11) DEFAULT NULL COMMENT '录入人',
  `fSubmited` bit(1) NOT NULL DEFAULT b'0' COMMENT '提交',
  `fSubmitID` int(11) DEFAULT NULL COMMENT '提交人',
  `fReviewed` bit(1) NOT NULL DEFAULT b'0' COMMENT '已审核',
  `fReviewerID` int(11) DEFAULT NULL COMMENT '审核人',
  `fConfirmed` bit(1) NOT NULL DEFAULT b'0' COMMENT '已确认',
  `fConfirmID` int(11) DEFAULT NULL COMMENT '确认人',
  `fDelivered` bit(1) NOT NULL DEFAULT b'0' COMMENT '已交付',
  `fDelivererID` int(11) DEFAULT NULL COMMENT '交付人',
  `fCanceled` bit(1) NOT NULL DEFAULT b'0' COMMENT '已作废',
  `fCancelID` int(11) DEFAULT NULL COMMENT '作废人',
  `fDeliveryDate` date DEFAULT NULL COMMENT '交付日期',
  `fNumerBegin` int(11) DEFAULT NULL COMMENT '起始编号',
  `fQuant` int(11) DEFAULT NULL COMMENT '数量',
  `fPagePerVolumn` tinyint(4) DEFAULT NULL COMMENT '每本号数',
  `fNumerEnd` int(11) DEFAULT NULL COMMENT '结束编号',
  `fAvistaID` int(11) DEFAULT NULL COMMENT '每页单据数',
  `fTamanhoID` int(11) DEFAULT NULL COMMENT '尺寸',
  `fSucursal` bit(1) DEFAULT NULL COMMENT 'Sucursal 分公司',
  `fLogo` bit(1) DEFAULT b'0' COMMENT '标志',
  `fVendedorID` int(11) DEFAULT NULL COMMENT '销售人员',
  `fNrCopyID` int(11) DEFAULT NULL COMMENT '联次',
  `fContato` varchar(20) DEFAULT NULL COMMENT '联系人',
  `fCelular` varchar(15) DEFAULT NULL COMMENT '手机',
  `fTelefone` varchar(15) DEFAULT NULL COMMENT '电话',
  `fNote` varchar(255) DEFAULT NULL COMMENT '备注',
  `fDeliverViewed` bit(1) DEFAULT b'0' COMMENT '生产部已查阅',
  `fCreatedOrder` bit(1) DEFAULT b'0' COMMENT '已生成订单',
  `TS` timestamp NOT NULL DEFAULT CURRENT_TIMESTAMP ON UPDATE CURRENT_TIMESTAMP,
  PRIMARY KEY (`fOrderID`),
  KEY `iDelivererID` (`fDelivererID`),
  KEY `iOrderDate` (`fOrderDate`)
) ENGINE=InnoDB DEFAULT CHARSET=utf8
;
INSERT INTO `t_quotation` (`fOrderID`, `fPrice`, `fCustomerID`, `fOrderDate`, `fEspecieID`, `fRequiredDeliveryDate`, `fCategoryID`, `fBrandMateriaID`, `fAmount`, `fTax`, `fPayable`, `fDesconto`, `fColorID`, `fEntryID`, `fSubmited`, `fSubmitID`, `fReviewed`, `fReviewerID`, `fConfirmed`, `fConfirmID`, `fDelivered`, `fDelivererID`, `fCanceled`, `fCancelID`, `fDeliveryDate`, `fNumerBegin`, `fQuant`, `fPagePerVolumn`, `fNumerEnd`, `fAvistaID`, `fTamanhoID`, `fSucursal`, `fLogo`, `fVendedorID`, `fNrCopyID`, `fContato`, `fCelular`, `fTelefone`, `fNote`, `fDeliverViewed`, `fCreatedOrder`, `TS`) VALUES 
('QP2019-0909000001', 400, 1, '2019-09-09', 65, '2019-09-09', Null, Null, 2000.00, 340.00, 2340.00, Null, Null, 7, 0, Null, 0, Null, 0, Null, 0, Null, 0, Null, Null, 501, 5, 50, 750, 78, 84, 0, 0, 98, 88, Null, '877500800', Null, Null, 0, 1, '2019-09-09 14:17:50'), 
	('QS2019-0909000001', Null, 1, '2019-09-09', Null, '2019-09-09', Null, Null, 1950000.00, 331500.00, 2281500.00, Null, Null, 7, 0, Null, 0, Null, 0, Null, 0, Null, 0, Null, Null, Null, Null, Null, Null, Null, Null, 0, 0, Null, Null, Null, '877500800', Null, Null, 0, 1, '2019-09-09 14:17:44');
-- 导出  表 myorder_python.t_quotation_detail 结构
DROP TABLE IF EXISTS `t_quotation_detail`;
CREATE TABLE `t_quotation_detail` (
  `fID` int(11) NOT NULL AUTO_INCREMENT,
  `fOrderID` varchar(50) DEFAULT NULL,
  `fQuant` smallint(6) DEFAULT NULL,
  `fProductName` varchar(50) DEFAULT NULL,
  `fLength` decimal(10,3) DEFAULT NULL,
  `fWidth` decimal(10,3) DEFAULT NULL,
  `fPrice` decimal(11,2) DEFAULT NULL,
  `fAmount` decimal(11,2) DEFAULT NULL,
  `TS` timestamp NOT NULL DEFAULT CURRENT_TIMESTAMP ON UPDATE CURRENT_TIMESTAMP,
  PRIMARY KEY (`fID`)
) ENGINE=InnoDB AUTO_INCREMENT=3 DEFAULT CHARSET=utf8
;
INSERT INTO `t_quotation_detail` (`fID`, `fOrderID`, `fQuant`, `fProductName`, `fLength`, `fWidth`, `fPrice`, `fAmount`, `TS`) VALUES 
(2, 'QS2019-0909000001', Null, '', Null, Null, Null, Null, '2019-09-09 15:52:30');
-- 导出  表 myorder_python.t_receivables 结构
DROP TABLE IF EXISTS `t_receivables`;
CREATE TABLE `t_receivables` (
  `fID` int(11) NOT NULL AUTO_INCREMENT,
  `fCustomerID` int(11) NOT NULL,
  `fPaymentMethodID` int(11) NOT NULL COMMENT '收款方式',
  `fReceiptDate` date NOT NULL COMMENT '收款日期',
  `fAmountCollected` decimal(11,2) NOT NULL COMMENT '金额',
  `fPayeeID` int(11) NOT NULL COMMENT '收款人',
  `fNote` varchar(255) DEFAULT NULL COMMENT '备注',
  `TS` timestamp NULL DEFAULT CURRENT_TIMESTAMP ON UPDATE CURRENT_TIMESTAMP,
  PRIMARY KEY (`fID`)
) ENGINE=InnoDB AUTO_INCREMENT=33 DEFAULT CHARSET=utf8
;
INSERT INTO `t_receivables` (`fID`, `fCustomerID`, `fPaymentMethodID`, `fReceiptDate`, `fAmountCollected`, `fPayeeID`, `fNote`, `TS`) VALUES 
(1, 1, 61, '2019-09-09', 1638.00, 7, Null, '2019-09-09 14:12:37'), 
	(2, 6, 59, '2019-09-10', 1305.60, 5, Null, '2019-09-10 11:55:24'), 
	(3, 5, 59, '2019-09-10', 407.40, 5, Null, '2019-09-10 11:56:45'), 
	(4, 2, 61, '2019-09-10', 2645.76, 5, 'MPESA BOSS', '2019-09-10 11:58:00'), 
	(5, 1, 63, '2019-09-10', -1638.00, 5, Null, '2019-09-10 12:01:26'), 
	(6, 2, 61, '2019-09-10', 352.35, 5, 'MPESA BOSS', '2019-09-10 13:19:26'), 
	(7, 8, 61, '2019-09-10', 2500.00, 5, 'MPESA BOSS', '2019-09-10 14:35:42'), 
	(8, 8, 59, '2019-09-10', 3500.00, 5, Null, '2019-09-10 15:51:26'), 
	(9, 10, 59, '2019-09-10', 1205.40, 5, 'DIBOTO', '2019-09-10 16:39:05'), 
	(10, 9, 61, '2019-09-10', 3500.00, 5, 'MPESA BOSS', '2019-09-10 16:39:30'), 
	(11, 12, 63, '2019-09-10', 400.00, 5, Null, '2019-09-10 16:49:05'), 
	(12, 4, 59, '2019-09-11', 2250.00, 5, Null, '2019-09-11 11:26:25'), 
	(13, 13, 61, '2019-09-11', 648.00, 5, 'MPESA BOSS', '2019-09-11 11:30:24'), 
	(14, 14, 61, '2019-09-11', 3137.94, 5, Null, '2019-09-11 13:32:28'), 
	(15, 16, 61, '2019-09-11', 2850.00, 5, 'MPESA BOSS', '2019-09-11 13:58:00'), 
	(16, 15, 59, '2019-09-11', 740.00, 5, Null, '2019-09-11 13:58:35'), 
	(17, 17, 59, '2019-09-11', 2640.00, 5, Null, '2019-09-11 13:58:57'), 
	(18, 18, 59, '2019-09-11', 360.00, 5, Null, '2019-09-11 14:00:34'), 
	(19, 19, 63, '2019-09-11', 200.00, 5, Null, '2019-09-11 15:12:16'), 
	(20, 20, 59, '2019-09-11', 1205.40, 5, Null, '2019-09-11 16:10:26'), 
	(21, 21, 59, '2019-09-11', 5560.00, 5, Null, '2019-09-11 16:11:49'), 
	(22, 12, 63, '2019-09-11', 239.04, 5, Null, '2019-09-11 16:57:32'), 
	(23, 22, 59, '2019-09-12', 1200.00, 5, Null, '2019-09-12 11:56:00'), 
	(24, 24, 99, '2019-09-12', 2000.00, 5, Null, '2019-09-12 11:56:42'), 
	(25, 6, 59, '2019-09-12', 756.00, 5, Null, '2019-09-12 11:57:11'), 
	(26, 27, 59, '2019-09-12', 200.00, 5, Null, '2019-09-12 13:47:57'), 
	(27, 21, 59, '2019-09-12', 582.12, 5, Null, '2019-09-12 13:52:56'), 
	(28, 25, 59, '2019-09-12', 1540.00, 5, Null, '2019-09-12 14:09:20'), 
	(29, 29, 59, '2019-09-12', 1120.00, 5, Null, '2019-09-12 14:22:06'), 
	(30, 30, 59, '2019-09-12', 32500.00, 5, Null, '2019-09-12 14:46:20'), 
	(31, 28, 99, '2019-09-12', 3565.00, 5, Null, '2019-09-12 14:53:32'), 
	(32, 14, 61, '2019-09-12', 8190.00, 5, Null, '2019-09-12 15:35:55');
-- 导出  视图 myorder_python.v_enumeration 结构
DROP View IF EXISTS `v_enumeration`;
CREATE ALGORITHM=UNDEFINED DEFINER=`myorder`@`%` SQL SECURITY DEFINER VIEW `v_enumeration` AS select `t`.`fTypeID` AS `fTypeID`,`t`.`fTypeName` AS `fTypeName`,`e`.`fItemID` AS `fItemID`,`e`.`fTitle` AS `fTitle`,`e`.`fSpare1` AS `fSpare1`,`e`.`fSpare2` AS `fSpare2`,`e`.`fNote` AS `fNote` from (`t_enumeration_type` `t` left join `t_enumeration` `e` on((`t`.`fTypeID` = `e`.`fTypeID`)))
;
-- 导出  视图 myorder_python.v_order 结构
DROP View IF EXISTS `v_order`;
CREATE ALGORITHM=UNDEFINED DEFINER=`myorder`@`%` SQL SECURITY DEFINER VIEW `v_order` AS select `o`.`fOrderID` AS `fOrderID`,`o`.`fPrice` AS `fPrice`,`o`.`fCustomerID` AS `fCustomerID`,`o`.`fOrderDate` AS `fOrderDate`,`o`.`fEspecieID` AS `fEspecieID`,`o`.`fRequiredDeliveryDate` AS `fRequiredDeliveryDate`,`o`.`fCategoryID` AS `fCategoryID`,`o`.`fBrandMateriaID` AS `fBrandMateriaID`,`o`.`fAmount` AS `fAmount`,`o`.`fTax` AS `fTax`,`o`.`fPayable` AS `fPayable`,`o`.`fDesconto` AS `fDesconto`,`o`.`fColorID` AS `fColorID`,`o`.`fEntryID` AS `fEntryID`,(`o`.`fSubmited` + 0) AS `fSubmited`,`o`.`fSubmitID` AS `fSubmitID`,(`o`.`fReviewed` + 0) AS `fReviewed`,`o`.`fReviewerID` AS `fReviewerID`,(`o`.`fConfirmed` + 0) AS `fConfirmed`,`o`.`fConfirmID` AS `fConfirmID`,(`o`.`fDelivered` + 0) AS `fDelivered`,`o`.`fDelivererID` AS `fDelivererID`,(`o`.`fCanceled` + 0) AS `fCanceled`,(`o`.`fDeliverViewed` + 0) AS `fDeliverViewed`,`o`.`fCancelID` AS `fCancelID`,`o`.`fDeliveryDate` AS `fDeliveryDate`,`o`.`fNumerBegin` AS `fNumerBegin`,`o`.`fQuant` AS `fQuant`,`o`.`fPagePerVolumn` AS `fPagePerVolumn`,`o`.`fNumerEnd` AS `fNumerEnd`,`o`.`fAvistaID` AS `fAvistaID`,`o`.`fTamanhoID` AS `fTamanhoID`,(`o`.`fSucursal` + 0) AS `fSucursal`,(`o`.`fLogo` + 0) AS `fLogo`,`o`.`fVendedorID` AS `fVendedorID`,`o`.`fNrCopyID` AS `fNrCopyID`,`o`.`fContato` AS `fContato`,`o`.`fCelular` AS `fCelular`,`o`.`fTelefone` AS `fTelefone`,`o`.`fNote` AS `fNote`,`c`.`fTaxRegCer` AS `fTaxRegCer`,`c`.`fCustomerName` AS `fCustomerName`,`c`.`fNUIT` AS `fNUIT`,`c`.`fCity` AS `fCity`,`c`.`fEndereco` AS `fEndereco`,(case `o`.`fSucursal` when 1 then 'SIM' else 'Non' end) AS `fSucursal1`,(case `o`.`fSubmited` when 1 then 'SIM' else '' end) AS `fSubmited1`,(case `o`.`fConfirmed` when 1 then 'SIM' else '' end) AS `fConfirmed1`,(case `o`.`fDelivered` when 1 then 'SIM' else '' end) AS `fDelivered1`,(case `o`.`fCanceled` when 1 then 'Canceled' else '' end) AS `fCanceled1`,(case `o`.`fDeliverViewed` when 1 then 'SIM' else '' end) AS `fDeliverViewed1`,(case `o`.`fLogo` when 1 then 'SIM' else 'Non' end) AS `fLogo1`,`u_Submited`.`fUsername` AS `fSubmit_Name`,`u_Entry`.`fUsername` AS `fEntry_Name`,`u_Reviewer`.`fUsername` AS `fReviewer_Name`,`u_Deliverer`.`fUsername` AS `fDeliverer_Name`,`u_Confirm`.`fUsername` AS `fConfirm_Name`,`u_Cancel`.`fUsername` AS `fCancel_Name`,`e_fEspecieID`.`fTitle` AS `fEspecie`,`e_fCategoryID`.`fTitle` AS `fCategory`,`e_fBrandMateriaID`.`fTitle` AS `fBrandMateria`,`e_fColorID`.`fTitle` AS `fColor`,`e_fAvistaID`.`fTitle` AS `fAvista`,`e_fTamanhoID`.`fTitle` AS `fTamanho`,`e_fVendedorID`.`fTitle` AS `fVendedor`,`e_fNrCopyID`.`fTitle` AS `fNrCopy` from (((((((((((((((`t_order` `o` left join `t_customer` `c` on((`o`.`fCustomerID` = `c`.`fCustomerID`))) left join `sysusers` `u_Submited` on((`o`.`fSubmitID` = `u_Submited`.`fUserID`))) left join `sysusers` `u_Entry` on((`o`.`fEntryID` = `u_Entry`.`fUserID`))) left join `sysusers` `u_Reviewer` on((`o`.`fReviewerID` = `u_Reviewer`.`fUserID`))) left join `sysusers` `u_Deliverer` on((`o`.`fDelivererID` = `u_Deliverer`.`fUserID`))) left join `sysusers` `u_Confirm` on((`o`.`fConfirmID` = `u_Confirm`.`fUserID`))) left join `sysusers` `u_Cancel` on((`o`.`fCancelID` = `u_Cancel`.`fUserID`))) left join `t_enumeration` `e_fEspecieID` on((`o`.`fEspecieID` = `e_fEspecieID`.`fItemID`))) left join `t_enumeration` `e_fCategoryID` on((`o`.`fCategoryID` = `e_fCategoryID`.`fItemID`))) left join `t_enumeration` `e_fBrandMateriaID` on((`o`.`fBrandMateriaID` = `e_fBrandMateriaID`.`fItemID`))) left join `t_enumeration` `e_fColorID` on((`o`.`fColorID` = `e_fColorID`.`fItemID`))) left join `t_enumeration` `e_fAvistaID` on((`o`.`fAvistaID` = `e_fAvistaID`.`fItemID`))) left join `t_enumeration` `e_fTamanhoID` on((`o`.`fTamanhoID` = `e_fTamanhoID`.`fItemID`))) left join `t_enumeration` `e_fVendedorID` on((`o`.`fVendedorID` = `e_fVendedorID`.`fItemID`))) left join `t_enumeration` `e_fNrCopyID` on((`o`.`fNrCopyID` = `e_fNrCopyID`.`fItemID`)))
;
-- 导出  视图 myorder_python.v_order_readonly 结构
DROP View IF EXISTS `v_order_readonly`;
CREATE ALGORITHM=UNDEFINED DEFINER=`myorder`@`%` SQL SECURITY DEFINER VIEW `v_order_readonly` AS select `t`.`fOrderID` AS `fOrderID`,`t`.`fPrice` AS `fPrice`,`t`.`fCustomerID` AS `fCustomerID`,`t`.`fOrderDate` AS `fOrderDate`,`t`.`fEspecieID` AS `fEspecieID`,`t`.`fRequiredDeliveryDate` AS `fRequiredDeliveryDate`,`t`.`fCategoryID` AS `fCategoryID`,`t`.`fBrandMateriaID` AS `fBrandMateriaID`,`t`.`fAmount` AS `fAmount`,`t`.`fTax` AS `fTax`,`t`.`fPayable` AS `fPayable`,`t`.`fDesconto` AS `fDesconto`,`t`.`fColorID` AS `fColorID`,`t`.`fEntryID` AS `fEntryID`,`t`.`fSubmited` AS `fSubmited`,`t`.`fSubmitID` AS `fSubmitID`,`t`.`fReviewed` AS `fReviewed`,`t`.`fReviewerID` AS `fReviewerID`,`t`.`fConfirmed` AS `fConfirmed`,`t`.`fConfirmID` AS `fConfirmID`,`t`.`fDelivered` AS `fDelivered`,`t`.`fDelivererID` AS `fDelivererID`,`t`.`fCanceled` AS `fCanceled`,`t`.`fCancelID` AS `fCancelID`,`t`.`fDeliveryDate` AS `fDeliveryDate`,`t`.`fNumerBegin` AS `fNumerBegin`,`t`.`fQuant` AS `fQuant`,`t`.`fPagePerVolumn` AS `fPagePerVolumn`,`t`.`fNumerEnd` AS `fNumerEnd`,`t`.`fAvistaID` AS `fAvistaID`,`t`.`fTamanhoID` AS `fTamanhoID`,`t`.`fSucursal` AS `fSucursal`,`t`.`fLogo` AS `fLogo`,`t`.`fVendedorID` AS `fVendedorID`,`t`.`fNrCopyID` AS `fNrCopyID`,`t`.`fContato` AS `fContato`,`t`.`fCelular` AS `fCelular`,`t`.`fTelefone` AS `fTelefone`,`t`.`fNote` AS `fNote`,`c`.`fCustomerName` AS `fCustomerName`,`c`.`fNUIT` AS `fNUIT`,`c`.`fCity` AS `fCity`,`c`.`fAreaCode` AS `fAreaCode`,`c`.`fEndereco` AS `fEndereco`,`c`.`fEmail` AS `fEmail`,`c`.`fWeb` AS `fWeb` from (`t_order` `t` left join `t_customer` `c` on((`t`.`fCustomerID` = `c`.`fCustomerID`)))
;
-- 导出  视图 myorder_python.v_quotation 结构
DROP View IF EXISTS `v_quotation`;
CREATE ALGORITHM=UNDEFINED DEFINER=`myorder`@`%` SQL SECURITY DEFINER VIEW `v_quotation` AS select `o`.`fOrderID` AS `fOrderID`,`o`.`fPrice` AS `fPrice`,`o`.`fCustomerID` AS `fCustomerID`,`o`.`fOrderDate` AS `fOrderDate`,`o`.`fEspecieID` AS `fEspecieID`,`o`.`fRequiredDeliveryDate` AS `fRequiredDeliveryDate`,`o`.`fCategoryID` AS `fCategoryID`,`o`.`fBrandMateriaID` AS `fBrandMateriaID`,`o`.`fAmount` AS `fAmount`,`o`.`fTax` AS `fTax`,`o`.`fPayable` AS `fPayable`,`o`.`fDesconto` AS `fDesconto`,`o`.`fColorID` AS `fColorID`,`o`.`fEntryID` AS `fEntryID`,(`o`.`fSubmited` + 0) AS `fSubmited`,`o`.`fSubmitID` AS `fSubmitID`,(`o`.`fReviewed` + 0) AS `fReviewed`,`o`.`fReviewerID` AS `fReviewerID`,(`o`.`fConfirmed` + 0) AS `fConfirmed`,`o`.`fConfirmID` AS `fConfirmID`,(`o`.`fDelivered` + 0) AS `fDelivered`,`o`.`fDelivererID` AS `fDelivererID`,(`o`.`fCanceled` + 0) AS `fCanceled`,(`o`.`fDeliverViewed` + 0) AS `fDeliverViewed`,`o`.`fCancelID` AS `fCancelID`,`o`.`fDeliveryDate` AS `fDeliveryDate`,`o`.`fNumerBegin` AS `fNumerBegin`,`o`.`fQuant` AS `fQuant`,`o`.`fPagePerVolumn` AS `fPagePerVolumn`,`o`.`fNumerEnd` AS `fNumerEnd`,`o`.`fAvistaID` AS `fAvistaID`,`o`.`fTamanhoID` AS `fTamanhoID`,(`o`.`fSucursal` + 0) AS `fSucursal`,(`o`.`fLogo` + 0) AS `fLogo`,`o`.`fVendedorID` AS `fVendedorID`,`o`.`fNrCopyID` AS `fNrCopyID`,`o`.`fContato` AS `fContato`,`o`.`fCelular` AS `fCelular`,`o`.`fTelefone` AS `fTelefone`,`o`.`fNote` AS `fNote`,(`o`.`fCreatedOrder` + 0) AS `fCreatedOrder`,`c`.`fCustomerName` AS `fCustomerName`,`c`.`fNUIT` AS `fNUIT`,`c`.`fCity` AS `fCity`,`c`.`fEndereco` AS `fEndereco`,(case `o`.`fSucursal` when 1 then 'SIM' else 'Non' end) AS `fSucursal1`,(case `o`.`fSubmited` when 1 then 'SIM' else '' end) AS `fSubmited1`,(case `o`.`fConfirmed` when 1 then 'SIM' else '' end) AS `fConfirmed1`,(case `o`.`fDelivered` when 1 then 'SIM' else '' end) AS `fDelivered1`,(case `o`.`fCanceled` when 1 then 'Canceled' else '' end) AS `fCanceled1`,(case `o`.`fDeliverViewed` when 1 then 'SIM' else '' end) AS `fDeliverViewed1`,(case `o`.`fLogo` when 1 then 'SIM' else 'Non' end) AS `fLogo1`,`u_Submited`.`fUsername` AS `fSubmit_Name`,`u_Entry`.`fUsername` AS `fEntry_Name`,`u_Reviewer`.`fUsername` AS `fReviewer_Name`,`u_Deliverer`.`fUsername` AS `fDeliverer_Name`,`u_Confirm`.`fUsername` AS `fConfirm_Name`,`u_Cancel`.`fUsername` AS `fCancel_Name`,`e_fEspecieID`.`fTitle` AS `fEspecie`,`e_fCategoryID`.`fTitle` AS `fCategory`,`e_fBrandMateriaID`.`fTitle` AS `fBrandMateria`,`e_fColorID`.`fTitle` AS `fColor`,`e_fAvistaID`.`fTitle` AS `fAvista`,`e_fTamanhoID`.`fTitle` AS `fTamanho`,`e_fVendedorID`.`fTitle` AS `fVendedor`,`e_fNrCopyID`.`fTitle` AS `fNrCopy` from (((((((((((((((`t_quotation` `o` left join `t_customer` `c` on((`o`.`fCustomerID` = `c`.`fCustomerID`))) left join `sysusers` `u_Submited` on((`o`.`fSubmitID` = `u_Submited`.`fUserID`))) left join `sysusers` `u_Entry` on((`o`.`fEntryID` = `u_Entry`.`fUserID`))) left join `sysusers` `u_Reviewer` on((`o`.`fReviewerID` = `u_Reviewer`.`fUserID`))) left join `sysusers` `u_Deliverer` on((`o`.`fDelivererID` = `u_Deliverer`.`fUserID`))) left join `sysusers` `u_Confirm` on((`o`.`fConfirmID` = `u_Confirm`.`fUserID`))) left join `sysusers` `u_Cancel` on((`o`.`fCancelID` = `u_Cancel`.`fUserID`))) left join `t_enumeration` `e_fEspecieID` on((`o`.`fEspecieID` = `e_fEspecieID`.`fItemID`))) left join `t_enumeration` `e_fCategoryID` on((`o`.`fCategoryID` = `e_fCategoryID`.`fItemID`))) left join `t_enumeration` `e_fBrandMateriaID` on((`o`.`fBrandMateriaID` = `e_fBrandMateriaID`.`fItemID`))) left join `t_enumeration` `e_fColorID` on((`o`.`fColorID` = `e_fColorID`.`fItemID`))) left join `t_enumeration` `e_fAvistaID` on((`o`.`fAvistaID` = `e_fAvistaID`.`fItemID`))) left join `t_enumeration` `e_fTamanhoID` on((`o`.`fTamanhoID` = `e_fTamanhoID`.`fItemID`))) left join `t_enumeration` `e_fVendedorID` on((`o`.`fVendedorID` = `e_fVendedorID`.`fItemID`))) left join `t_enumeration` `e_fNrCopyID` on((`o`.`fNrCopyID` = `e_fNrCopyID`.`fItemID`)))
;
-- 导出  视图 myorder_python.v_receivables 结构
DROP View IF EXISTS `v_receivables`;
CREATE ALGORITHM=UNDEFINED DEFINER=`myorder`@`%` SQL SECURITY DEFINER VIEW `v_receivables` AS select `r`.`fID` AS `fID`,`r`.`fCustomerID` AS `fCustomerID`,`c`.`fCustomerName` AS `fCustomerName`,`r`.`fReceiptDate` AS `fReceiptDate`,`r`.`fAmountCollected` AS `fAmountCollected`,`u`.`fUsername` AS `fPayee`,`skfs`.`fTitle` AS `fPaymentMethod`,`r`.`fNote` AS `fNote` from ((((`t_receivables` `r` left join `t_customer` `c` on((`r`.`fCustomerID` = `c`.`fCustomerID`))) left join `v_enumeration` `e` on((`r`.`fPaymentMethodID` = `e`.`fItemID`))) left join `sysusers` `u` on((`r`.`fPayeeID` = `u`.`fUserID`))) left join `t_enumeration` `skfs` on((`r`.`fPaymentMethodID` = `skfs`.`fItemID`)))
;
