-- --------------------------------------------------------
-- 主机:                           127.0.0.1
-- 服务器版本:                        5.5.63-MariaDB - mariadb.org binary distribution
-- 服务器操作系统:                      Win32
-- HeidiSQL 版本:                  9.5.0.5196
-- --------------------------------------------------------

/*!40101 SET @OLD_CHARACTER_SET_CLIENT=@@CHARACTER_SET_CLIENT */;
/*!40101 SET NAMES utf8 */;
/*!50503 SET NAMES utf8mb4 */;
/*!40014 SET @OLD_FOREIGN_KEY_CHECKS=@@FOREIGN_KEY_CHECKS, FOREIGN_KEY_CHECKS=0 */;
/*!40101 SET @OLD_SQL_MODE=@@SQL_MODE, SQL_MODE='NO_AUTO_VALUE_ON_ZERO' */;

-- 导出  表 myorder_python.sysconfig 结构
DROP TABLE IF EXISTS `sysconfig`;
CREATE TABLE IF NOT EXISTS `sysconfig` (
  `fID` int(11) NOT NULL AUTO_INCREMENT,
  `fName` varchar(50) DEFAULT NULL,
  `fValueInt` int(11) DEFAULT NULL,
  `fValueStr` text,
  `fValueBool` bit(1) DEFAULT NULL,
  `fValueDate` date DEFAULT NULL,
  `fValueDateTime` datetime DEFAULT NULL,
  `TS` timestamp NULL DEFAULT CURRENT_TIMESTAMP,
  `fValue` longtext,
  PRIMARY KEY (`fID`)
) ENGINE=InnoDB AUTO_INCREMENT=4 DEFAULT CHARSET=utf8;

-- 正在导出表  myorder_python.sysconfig 的数据：~3 rows (大约)
/*!40000 ALTER TABLE `sysconfig` DISABLE KEYS */;
INSERT INTO `sysconfig` (`fID`, `fName`, `fValueInt`, `fValueStr`, `fValueBool`, `fValueDate`, `fValueDateTime`, `TS`, `fValue`) VALUES
	(1, 'Note_PrintingOrder', NULL, 'Note:\r\nEsta ordem sera entregue em 10 dias de trabalho, se esta for urgente,e necessario pagar mais 20%. Para que nao afecte os trrabalhos diarios da vossa empresa,por favor, encomendem a vossa ordem  o mais rapido possivel.\r\n', NULL, NULL, NULL, NULL, NULL),
	(2, 'Bank_Account', NULL, 'Conta Bancaria:  MOZA BANCO\r\nNome da Conta: COLOPRO SINGS & PRINTING\r\nNo da Conta: 1546631810001\r\nNIB: 003400001546631810159', NULL, NULL, NULL, '2019-09-04 16:57:54', NULL),
	(3, 'configValue', NULL, NULL, NULL, NULL, NULL, '2019-09-17 16:33:31', 'gAN9cQAoWBIAAABOb3RlX1ByaW50aW5nT3JkZXJxAVjgAAAATm90ZToKRXN0YSBvcmRlbSBzZXJhIGVudHJlZ3VlIGVtIDEwIGRpYXMgZGUgdHJhYmFsaG8sIHNlIGVzdGEgZm9yIHVyZ2VudGUsZSBuZWNlc3NhcmlvIHBhZ2FyIG1haXMgMjAlLiBQYXJhIHF1ZSBuYW8gYWZlY3RlIG9zIHRycmFiYWxob3MgZGlhcmlvcyBkYSB2b3NzYSBlbXByZXNhLHBvciBmYXZvciwgZW5jb21lbmRlbSBhIHZvc3NhIG9yZGVtICBvIG1haXMgcmFwaWRvIHBvc3NpdmVsLgpxAlgMAAAAQmFua19BY2NvdW50cQNYeQAAAENvbnRhIEJhbmNhcmlhOiAgTU9aQSBCQU5DTwpOb21lIGRhIENvbnRhOiBDT0xPUFJPIFNJTkdTICYgUFJJTlRJTkcKTm8gZGEgQ29udGE6IDE1NDY2MzE4MTAwMDEKTklCOiAwMDM0MDAwMDE1NDY2MzE4MTAxNTlxBFgVAAAATnVsbF9wcm9tcHRfYmFjX2NvbG9ycQVjUHlRdDUuc2lwCl91bnBpY2tsZV90eXBlCnEGWAsAAABQeVF0NS5RdEd1aXEHWAYAAABRQ29sb3JxCChL/0sASwBL/3RxCYdxClJxC1gPAAAAQXV0b1Nocmlua0ZvbnRzcQyIWAwAAABBdXRvRWxsaXBzaXNxDYlYHQAAAFByaW50SGlnaGxpZ2h0QmFja2dyb3VuZENvbG9ycQ5oBmgHWAYAAABRQ29sb3JxDyhLwkvCS8JL/3RxEIdxEVJxElgPAAAAQmlsbENvcHlzX09yZGVycRNYKgAAAGF0ZW5kaW1lbnRvOzE7cHJvZHVjYW87MDtjbGllbnRlOzE7Y2FpeGE7MXEUWBcAAABCaWxsQ29weXNfUHJpbnRpbmdPcmRlcnEVWCoAAABhdGVuZGltZW50bzsxO3Byb2R1Y2FvOzA7Y2xpZW50ZTsxO2NhaXhhOzFxFlgXAAAAQmlsbENvcHlzX091dGJvdW5kT3JkZXJxF1gqAAAAYXRlbmRpbWVudG87MTtwcm9kdWNhbzswO2NsaWVudGU7MTtjYWl4YTsxcRhYGwAAAEJpbGxDb3B5c19XYXJlaG91c2VScmVjZWlwdHEZWCoAAABhdGVuZGltZW50bzsxO3Byb2R1Y2FvOzA7Y2xpZW50ZTsxO2NhaXhhOzFxGlgZAAAAQXV0b1JlZnJlc2hXaGVuRGF0YUNoYW5nZXEbiFgYAAAAQnViYmxlVGlwc1doZW5EYXRhQ2hhbmdlcRyIWBgAAABCaWxsQ29weXNfUXVvdGF0aW9uT3JkZXJxHVgNAAAAYXRlbmRpbWVudG87MXEeWCAAAABCaWxsQ29weXNfUXVvdGF0aW9uUHJpbnRpbmdPcmRlcnEfWBgAAABhdGVuZGltZW50bzsxO3Byb2R1Y2FvOzBxIFgNAAAAVGF4UmVnQ2VyUGF0aHEhWB8AAAAvLzE5Mi4xNjguMS4yMC9qaGdsYi9KaW5QZW5nVGFvcSJ1Lg==');
/*!40000 ALTER TABLE `sysconfig` ENABLE KEYS */;

-- 导出  表 myorder_python.syslanguage 结构
DROP TABLE IF EXISTS `syslanguage`;
CREATE TABLE IF NOT EXISTS `syslanguage` (
  `fID` int(11) NOT NULL AUTO_INCREMENT COMMENT '编号',
  `fParentId` int(11) NOT NULL DEFAULT '0' COMMENT '上级编号',
  `fObjectName` varchar(60) DEFAULT NULL COMMENT '对象名',
  `fCaption` varchar(255) DEFAULT NULL COMMENT '标题',
  `fFontSize` tinyint(2) DEFAULT NULL COMMENT '字号',
  `fFontName` varchar(255) DEFAULT NULL COMMENT '字体',
  `fIndex` smallint(6) DEFAULT NULL COMMENT '顺序',
  `fLanguage1` varchar(255) DEFAULT NULL COMMENT '语言1',
  `fLanguage2` varchar(255) DEFAULT NULL COMMENT '语言2',
  `fType` tinyint(4) DEFAULT NULL COMMENT '类型',
  `TS` timestamp NOT NULL DEFAULT CURRENT_TIMESTAMP ON UPDATE CURRENT_TIMESTAMP,
  PRIMARY KEY (`fID`)
) ENGINE=InnoDB AUTO_INCREMENT=1006477 DEFAULT CHARSET=utf8;

-- 正在导出表  myorder_python.syslanguage 的数据：~841 rows (大约)
/*!40000 ALTER TABLE `syslanguage` DISABLE KEYS */;
INSERT INTO `syslanguage` (`fID`, `fParentId`, `fObjectName`, `fCaption`, `fFontSize`, `fFontName`, `fIndex`, `fLanguage1`, `fLanguage2`, `fType`, `TS`) VALUES
	(1, 0, NULL, 'Logical Operational Symbols', NULL, NULL, NULL, '逻辑运算符', 'Logical Operational Symbols', NULL, '2019-04-10 09:01:01'),
	(2, 0, NULL, 'Sys Error Infomation', NULL, NULL, NULL, '系统错误信息', 'Sys Error Infomation', NULL, '0000-00-00 00:00:00'),
	(101, 0, NULL, 'User Error Infomation', NULL, NULL, NULL, '用户错误信息', 'User Error Infomation', NULL, '0000-00-00 00:00:00'),
	(102, 0, NULL, 'User Definition Object', NULL, NULL, NULL, '用户定义对象', 'User Definition Object', NULL, '0000-00-00 00:00:00'),
	(1001, 1, NULL, 'Include', NULL, NULL, NULL, '包含', 'Include', NULL, '0000-00-00 00:00:00'),
	(1002, 1, NULL, 'NotEqual', NULL, NULL, NULL, '不等于', 'NotEqual', NULL, '0000-00-00 00:00:00'),
	(1003, 1, NULL, 'NotNull', NULL, NULL, NULL, '不为空', 'NotNull', NULL, '0000-00-00 00:00:00'),
	(1004, 1, NULL, 'NotBetween', NULL, NULL, NULL, '不在区间内', 'NotBetween', NULL, '0000-00-00 00:00:00'),
	(1005, 1, NULL, 'GreaterThan', NULL, NULL, NULL, '大于', 'GreaterThan', NULL, '0000-00-00 00:00:00'),
	(1006, 1, NULL, 'GreaterOrEqual', NULL, NULL, NULL, '大于或等于', 'GreaterOrEqual', NULL, '0000-00-00 00:00:00'),
	(1007, 1, NULL, 'Equal', NULL, NULL, NULL, '等于', 'Equal', NULL, '0000-00-00 00:00:00'),
	(1008, 1, NULL, 'NotEndLike', NULL, NULL, NULL, '结束不是', 'NotEndLike', NULL, '0000-00-00 00:00:00'),
	(1009, 1, NULL, 'EndLike', NULL, NULL, NULL, '结束是', 'EndLike', NULL, '0000-00-00 00:00:00'),
	(1010, 1, NULL, 'NotBeginLike', NULL, NULL, NULL, '开头不是', 'NotBeginLike', NULL, '0000-00-00 00:00:00'),
	(1011, 1, NULL, 'BeginLike', NULL, NULL, NULL, '开头是', 'BeginLike', NULL, '0000-00-00 00:00:00'),
	(1012, 1, NULL, 'LaterThan', NULL, NULL, NULL, '晚于', 'LaterThan', NULL, '0000-00-00 00:00:00'),
	(1013, 1, NULL, 'LaterOrEqual', NULL, NULL, NULL, '晚于等于', 'LaterOrEqual', NULL, '0000-00-00 00:00:00'),
	(1014, 1, NULL, 'IsNull', NULL, NULL, NULL, '为空', 'IsNull', NULL, '0000-00-00 00:00:00'),
	(1015, 1, NULL, 'LessThan', NULL, NULL, NULL, '小于', 'LessThan', NULL, '0000-00-00 00:00:00'),
	(1016, 1, NULL, 'LessOrEqual', NULL, NULL, NULL, '小于或等于', 'LessOrEqual', NULL, '0000-00-00 00:00:00'),
	(1017, 1, NULL, 'Between', NULL, NULL, NULL, '在区间内', 'Between', NULL, '0000-00-00 00:00:00'),
	(1018, 1, NULL, 'EarluThan', NULL, NULL, NULL, '早于', 'EarluThan', NULL, '0000-00-00 00:00:00'),
	(1019, 1, NULL, 'EarlyOrEqual', NULL, NULL, NULL, '早于等于', 'EarlyOrEqual', NULL, '0000-00-00 00:00:00'),
	(1020, 1, NULL, 'ISFalse', NULL, NULL, NULL, '值为否', 'ISFalse', NULL, '0000-00-00 00:00:00'),
	(1021, 1, NULL, 'IsTrue', NULL, NULL, NULL, '值为是', 'IsTrue', NULL, '0000-00-00 00:00:00'),
	(1022, 1, NULL, 'LengthIs', NULL, NULL, NULL, '长度等于', 'LengthIs', NULL, '0000-00-00 00:00:00'),
	(1023, 1, NULL, 'LengthGreaterOrEqual', NULL, NULL, NULL, '长度大于等于', 'LengthGreaterOrEqual', NULL, '0000-00-00 00:00:00'),
	(1024, 1, NULL, 'LengthLessOrEqual', NULL, NULL, NULL, '长度小于等于', 'LengthLessOrEqual', NULL, '0000-00-00 00:00:00'),
	(1025, 1, NULL, 'LengthGreaterThan', NULL, NULL, NULL, '长度大于', 'LengthGreaterThan', NULL, '0000-00-00 00:00:00'),
	(1026, 1, NULL, 'LengthLessThan', NULL, NULL, NULL, '长度小于', 'LengthLessThan', NULL, '0000-00-00 00:00:00'),
	(1027, 1, NULL, 'IsEmptyString', NULL, NULL, NULL, '为空字符串', 'IsEmptyString', NULL, '0000-00-00 00:00:00'),
	(2001, 2, NULL, 'The parameter in the sysconfig  has no type set:', NULL, NULL, NULL, '系统参数表中参数没有设置类型:', 'The parameter in the sysconfig  has no type set:', NULL, '0000-00-00 00:00:00'),
	(2002, 2, NULL, 'Parameter type error!', NULL, NULL, NULL, '参数类型错误！', 'Parameter type error', NULL, '0000-00-00 00:00:00'),
	(2003, 2, NULL, 'Error saving parameters', NULL, NULL, NULL, '保存参数出现错误', 'Error saving parameters', NULL, '0000-00-00 00:00:00'),
	(2004, 2, NULL, 'An error occurred while saving the data. The data may not be fully saved', NULL, NULL, NULL, '保存数据时发生错误,数据可能没有完整保存', 'An error occurred while saving the data. The data may not be fully saved', NULL, '0000-00-00 00:00:00'),
	(2005, 2, NULL, 'Please enter your username!', NULL, NULL, NULL, '请输入您的用户名！', 'Please enter your username!', NULL, '0000-00-00 00:00:00'),
	(2006, 2, NULL, 'Please enter your password!', NULL, NULL, NULL, '请输入您的密码！', 'Please enter your password!', NULL, '0000-00-00 00:00:00'),
	(2007, 2, NULL, 'Username or password incorrect!', NULL, NULL, NULL, '用户名或密码不正确！', 'Username or password incorrect!', NULL, '0000-00-00 00:00:00'),
	(2008, 2, NULL, 'No record was selected!', NULL, NULL, NULL, '您没有选择有效的记录！', 'No record was selected!', NULL, '0000-00-00 00:00:00'),
	(2009, 2, NULL, 'Save data complete!', NULL, NULL, NULL, '数据保存成功！', 'Save data complete!', NULL, '0000-00-00 00:00:00'),
	(2010, 2, NULL, 'When setting the list form header, no appropriate control was found！', NULL, NULL, NULL, '设置列表窗体表头时，没有找到合适的控件！', 'When setting the list form header, no appropriate control was found！', NULL, '0000-00-00 00:00:00'),
	(2011, 2, NULL, 'Please select an error message type!', NULL, NULL, NULL, '请选择一个错误信息类型!', 'Please select an error message type!', NULL, '0000-00-00 00:00:00'),
	(2012, 2, 'ErrInfo', 'Please select the query criteria!', NULL, NULL, NULL, '请选择查询条件!', 'Please select the query criteria!', NULL, '0000-00-00 00:00:00'),
	(2013, 2, 'ErrInfo', 'Please close the object that has been opened except this form!', NULL, NULL, NULL, '请关闭除此表单外已打开的对象！', 'Please close the object that has been opened except this form!', NULL, '0000-00-00 00:00:00'),
	(2014, 2, 'ErrInfo', 'Field [@Para] cannot be empty!', NULL, NULL, NULL, '字段【@Para】不能为空!', 'Field [@Para] cannot be empty!', NULL, '2019-04-10 23:12:35'),
	(2015, 2, 'Errinfo', 'Field [@Para] cannot be zero in length!', NULL, NULL, NULL, '字段【@Para】长度不能为零！', 'Field [@Para] cannot be zero in length!', NULL, '2019-04-10 23:12:31'),
	(2016, 2, 'ErrInfo', 'The order have been cancelled and cannot be edited!', NULL, NULL, NULL, '单据已经作废，无法编辑', 'The order have been cancelled and cannot be edited!', NULL, '2019-04-18 20:33:50'),
	(2017, 2, 'Errinfo', 'Recovery data will delete all data in the target table. Are you sure you want to restore?', NULL, NULL, NULL, '恢复数据将会删除目标表中所有数据，确认要恢复吗？', 'Recovery data will delete all data in the target table. Are you sure you want to restore?', NULL, '2019-04-23 18:50:52'),
	(10025, 101, 'ErrInfo', 'The order will not be modified after submission. Click OK to continue submitting.', NULL, NULL, 1, '提交后订单将不能修改！确定继续提交。', 'The order will not be modified after submission.  Click OK to continue submitting.', NULL, '2019-04-02 09:25:30'),
	(10026, 101, 'ErrInfo', 'Customer name cannot be empty!', NULL, NULL, 2, '客户名称不能为空！', 'Customer name cannot be empty!', NULL, '0000-00-00 00:00:00'),
	(10027, 101, 'ErrInfo', 'Error while saving data', NULL, NULL, 3, '保存数据时发生错误!', 'Error while saving data', NULL, '0000-00-00 00:00:00'),
	(10028, 101, 'ErrInfo', 'The order has been submitted and cannot be modified.', NULL, NULL, 4, '订单已经提交,不能再修改!', 'The order has been submitted and cannot be modified.', NULL, '0000-00-00 00:00:00'),
	(10029, 101, 'ErrInfo', 'The production guide has not been generated and cannot be submitted.', NULL, NULL, 5, '生产指南还没有生成，无法提交!', 'The production guide has not been generated and cannot be submitted.', NULL, '0000-00-00 00:00:00'),
	(10030, 101, 'ErrInfo', 'Production Guidelines have been submitted and cannot be submitted repeatedly.', NULL, NULL, 6, '生产指南已经提交，无法重复提交!', 'Production Guidelines have been submitted and cannot be submitted repeatedly.', NULL, '0000-00-00 00:00:00'),
	(10031, 101, 'ErrInfo', 'The payment has been submitted and cannot be modified.', NULL, NULL, 7, '付款书已经确认,不能再修改!', 'The payment has been submitted and cannot be modified.', NULL, '0000-00-00 00:00:00'),
	(10032, 101, 'ErrInfo', 'The payment has been confirmed and cannot be repeated.', NULL, NULL, 8, '付款书已经确认，无法重复确认!', 'The payment has been confirmed and cannot be repeated.', NULL, '0000-00-00 00:00:00'),
	(10033, 101, 'ErrInfo', ' Production guidelines already exist and cannot be created.', NULL, NULL, 9, '生产指南已经存在，无法重复创建!', ' Production guidelines already exist and cannot be created.', NULL, '0000-00-00 00:00:00'),
	(10034, 101, 'ErrInfo', 'No production guide has been created yet.', NULL, NULL, 10, '还没有创建生产指南', 'No production guide has been created yet.', NULL, '0000-00-00 00:00:00'),
	(10035, 101, 'ErrInfo', 'Production Guidelines will not be modified after submission. Please confirm that the order has been saved! Click OK to continue submitting.', NULL, NULL, 11, '提交后生产指南将不能修改，确认已经保存！确定继续提交。', 'Production Guidelines will not be modified after submission. Please confirm that the order has been saved! Click OK to continue submitting.', NULL, '0000-00-00 00:00:00'),
	(10036, 101, 'ErrInfo', 'The production guide has been submitted and cannot be modified.', NULL, NULL, 12, '生产指南已经提交,不能再修改!', 'The production guide has been submitted and cannot be modified.', NULL, '0000-00-00 00:00:00'),
	(10037, 101, 'ErrInfo', 'No orders.', NULL, NULL, 13, '没有订单，无法处理生产指南！', 'No orders.', NULL, '0000-00-00 00:00:00'),
	(10038, 101, 'ErrInfo', 'Delivery date cannot be empty!', NULL, NULL, 14, '交货日期不能为空！', 'Delivery date cannot be empty!', NULL, '0000-00-00 00:00:00'),
	(10039, 101, 'ErrInfo', 'Amount can not be empty!', NULL, NULL, NULL, '金额不能为空！', 'Amount can not be empty!', NULL, '0000-00-00 00:00:00'),
	(10040, 101, 'ErrInfo', 'Modo Pago can not be empty!', NULL, NULL, NULL, '收款方式不能为空！', 'Modo Pago can not be empty!', NULL, '0000-00-00 00:00:00'),
	(10041, 101, 'ErrInfo', 'Payee can not be empty!', NULL, NULL, NULL, '收款人不能为空！', 'Payee can not be empty!', NULL, '0000-00-00 00:00:00'),
	(10042, 101, 'ErrInfo', 'The bill of payment will not be amended after confirmation. Do you want to confirm this payment form?', NULL, NULL, NULL, '付款单确认后将不能修改。是否要确认此付款单？', 'The bill of payment will not be amended after confirmation. Do you want to confirm this payment form?', NULL, '0000-00-00 00:00:00'),
	(10043, 101, 'ErrInfo', 'The order has been submitted, can not be repeated submission', NULL, NULL, NULL, '订单已经提交，不能重复提交！', 'The order has been submitted, can not be repeated submission', NULL, '0000-00-00 00:00:00'),
	(10044, 101, 'ErrInfo', 'Are you sure you want to cancel this order?', NULL, NULL, NULL, '您确认要作废此订单？', 'Are you sure you want to cancel this order?', NULL, '0000-00-00 00:00:00'),
	(10045, 101, 'ErrInfo', 'The order has been cancelled and cannot be cancelled again!', NULL, NULL, NULL, '订单已作废，无法重复作废！', 'The order has been cancelled and cannot be cancelled again!', NULL, '0000-00-00 00:00:00'),
	(10046, 101, 'ErrInfo', 'Are you sure you want to delete this customer?', NULL, NULL, NULL, '确认要删除此客户？', 'Are you sure you want to delete this customer?', NULL, '0000-00-00 00:00:00'),
	(10047, 101, 'ErrInfo', 'The customer already has an order and can not delete it!', NULL, NULL, NULL, '该客户已经存在订单，无法删除!', 'The customer already has an order and can not delete it!', NULL, '0000-00-00 00:00:00'),
	(10048, 101, 'ErrInfo', 'The order has been delivered, and can not be repeated delivery!', NULL, NULL, NULL, '订单已经交付，不能重复交付！', 'The order has been delivered, and can not be repeated delivery!', NULL, '2019-04-05 01:19:47'),
	(10049, 101, 'ErrInfo', 'Are you sure you want to deliver this order?', NULL, NULL, NULL, '确认要交付此订单吗?', 'Are you sure you want to deliver this order?', NULL, '2019-04-05 01:21:47'),
	(1005737, 102, 'f_Order_Edit_mob', 'f_Order_Edit_mob', NULL, NULL, NULL, 'f_Order_Edit_mob', 'f_Order_Edit_mob', 2, '2019-04-22 09:45:15'),
	(1005738, 1005737, 'CmdSave', 'Save', NULL, NULL, NULL, 'Save', 'Save', 104, '2019-04-22 09:45:15'),
	(1005739, 1005737, 'CmdExit', 'Exit', NULL, NULL, NULL, 'Exit', 'Exit', 104, '2019-04-22 09:45:15'),
	(1005740, 1005737, 'CmdPrint', 'Print', NULL, NULL, NULL, 'Print', 'Print', 104, '2019-04-22 09:45:15'),
	(1005741, 1005737, 'CmdPDF', 'PDF', NULL, NULL, NULL, 'PDF', 'PDF', 104, '2019-04-22 09:45:15'),
	(1005742, 1005737, 'Label_fNote', '备注Note:', NULL, NULL, NULL, '备注Note:', '备注Note:', 100, '2019-04-22 09:45:15'),
	(1005743, 1005737, 'Label_fAmount', '金额合计SubTotal:', NULL, NULL, NULL, '金额合计SubTotal:', '金额合计SubTotal:', 100, '2019-04-22 09:45:15'),
	(1005744, 1005737, 'Label_fTax', '税金IVA:', NULL, NULL, NULL, '税金IVA:', '税金IVA:', 100, '2019-04-22 09:45:15'),
	(1005745, 1005737, 'Label_fPayable', '应付金额Valor a Pagar:', NULL, NULL, NULL, '应付金额Valor a Pagar:', '应付金额Valor a Pagar:', 100, '2019-04-22 09:45:15'),
	(1005746, 1005737, 'Label_fDesconto', '折扣Desconto:', NULL, NULL, NULL, '折扣Desconto:', '折扣Desconto:', 100, '2019-04-22 09:45:15'),
	(1005747, 1005737, 'Label_fOrderID', 'Nº:', NULL, NULL, NULL, 'Nº:', 'Nº:', 100, '2019-04-22 09:45:15'),
	(1005748, 1005737, 'Label_fOrderDate', '日期Date:', NULL, NULL, NULL, '日期Date:', '日期Date:', 100, '2019-04-22 09:45:15'),
	(1005749, 1005737, 'Label_fUNIT', '税号NUIT:', NULL, NULL, NULL, '税号NUIT:', '税号NUIT:', 100, '2019-04-22 09:45:15'),
	(1005750, 1005737, 'Label_fCity', '城市City:', NULL, NULL, NULL, '城市City:', '城市City:', 100, '2019-04-22 09:45:15'),
	(1005751, 1005737, 'Label_fContato', '联系人Contato:', NULL, NULL, NULL, '联系人Contato:', '联系人Contato:', 100, '2019-04-22 09:45:15'),
	(1005752, 1005737, 'Label_fCelular', '手机Celular:', NULL, NULL, NULL, '手机Celular:', '手机Celular:', 100, '2019-04-22 09:45:15'),
	(1005753, 1005737, 'Label_fTelefone', '电话Tel:', NULL, NULL, NULL, '电话Tel:', '电话Tel:', 100, '2019-04-22 09:45:15'),
	(1005754, 1005737, 'Label_fEndereco', '地址Endereco:', NULL, NULL, NULL, '地址Endereco:', '地址Endereco:', 100, '2019-04-22 09:45:15'),
	(1005755, 1005737, 'Label_fSucursal', 'Sucursal:', NULL, NULL, NULL, 'Sucursal:', 'Sucursal:', 100, '2019-04-22 09:45:15'),
	(1005756, 1005737, 'Label_fRequiredDeliveryDate', '交货日期Date:', NULL, NULL, NULL, '交货日期Date:', '交货日期Date:', 100, '2019-04-22 09:45:15'),
	(1005757, 1005737, 'Label_fCustomerName', '客户名Cliente:', NULL, NULL, NULL, '客户名Cliente:', '客户名Cliente:', 100, '2019-04-22 09:45:15'),
	(1005758, 1005737, 'Label_fCanceled', 'Canceled', NULL, NULL, NULL, 'Canceled', 'Canceled', 100, '2019-04-22 09:45:15'),
	(1005759, 1005737, 'Label_fVendedor', '销售Vendedor:', NULL, NULL, NULL, '销售Vendedor:', '销售Vendedor:', 100, '2019-04-22 09:45:15'),
	(1005760, 102, 'SysfrmConfig', 'SysfrmConfig', NULL, NULL, NULL, 'SysfrmConfig', 'SysfrmConfig', 2, '2019-04-22 09:45:15'),
	(1005761, 1005760, 'Label_ListFormRowBackColor', '列表窗体界面背景色ListFormRowBackColor:', NULL, NULL, NULL, '列表窗体界面背景色ListFormRowBackColor:', '列表窗体界面背景色ListFormRowBackColor:', 100, '2019-04-22 09:45:15'),
	(1005762, 1005760, 'Label_UserInterfaceLanguage', '用户界面语言UserInterfaceLanguage:', NULL, NULL, NULL, '用户界面语言UserInterfaceLanguage:', '用户界面语言UserInterfaceLanguage:', 100, '2019-04-22 09:45:15'),
	(1005763, 1005760, 'CmdOk', 'OK(&O)', NULL, NULL, NULL, 'OK(&O)', 'OK(&O)', 104, '2019-04-22 09:45:15'),
	(1005764, 1005760, 'Label_NullControlLabelForeColor', '空字段标题前景色NullControlLabelForeColor:', NULL, NULL, NULL, '空字段标题前景色NullControlLabelForeColor:', '空字段标题前景色NullControlLabelForeColor:', 100, '2019-04-22 09:45:15'),
	(1005765, 1005760, 'Label_NullControlBackColor', '空字段背景色NullControlBackColor:', NULL, NULL, NULL, '空字段背景色NullControlBackColor:', '空字段背景色NullControlBackColor:', 100, '2019-04-22 09:45:15'),
	(1005766, 102, 'SysfrmUserPassword', 'SysfrmUserPassword', NULL, NULL, NULL, 'SysfrmUserPassword', 'SysfrmUserPassword', 2, '2019-04-22 09:45:15'),
	(1005767, 1005766, 'LabelTitle', '修改密码Change Password', NULL, NULL, NULL, '修改密码Change Password', '修改密码Change Password', 100, '2019-04-22 09:45:15'),
	(1005768, 1005766, 'cmdCancel', 'Exit(&E)', NULL, NULL, NULL, 'Exit(&E)', 'Exit(&E)', 104, '2019-04-22 09:45:15'),
	(1005769, 1005766, 'cmdOK', 'OK(&O)', NULL, NULL, NULL, 'OK(&O)', 'OK(&O)', 104, '2019-04-22 09:45:15'),
	(1005770, 1005766, 'Label_OriginalPassword', '原密码Original password:', NULL, NULL, NULL, '原密码Original password:', '原密码Original password:', 100, '2019-04-22 09:45:15'),
	(1005771, 1005766, 'Label_NewPassword', '新密码New Password:', NULL, NULL, NULL, '新密码New Password:', '新密码New Password:', 100, '2019-04-22 09:45:15'),
	(1005772, 1005766, 'Label_ConfirmPassword', '确认密码Confirm password:', NULL, NULL, NULL, '确认密码Confirm password:', '确认密码Confirm password:', 100, '2019-04-22 09:45:15'),
	(1005773, 102, 'f_Complete_Comfirm', 'f_Complete_Comfirm', NULL, NULL, NULL, 'f_Complete_Comfirm', 'f_Complete_Comfirm', 2, '2019-04-22 09:45:15'),
	(1005774, 1005773, 'Label_fDeliveryDate', '交付时间Date:', NULL, NULL, NULL, '交付时间Date:', '交付时间Date:', 100, '2019-04-22 09:45:15'),
	(1005775, 1005773, 'Label_Deliver', '交付人Deliverer:', NULL, NULL, NULL, '交付人Deliverer:', '交付人Deliverer:', 100, '2019-04-22 09:45:15'),
	(1005776, 1005773, 'Label_fOrderID', '订单编号OrderID:', NULL, NULL, NULL, '订单编号OrderID:', '订单编号OrderID:', 100, '2019-04-22 09:45:15'),
	(1005777, 1005773, 'CmdOK', '确定OK', NULL, NULL, NULL, '确定OK', '确定OK', 104, '2019-04-22 09:45:15'),
	(1005778, 102, 'SysfrmUserLogin', 'SysfrmUserLogin', NULL, NULL, NULL, 'SysfrmUserLogin', 'SysfrmUserLogin', 2, '2019-04-22 09:45:15'),
	(1005779, 1005778, 'LabelTitle', '用户登录Login', NULL, NULL, NULL, '用户登录Login', '用户登录Login', 100, '2019-04-22 09:45:15'),
	(1005780, 1005778, 'cmdCancel', 'Exit(&E)', NULL, NULL, NULL, 'Exit(&E)', 'Exit(&E)', 104, '2019-04-22 09:45:15'),
	(1005781, 1005778, 'cmdOK', 'OK(&O)', NULL, NULL, NULL, 'OK(&O)', 'OK(&O)', 104, '2019-04-22 09:45:15'),
	(1005782, 1005778, 'Label_UerName', '用户名UserName:', NULL, NULL, NULL, '用户名UserName:', '用户名UserName:', 100, '2019-04-22 09:45:15'),
	(1005783, 1005778, 'Label_Password', '密码Password:', NULL, NULL, NULL, '密码Password:', '密码Password:', 100, '2019-04-22 09:45:15'),
	(1005784, 1005778, 'Label_changeUser', '更换用户ChangeUser', NULL, NULL, NULL, '更换用户ChangeUser', '更换用户ChangeUser', 100, '2019-04-22 09:45:15'),
	(1005785, 102, 'SysfrmColorPicker', 'SysfrmColorPicker', NULL, NULL, NULL, 'SysfrmColorPicker', 'SysfrmColorPicker', 2, '2019-04-22 09:45:16'),
	(1005786, 102, 'f_Customer_Edit', 'f_Customer_Edit', NULL, NULL, NULL, 'f_Customer_Edit', 'f_Customer_Edit', 2, '2019-04-22 09:45:16'),
	(1005787, 1005786, 'Label_Title', 'Customer Infomation', NULL, NULL, NULL, 'Customer Infomation', 'Customer Infomation', 100, '2019-04-22 09:45:16'),
	(1005788, 1005786, 'Label_CustomerID', '客户号CustomerID:', NULL, NULL, NULL, '客户号CustomerID:', '客户号CustomerID:', 100, '2019-04-22 09:45:16'),
	(1005789, 1005786, 'Label_CustomerName', '客户名Cliente:', NULL, NULL, NULL, '客户名Cliente:', '客户名Cliente:', 100, '2019-04-22 09:45:16'),
	(1005790, 1005786, 'Label_NUIT', '税号NUIT:', NULL, NULL, NULL, '税号NUIT:', '税号NUIT:', 100, '2019-04-22 09:45:16'),
	(1005791, 1005786, 'Label_Contato', '联系人Contato:', NULL, NULL, NULL, '联系人Contato:', '联系人Contato:', 100, '2019-04-22 09:45:16'),
	(1005792, 1005786, 'Label_Celular', '手机Celular:', NULL, NULL, NULL, '手机Celular:', '手机Celular:', 100, '2019-04-22 09:45:16'),
	(1005793, 1005786, 'Label_Telefone', '电话Telefone:', NULL, NULL, NULL, '电话Telefone:', '电话Telefone:', 100, '2019-04-22 09:45:16'),
	(1005794, 1005786, 'Label_Fax', '传真Fax:', NULL, NULL, NULL, '传真Fax:', '传真Fax:', 100, '2019-04-22 09:45:16'),
	(1005795, 1005786, 'Label23', '地址Endereco:', NULL, NULL, NULL, '地址Endereco:', '地址Endereco:', 100, '2019-04-22 09:45:16'),
	(1005796, 1005786, 'Label49', '电子邮件Email:', NULL, NULL, NULL, '电子邮件Email:', '电子邮件Email:', 100, '2019-04-22 09:45:16'),
	(1005797, 1005786, 'Label51', '网站Web:', NULL, NULL, NULL, '网站Web:', '网站Web:', 100, '2019-04-22 09:45:16'),
	(1005798, 1005786, 'Label_City', '城市City:', NULL, NULL, NULL, '城市City:', '城市City:', 100, '2019-04-22 09:45:16'),
	(1005799, 1005786, 'CmdCancel', 'Cancel', NULL, NULL, NULL, 'Cancel', 'Cancel', 104, '2019-04-22 09:45:16'),
	(1005800, 1005786, 'CmdSave', 'Save', NULL, NULL, NULL, 'Save', 'Save', 104, '2019-04-22 09:45:16'),
	(1005801, 102, 'f_Order', 'f_Order', NULL, NULL, NULL, 'f_Order', 'f_Order', 2, '2019-04-22 09:45:16'),
	(1005802, 1005801, 'CmdEdit', 'Edit', NULL, NULL, NULL, 'Edit', 'Edit', 104, '2019-04-22 09:45:16'),
	(1005803, 1005801, 'CmdNew', 'New', NULL, NULL, NULL, 'New', 'New', 104, '2019-04-22 09:45:16'),
	(1005804, 1005801, 'LabelTitle', 'Orders List', NULL, NULL, NULL, 'Orders List', 'Orders List', 100, '2019-04-22 09:45:16'),
	(1005805, 1005801, 'CmdExportToExcel', 'ExportToExcel', NULL, NULL, NULL, 'ExportToExcel', 'ExportToExcel', 104, '2019-04-22 09:45:16'),
	(1005806, 1005801, 'CmdBrowse', 'Browse', NULL, NULL, NULL, 'Browse', 'Browse', 104, '2019-04-22 09:45:16'),
	(1005807, 1005801, 'CmdSubmit', 'Submit', NULL, NULL, NULL, 'Submit', 'Submit', 104, '2019-04-22 09:45:16'),
	(1005808, 1005801, 'CmdRefresh', 'Refresh', NULL, NULL, NULL, 'Refresh', 'Refresh', 104, '2019-04-22 09:45:16'),
	(1005809, 1005801, 'Label_Filter', 'Filter:', NULL, NULL, NULL, 'Filter:', 'Filter:', 100, '2019-04-22 09:45:16'),
	(1005810, 1005801, 'Label_UnSubmit', 'UnSubmited', NULL, NULL, NULL, 'UnSubmited', 'UnSubmited', 100, '2019-04-22 09:45:16'),
	(1005811, 1005801, 'Label_Submit', 'Submited', NULL, NULL, NULL, 'Submited', 'Submited', 100, '2019-04-22 09:45:16'),
	(1005812, 1005801, 'CmdSearch', 'Search', NULL, NULL, NULL, 'Search', 'Search', 104, '2019-04-22 09:45:16'),
	(1005813, 102, 'f_Quotation_Edit_O', 'f_Quotation_Edit_O', NULL, NULL, NULL, 'f_Quotation_Edit_O', 'f_Quotation_Edit_O', 2, '2019-04-22 09:45:16'),
	(1005814, 1005813, 'Label_Title_En', 'Cotação', NULL, NULL, NULL, 'Cotação', 'Cotação', 100, '2019-04-22 09:45:16'),
	(1005815, 1005813, 'Label_Title_chn', '报价单', NULL, NULL, NULL, '报价单', '报价单', 100, '2019-04-22 09:45:16'),
	(1005816, 102, 'f_Receivables_Edit', 'f_Receivables_Edit', NULL, NULL, NULL, 'f_Receivables_Edit', 'f_Receivables_Edit', 2, '2019-04-22 09:45:16'),
	(1005817, 1005816, 'HeaderTitle_Label', '收款记录Collection records', NULL, NULL, NULL, '收款记录Collection records', '收款记录Collection records', 100, '2019-04-22 09:45:16'),
	(1005818, 1005816, 'Label_fCustomerName', '客户名称Cliente:', NULL, NULL, NULL, '客户名称Cliente:', '客户名称Cliente:', 100, '2019-04-22 09:45:16'),
	(1005819, 1005816, 'Label_fCelular', '手机Celular:', NULL, NULL, NULL, '手机Celular:', '手机Celular:', 100, '2019-04-22 09:45:16'),
	(1005820, 1005816, 'Label_fNUIT', '税号NUIT:', NULL, NULL, NULL, '税号NUIT:', '税号NUIT:', 100, '2019-04-22 09:45:16'),
	(1005821, 1005816, 'Label_fCity', '城市City:', NULL, NULL, NULL, '城市City:', '城市City:', 100, '2019-04-22 09:45:16'),
	(1005822, 1005816, 'Label_fOrderDate', '订单日期Data:', NULL, NULL, NULL, '订单日期Data:', '订单日期Data:', 100, '2019-04-22 09:45:16'),
	(1005823, 1005816, 'Label_fAmountPayable', '应付金额Valor a Pagar:', NULL, NULL, NULL, '应付金额Valor a Pagar:', '应付金额Valor a Pagar:', 100, '2019-04-22 09:45:16'),
	(1005824, 1005816, 'Label_fAmountPaid', '已付金额Amount Paid:', NULL, NULL, NULL, '已付金额Amount Paid:', '已付金额Amount Paid:', 100, '2019-04-22 09:45:16'),
	(1005825, 1005816, 'Label_fReceiptDate', '收款日期Data de Pago', NULL, NULL, NULL, '收款日期Data de Pago', '收款日期Data de Pago', 100, '2019-04-22 09:45:16'),
	(1005826, 1005816, 'Label_fAmountCollected', '金额Amount:', NULL, NULL, NULL, '金额Amount:', '金额Amount:', 100, '2019-04-22 09:45:16'),
	(1005827, 1005816, 'Label_fNote', '备注Note:', NULL, NULL, NULL, '备注Note:', '备注Note:', 100, '2019-04-22 09:45:16'),
	(1005828, 1005816, 'Label_PayeeID', '收款人Payee:', NULL, NULL, NULL, '收款人Payee:', '收款人Payee:', 100, '2019-04-22 09:45:16'),
	(1005829, 1005816, 'Label_Arrears', '欠款金额Arrears:', NULL, NULL, NULL, '欠款金额Arrears:', '欠款金额Arrears:', 100, '2019-04-22 09:45:16'),
	(1005830, 1005816, 'Label_fPaymentMethod', '收款方式Modo Pago:', NULL, NULL, NULL, '收款方式Modo Pago:', '收款方式Modo Pago:', 100, '2019-04-22 09:45:16'),
	(1005831, 1005816, 'CmdOk', 'OK(&O)', NULL, NULL, NULL, 'OK(&O)', 'OK(&O)', 104, '2019-04-22 09:45:16'),
	(1005832, 1005816, 'CmdClose', 'Cancel(&Q)', NULL, NULL, NULL, 'Cancel(&Q)', 'Cancel(&Q)', 104, '2019-04-22 09:45:16'),
	(1005833, 102, 'SysfrmCalendar', 'SysfrmCalendar', NULL, NULL, NULL, 'SysfrmCalendar', 'SysfrmCalendar', 2, '2019-04-22 09:45:16'),
	(1005834, 1005833, 'cmdCancel', '取消', NULL, NULL, NULL, '取消', '取消', 104, '2019-04-22 09:45:16'),
	(1005835, 1005833, 'cmdCancel_Label', '×', NULL, NULL, NULL, '×', '×', 100, '2019-04-22 09:45:16'),
	(1005836, 1005833, 'lblCol0', 'Mon', NULL, NULL, NULL, 'Mon', 'Mon', 100, '2019-04-22 09:45:16'),
	(1005837, 1005833, 'lblCol1', 'Tues', NULL, NULL, NULL, 'Tues', 'Tues', 100, '2019-04-22 09:45:16'),
	(1005838, 1005833, 'lblCol2', 'Wed', NULL, NULL, NULL, 'Wed', 'Wed', 100, '2019-04-22 09:45:16'),
	(1005839, 1005833, 'lblCol3', 'Thur', NULL, NULL, NULL, 'Thur', 'Thur', 100, '2019-04-22 09:45:16'),
	(1005840, 1005833, 'lblCol4', 'Fri', NULL, NULL, NULL, 'Fri', 'Fri', 100, '2019-04-22 09:45:16'),
	(1005841, 1005833, 'lblCol5', 'Sat', NULL, NULL, NULL, 'Sat', 'Sat', 100, '2019-04-22 09:45:16'),
	(1005842, 1005833, 'lblCol6', 'Sun', NULL, NULL, NULL, 'Sun', 'Sun', 100, '2019-04-22 09:45:16'),
	(1005843, 1005833, 'lblDay42', '5', NULL, NULL, NULL, '5', '5', 100, '2019-04-22 09:45:16'),
	(1005844, 1005833, 'lblDay1', '30', NULL, NULL, NULL, '30', '30', 100, '2019-04-22 09:45:16'),
	(1005845, 1005833, 'lblDay2', '31', NULL, NULL, NULL, '31', '31', 100, '2019-04-22 09:45:16'),
	(1005846, 1005833, 'lblDay3', '1', NULL, NULL, NULL, '1', '1', 100, '2019-04-22 09:45:16'),
	(1005847, 1005833, 'lblDay4', '2', NULL, NULL, NULL, '2', '2', 100, '2019-04-22 09:45:16'),
	(1005848, 1005833, 'lblDay5', '3', NULL, NULL, NULL, '3', '3', 100, '2019-04-22 09:45:16'),
	(1005849, 1005833, 'lblDay6', '4', NULL, NULL, NULL, '4', '4', 100, '2019-04-22 09:45:16'),
	(1005850, 1005833, 'lblDay7', '5', NULL, NULL, NULL, '5', '5', 100, '2019-04-22 09:45:16'),
	(1005851, 1005833, 'lblDay8', '6', NULL, NULL, NULL, '6', '6', 100, '2019-04-22 09:45:16'),
	(1005852, 1005833, 'lblDay9', '7', NULL, NULL, NULL, '7', '7', 100, '2019-04-22 09:45:16'),
	(1005853, 1005833, 'lblDay10', '8', NULL, NULL, NULL, '8', '8', 100, '2019-04-22 09:45:16'),
	(1005854, 1005833, 'lblDay11', '9', NULL, NULL, NULL, '9', '9', 100, '2019-04-22 09:45:16'),
	(1005855, 1005833, 'lblDay12', '10', NULL, NULL, NULL, '10', '10', 100, '2019-04-22 09:45:16'),
	(1005856, 1005833, 'lblDay13', '11', NULL, NULL, NULL, '11', '11', 100, '2019-04-22 09:45:16'),
	(1005857, 1005833, 'lblDay14', '12', NULL, NULL, NULL, '12', '12', 100, '2019-04-22 09:45:16'),
	(1005858, 1005833, 'lblDay15', '13', NULL, NULL, NULL, '13', '13', 100, '2019-04-22 09:45:16'),
	(1005859, 1005833, 'lblDay16', '14', NULL, NULL, NULL, '14', '14', 100, '2019-04-22 09:45:16'),
	(1005860, 1005833, 'lblDay17', '15', NULL, NULL, NULL, '15', '15', 100, '2019-04-22 09:45:16'),
	(1005861, 1005833, 'lblDay18', '16', NULL, NULL, NULL, '16', '16', 100, '2019-04-22 09:45:16'),
	(1005862, 1005833, 'lblDay19', '17', NULL, NULL, NULL, '17', '17', 100, '2019-04-22 09:45:16'),
	(1005863, 1005833, 'lblDay20', '18', NULL, NULL, NULL, '18', '18', 100, '2019-04-22 09:45:16'),
	(1005864, 1005833, 'lblDay21', '19', NULL, NULL, NULL, '19', '19', 100, '2019-04-22 09:45:16'),
	(1005865, 1005833, 'lblDay22', '20', NULL, NULL, NULL, '20', '20', 100, '2019-04-22 09:45:16'),
	(1005866, 1005833, 'lblDay23', '21', NULL, NULL, NULL, '21', '21', 100, '2019-04-22 09:45:16'),
	(1005867, 1005833, 'lblDay24', '22', NULL, NULL, NULL, '22', '22', 100, '2019-04-22 09:45:16'),
	(1005868, 1005833, 'lblDay25', '23', NULL, NULL, NULL, '23', '23', 100, '2019-04-22 09:45:16'),
	(1005869, 1005833, 'lblDay26', '24', NULL, NULL, NULL, '24', '24', 100, '2019-04-22 09:45:16'),
	(1005870, 1005833, 'lblDay27', '25', NULL, NULL, NULL, '25', '25', 100, '2019-04-22 09:45:16'),
	(1005871, 1005833, 'lblDay28', '26', NULL, NULL, NULL, '26', '26', 100, '2019-04-22 09:45:16'),
	(1005872, 1005833, 'lblDay29', '27', NULL, NULL, NULL, '27', '27', 100, '2019-04-22 09:45:16'),
	(1005873, 1005833, 'lblDay30', '28', NULL, NULL, NULL, '28', '28', 100, '2019-04-22 09:45:16'),
	(1005874, 1005833, 'lblDay31', '29', NULL, NULL, NULL, '29', '29', 100, '2019-04-22 09:45:16'),
	(1005875, 1005833, 'lblDay32', '30', NULL, NULL, NULL, '30', '30', 100, '2019-04-22 09:45:16'),
	(1005876, 1005833, 'lblDay33', '1', NULL, NULL, NULL, '1', '1', 100, '2019-04-22 09:45:16'),
	(1005877, 1005833, 'lblDay34', '2', NULL, NULL, NULL, '2', '2', 100, '2019-04-22 09:45:16'),
	(1005878, 1005833, 'lblDay35', '3', NULL, NULL, NULL, '3', '3', 100, '2019-04-22 09:45:16'),
	(1005879, 1005833, 'lblDay36', '30', NULL, NULL, NULL, '30', '30', 100, '2019-04-22 09:45:16'),
	(1005880, 1005833, 'lblDay37', '31', NULL, NULL, NULL, '31', '31', 100, '2019-04-22 09:45:16'),
	(1005881, 1005833, 'lblDay38', '1', NULL, NULL, NULL, '1', '1', 100, '2019-04-22 09:45:16'),
	(1005882, 1005833, 'lblDay39', '2', NULL, NULL, NULL, '2', '2', 100, '2019-04-22 09:45:16'),
	(1005883, 1005833, 'lblDay40', '3', NULL, NULL, NULL, '3', '3', 100, '2019-04-22 09:45:16'),
	(1005884, 1005833, 'lblDay41', '4', NULL, NULL, NULL, '4', '4', 100, '2019-04-22 09:45:16'),
	(1005885, 1005833, 'cmdPreviousMonth_Label', '<', NULL, NULL, NULL, '<', '<', 100, '2019-04-22 09:45:16'),
	(1005886, 1005833, 'cmdNextMonth_Label', '>', NULL, NULL, NULL, '>', '>', 100, '2019-04-22 09:45:16'),
	(1005887, 1005833, 'cmdPreviousYear_Label', '<<', NULL, NULL, NULL, '<<', '<<', 100, '2019-04-22 09:45:16'),
	(1005888, 1005833, 'cmdNextYear_Label', '>>', NULL, NULL, NULL, '>>', '>>', 100, '2019-04-22 09:45:16'),
	(1005889, 1005833, 'lblTip', '提示', NULL, NULL, NULL, '提示', '提示', 100, '2019-04-22 09:45:16'),
	(1005890, 1005833, 'cmdSelectToday', '今日', NULL, NULL, NULL, '今日', '今日', 104, '2019-04-22 09:45:16'),
	(1005891, 1005833, 'cmdSelectToday_Label', 'Today', NULL, NULL, NULL, 'Today', 'Today', 100, '2019-04-22 09:45:16'),
	(1005892, 102, 'SysfrmEnumeration', 'SysfrmEnumeration', NULL, NULL, NULL, 'SysfrmEnumeration', 'SysfrmEnumeration', 2, '2019-04-22 09:45:17'),
	(1005893, 1005892, 'Label_Category', '类别Category:', NULL, NULL, NULL, '类别Category:', '类别Category:', 100, '2019-04-22 09:45:17'),
	(1005894, 1005892, 'Label_Options', '选项Options:', NULL, NULL, NULL, '选项Options:', '选项Options:', 100, '2019-04-22 09:45:17'),
	(1005895, 102, 'f_Customer_List', 'f_Customer_List', NULL, NULL, NULL, 'f_Customer_List', 'f_Customer_List', 2, '2019-04-22 09:45:17'),
	(1005896, 1005895, 'Label_CustomerID', 'ID', NULL, NULL, NULL, 'ID', 'ID', 100, '2019-04-22 09:45:17'),
	(1005897, 1005895, 'Label_CustomerName', '客户名称Cliente', NULL, NULL, NULL, '客户名称Cliente', '客户名称Cliente', 100, '2019-04-22 09:45:17'),
	(1005898, 1005895, 'Label_NUIT', '税号NUIT', NULL, NULL, NULL, '税号NUIT', '税号NUIT', 100, '2019-04-22 09:45:17'),
	(1005899, 1005895, 'Label_City', '城市City', NULL, NULL, NULL, '城市City', '城市City', 100, '2019-04-22 09:45:17'),
	(1005900, 1005895, 'Label_Contato', '联系人Contato', NULL, NULL, NULL, '联系人Contato', '联系人Contato', 100, '2019-04-22 09:45:17'),
	(1005901, 1005895, 'Label_Celular', '手机Celular', NULL, NULL, NULL, '手机Celular', '手机Celular', 100, '2019-04-22 09:45:17'),
	(1005902, 1005895, 'Label_Telefone', '电话Telefone', NULL, NULL, NULL, '电话Telefone', '电话Telefone', 100, '2019-04-22 09:45:17'),
	(1005903, 1005895, 'Label_Web', '主页Web', NULL, NULL, NULL, '主页Web', '主页Web', 100, '2019-04-22 09:45:17'),
	(1005904, 1005895, 'Label_Endereco', '地址Endereco', NULL, NULL, NULL, '地址Endereco', '地址Endereco', 100, '2019-04-22 09:45:17'),
	(1005905, 1005895, 'LabelFax', '传真Fax', NULL, NULL, NULL, '传真Fax', '传真Fax', 100, '2019-04-22 09:45:17'),
	(1005906, 1005895, 'Label_Email', '电子邮件Email', NULL, NULL, NULL, '电子邮件Email', '电子邮件Email', 100, '2019-04-22 09:45:17'),
	(1005907, 102, 'f_Order_Edit', 'f_Order_Edit', NULL, NULL, NULL, 'f_Order_Edit', 'f_Order_Edit', 2, '2019-04-22 09:45:17'),
	(1005908, 1005907, 'Label_Title_En', ' NOTA DE ORDEM', NULL, NULL, NULL, ' NOTA DE ORDEM', ' NOTA DE ORDEM', 100, '2019-04-22 09:45:17'),
	(1005909, 1005907, 'Label_Title3', '(ESTE DOCUMENTO É DO USO INTERNO)', NULL, NULL, NULL, '(ESTE DOCUMENTO É DO USO INTERNO)', '(ESTE DOCUMENTO É DO USO INTERNO)', 100, '2019-04-22 09:45:17'),
	(1005910, 1005907, 'Label_Title_chn', '客户订单', NULL, NULL, NULL, '客户订单', '客户订单', 100, '2019-04-22 09:45:17'),
	(1005911, 102, 'f_PaymentOrder_Edit', 'f_PaymentOrder_Edit', NULL, NULL, NULL, 'f_PaymentOrder_Edit', 'f_PaymentOrder_Edit', 2, '2019-04-22 09:45:17'),
	(1005912, 1005911, 'Label_Title_En', 'NOTA DE PAGAMENTO', NULL, NULL, NULL, 'NOTA DE PAGAMENTO', 'NOTA DE PAGAMENTO', 100, '2019-04-22 09:45:17'),
	(1005913, 1005911, 'Label_Title3', '(ESTE DOCUMENTO É DO USO INTERNO)', NULL, NULL, NULL, '(ESTE DOCUMENTO É DO USO INTERNO)', '(ESTE DOCUMENTO É DO USO INTERNO)', 100, '2019-04-22 09:45:17'),
	(1005914, 1005911, 'Label_Title_chn', '付款书', NULL, NULL, NULL, '付款书', '付款书', 100, '2019-04-22 09:45:17'),
	(1005915, 102, 'f_Order_List', 'f_Order_List', NULL, NULL, NULL, 'f_Order_List', 'f_Order_List', 2, '2019-04-22 09:45:17'),
	(1005916, 1005915, 'Label_fOrderID', '订单号码OrderID', NULL, NULL, NULL, '订单号码OrderID', '订单号码OrderID', 100, '2019-04-22 09:45:17'),
	(1005917, 1005915, 'Label_fOrderDate', '日期OrderDate', NULL, NULL, NULL, '日期OrderDate', '日期OrderDate', 100, '2019-04-22 09:45:17'),
	(1005918, 1005915, 'Label_fCustomerID', '客户编号CustomerID', NULL, NULL, NULL, '客户编号CustomerID', '客户编号CustomerID', 100, '2019-04-22 09:45:17'),
	(1005919, 1005915, 'Label_fCustomerName', '客户名Cliente', NULL, NULL, NULL, '客户名Cliente', '客户名Cliente', 100, '2019-04-22 09:45:17'),
	(1005920, 1005915, 'Label_fCity', '城市City', NULL, NULL, NULL, '城市City', '城市City', 100, '2019-04-22 09:45:17'),
	(1005921, 1005915, 'Label_fSubmited1', '提交Submited', NULL, NULL, NULL, '提交Submited', '提交Submited', 100, '2019-04-22 09:45:17'),
	(1005922, 1005915, 'Label_fSubmit_Name', '提交人Submitter', NULL, NULL, NULL, '提交人Submitter', '提交人Submitter', 100, '2019-04-22 09:45:17'),
	(1005923, 1005915, 'Label_fAmount', '金额SubTotal', NULL, NULL, NULL, '金额SubTotal', '金额SubTotal', 100, '2019-04-22 09:45:17'),
	(1005924, 1005915, 'Label_fDesconto', '折扣Desconto', NULL, NULL, NULL, '折扣Desconto', '折扣Desconto', 100, '2019-04-22 09:45:17'),
	(1005925, 1005915, 'Label_fTax', '税金IVA', NULL, NULL, NULL, '税金IVA', '税金IVA', 100, '2019-04-22 09:45:17'),
	(1005926, 1005915, 'Label_fPayable', '应付金额Valor a Pagar', NULL, NULL, NULL, '应付金额Valor a Pagar', '应付金额Valor a Pagar', 100, '2019-04-22 09:45:17'),
	(1005927, 1005915, 'Label_fContato', '联系人Contato', NULL, NULL, NULL, '联系人Contato', '联系人Contato', 100, '2019-04-22 09:45:17'),
	(1005928, 1005915, 'Label_fCelular', '手机Celular', NULL, NULL, NULL, '手机Celular', '手机Celular', 100, '2019-04-22 09:45:17'),
	(1005929, 1005915, 'Label_fSubmited', 'fSubmited', NULL, NULL, NULL, 'fSubmited', 'fSubmited', 100, '2019-04-22 09:45:17'),
	(1005930, 1005915, 'Label_fRequiredDeliveryDate', '交货日期RDD', NULL, NULL, NULL, '交货日期RDD', '交货日期RDD', 100, '2019-04-22 09:45:17'),
	(1005931, 102, 'f_PaymentOrder_List', 'f_PaymentOrder_List', NULL, NULL, NULL, 'f_PaymentOrder_List', 'f_PaymentOrder_List', 2, '2019-04-22 09:45:17'),
	(1005932, 1005931, 'Label_fOrderID', '订单号码OrderID', NULL, NULL, NULL, '订单号码OrderID', '订单号码OrderID', 100, '2019-04-22 09:45:17'),
	(1005933, 1005931, 'Label_fCustomerID', '客户编号CustomerID', NULL, NULL, NULL, '客户编号CustomerID', '客户编号CustomerID', 100, '2019-04-22 09:45:17'),
	(1005934, 1005931, 'Label_fContato', '联系人Contato', NULL, NULL, NULL, '联系人Contato', '联系人Contato', 100, '2019-04-22 09:45:17'),
	(1005935, 1005931, 'Label_fCelular', '手机Celular', NULL, NULL, NULL, '手机Celular', '手机Celular', 100, '2019-04-22 09:45:17'),
	(1005936, 1005931, 'Label_fTelefone', '电话Telefone', NULL, NULL, NULL, '电话Telefone', '电话Telefone', 100, '2019-04-22 09:45:17'),
	(1005937, 1005931, 'Label_fConfirmed', 'fConfirmed', NULL, NULL, NULL, 'fConfirmed', 'fConfirmed', 100, '2019-04-22 09:45:17'),
	(1005938, 1005931, 'Label_fConfirmed1', '确认Confirmed', NULL, NULL, NULL, '确认Confirmed', '确认Confirmed', 100, '2019-04-22 09:45:17'),
	(1005939, 1005931, 'Label_fAmount', '金额SubTotal', NULL, NULL, NULL, '金额SubTotal', '金额SubTotal', 100, '2019-04-22 09:45:17'),
	(1005940, 1005931, 'Label_fDesconto', '折扣Desconto', NULL, NULL, NULL, '折扣Desconto', '折扣Desconto', 100, '2019-04-22 09:45:17'),
	(1005941, 1005931, 'Label_fTax', '税金IVA', NULL, NULL, NULL, '税金IVA', '税金IVA', 100, '2019-04-22 09:45:17'),
	(1005942, 1005931, 'Label_fPayable', '应付金额Valor a Pagar', NULL, NULL, NULL, '应付金额Valor a Pagar', '应付金额Valor a Pagar', 100, '2019-04-22 09:45:17'),
	(1005943, 1005931, 'Label_fCustomerName', '客户名Cliente', NULL, NULL, NULL, '客户名Cliente', '客户名Cliente', 100, '2019-04-22 09:45:17'),
	(1005944, 1005931, 'Label_fNUIT', '税号NUIT', NULL, NULL, NULL, '税号NUIT', '税号NUIT', 100, '2019-04-22 09:45:17'),
	(1005945, 1005931, 'Label_fCity', '城市City', NULL, NULL, NULL, '城市City', '城市City', 100, '2019-04-22 09:45:17'),
	(1005946, 1005931, 'Label_fEntry_Name', '录入Entry', NULL, NULL, NULL, '录入Entry', '录入Entry', 100, '2019-04-22 09:45:17'),
	(1005947, 1005931, 'Label_fOrderDate', '日期OrderDate', NULL, NULL, NULL, '日期OrderDate', '日期OrderDate', 100, '2019-04-22 09:45:17'),
	(1005948, 1005931, 'Label_fConfirm_Name', '确认人Confirm', NULL, NULL, NULL, '确认人Confirm', '确认人Confirm', 100, '2019-04-22 09:45:17'),
	(1005949, 102, 'f_report_day_List', 'f_report_day_List', NULL, NULL, NULL, 'f_report_day_List', 'f_report_day_List', 2, '2019-04-22 09:45:18'),
	(1005950, 1005949, 'Label_00', 'Day', NULL, NULL, NULL, 'Day', 'Day', 100, '2019-04-22 09:45:18'),
	(1005951, 1005949, 'Label_01', '1', NULL, NULL, NULL, '1', '1', 100, '2019-04-22 09:45:18'),
	(1005952, 1005949, 'Label_02', '2', NULL, NULL, NULL, '2', '2', 100, '2019-04-22 09:45:18'),
	(1005953, 1005949, 'Label_03', '3', NULL, NULL, NULL, '3', '3', 100, '2019-04-22 09:45:18'),
	(1005954, 1005949, 'Label_04', '4', NULL, NULL, NULL, '4', '4', 100, '2019-04-22 09:45:18'),
	(1005955, 1005949, 'Label_05', '5', NULL, NULL, NULL, '5', '5', 100, '2019-04-22 09:45:18'),
	(1005956, 1005949, 'Label_06', '6', NULL, NULL, NULL, '6', '6', 100, '2019-04-22 09:45:18'),
	(1005957, 1005949, 'Label_07', '7', NULL, NULL, NULL, '7', '7', 100, '2019-04-22 09:45:18'),
	(1005958, 1005949, 'Label_08', '8', NULL, NULL, NULL, '8', '8', 100, '2019-04-22 09:45:18'),
	(1005959, 1005949, 'Label_09', '9', NULL, NULL, NULL, '9', '9', 100, '2019-04-22 09:45:18'),
	(1005960, 1005949, 'Label_10', '10', NULL, NULL, NULL, '10', '10', 100, '2019-04-22 09:45:18'),
	(1005961, 1005949, 'Label_11', '11', NULL, NULL, NULL, '11', '11', 100, '2019-04-22 09:45:18'),
	(1005962, 1005949, 'Label_12', '12', NULL, NULL, NULL, '12', '12', 100, '2019-04-22 09:45:18'),
	(1005963, 102, 'f_Receivables', 'f_Receivables', NULL, NULL, NULL, 'f_Receivables', 'f_Receivables', 2, '2019-04-22 09:45:18'),
	(1005964, 1005963, 'CmdRecibido', 'Recibido', NULL, NULL, NULL, 'Recibido', 'Recibido', 104, '2019-04-22 09:45:18'),
	(1005965, 1005963, 'Labe_Title', 'Receivables', NULL, NULL, NULL, 'Receivables', 'Receivables', 100, '2019-04-22 09:45:18'),
	(1005966, 1005963, 'CmdExportToExcel', 'ExportToExcel', NULL, NULL, NULL, 'ExportToExcel', 'ExportToExcel', 104, '2019-04-22 09:45:18'),
	(1005967, 1005963, 'CmdRefresh', 'Refresh', NULL, NULL, NULL, 'Refresh', 'Refresh', 104, '2019-04-22 09:45:18'),
	(1005968, 1005963, 'CMdDailyRreport', 'DailyRreport', NULL, NULL, NULL, 'DailyRreport', 'DailyRreport', 104, '2019-04-22 09:45:18'),
	(1005969, 102, 'f_Customer', 'f_Customer', NULL, NULL, NULL, 'f_Customer', 'f_Customer', 2, '2019-04-22 09:45:18'),
	(1005970, 1005969, 'CmdEdit', 'Edit', NULL, NULL, NULL, 'Edit', 'Edit', 104, '2019-04-22 09:45:18'),
	(1005971, 1005969, 'CmdNew', 'New', NULL, NULL, NULL, 'New', 'New', 104, '2019-04-22 09:45:18'),
	(1005972, 1005969, 'LabelTitle', 'Customer List', NULL, NULL, NULL, 'Customer List', 'Customer List', 100, '2019-04-22 09:45:18'),
	(1005973, 1005969, 'CmdRefresh', 'Refresh', NULL, NULL, NULL, 'Refresh', 'Refresh', 104, '2019-04-22 09:45:18'),
	(1005974, 1005969, 'CmdSearch', 'Search', NULL, NULL, NULL, 'Search', 'Search', 104, '2019-04-22 09:45:18'),
	(1005975, 1005969, 'CmdDel', 'Delete', NULL, NULL, NULL, 'Delete', 'Delete', 104, '2019-04-22 09:45:18'),
	(1005976, 1005969, 'Label12', 'Find:', NULL, NULL, NULL, 'Find:', 'Find:', 100, '2019-04-22 09:45:18'),
	(1005977, 102, 'f_PaymentOrder', 'f_PaymentOrder', NULL, NULL, NULL, 'f_PaymentOrder', 'f_PaymentOrder', 2, '2019-04-22 09:45:18'),
	(1005978, 1005977, 'CmdEdit', 'Edit', NULL, NULL, NULL, 'Edit', 'Edit', 104, '2019-04-22 09:45:18'),
	(1005979, 1005977, 'LabelTitle', 'Payment Orders List', NULL, NULL, NULL, 'Payment Orders List', 'Payment Orders List', 100, '2019-04-22 09:45:18'),
	(1005980, 1005977, 'CmdBrowse', 'Browse', NULL, NULL, NULL, 'Browse', 'Browse', 104, '2019-04-22 09:45:18'),
	(1005981, 1005977, 'Label_Filter', 'Filter:', NULL, NULL, NULL, 'Filter:', 'Filter:', 100, '2019-04-22 09:45:18'),
	(1005982, 1005977, 'Label_Unconfirmed', 'Unconfirmed', NULL, NULL, NULL, 'Unconfirmed', 'Unconfirmed', 100, '2019-04-22 09:45:18'),
	(1005983, 1005977, 'Label_Confirmed', 'Confirmed', NULL, NULL, NULL, 'Confirmed', 'Confirmed', 100, '2019-04-22 09:45:18'),
	(1005984, 1005977, 'CmdSearch', 'Search', NULL, NULL, NULL, 'Search', 'Search', 104, '2019-04-22 09:45:18'),
	(1005985, 1005977, 'CmdRefresh', 'Refresh', NULL, NULL, NULL, 'Refresh', 'Refresh', 104, '2019-04-22 09:45:18'),
	(1005986, 1005977, 'CmdConfirm', 'Confirm', NULL, NULL, NULL, 'Confirm', 'Confirm', 104, '2019-04-22 09:45:18'),
	(1005987, 1005977, 'CmdExportToExcel', 'ExportToExcel', NULL, NULL, NULL, 'ExportToExcel', 'ExportToExcel', 104, '2019-04-22 09:45:18'),
	(1005988, 102, 'f_PrintingOrder_Edit', 'f_PrintingOrder_Edit', NULL, NULL, NULL, 'f_PrintingOrder_Edit', 'f_PrintingOrder_Edit', 2, '2019-04-22 09:45:18'),
	(1005989, 1005988, 'Label_Title_En', ' NOTA DE ORDEM', NULL, NULL, NULL, ' NOTA DE ORDEM', ' NOTA DE ORDEM', 100, '2019-04-22 09:45:18'),
	(1005990, 1005988, 'Label_title3', '(ESTE DOCUMENTO É DO USO INTERNO)', NULL, NULL, NULL, '(ESTE DOCUMENTO É DO USO INTERNO)', '(ESTE DOCUMENTO É DO USO INTERNO)', 100, '2019-04-22 09:45:18'),
	(1005991, 1005988, 'Label_Title_chn', '客户订单', NULL, NULL, NULL, '客户订单', '客户订单', 100, '2019-04-22 09:45:18'),
	(1005992, 102, 'f_Quotation_Edit_Prt', 'f_Quotation_Edit_Prt', NULL, NULL, NULL, 'f_Quotation_Edit_Prt', 'f_Quotation_Edit_Prt', 2, '2019-04-22 09:45:18'),
	(1005993, 1005992, 'Label_Title_En', 'Cotação', NULL, NULL, NULL, 'Cotação', 'Cotação', 100, '2019-04-22 09:45:18'),
	(1005994, 1005992, 'Label_Title_chn', '报价单', NULL, NULL, NULL, '报价单', '报价单', 100, '2019-04-22 09:45:18'),
	(1005995, 102, 'f_Quotation_List_Prt', 'f_Quotation_List_Prt', NULL, NULL, NULL, 'f_Quotation_List_Prt', 'f_Quotation_List_Prt', 2, '2019-04-22 09:45:19'),
	(1005996, 1005995, 'Label_fOrderID', 'fOrderID', NULL, NULL, NULL, 'fOrderID', 'fOrderID', 100, '2019-04-22 09:45:19'),
	(1005997, 1005995, 'Label_fOrderDate', 'fOrderDate', NULL, NULL, NULL, 'fOrderDate', 'fOrderDate', 100, '2019-04-22 09:45:19'),
	(1005998, 1005995, 'Label_fCustomerName', '客户名Cliente', NULL, NULL, NULL, '客户名Cliente', '客户名Cliente', 100, '2019-04-22 09:45:19'),
	(1005999, 1005995, 'Label_fNUIT', '税号NUIT', NULL, NULL, NULL, '税号NUIT', '税号NUIT', 100, '2019-04-22 09:45:19'),
	(1006000, 1005995, 'Label_fCity', '城市City', NULL, NULL, NULL, '城市City', '城市City', 100, '2019-04-22 09:45:19'),
	(1006001, 1005995, 'Label_fConfirmed1', '确认Confirmed', NULL, NULL, NULL, '确认Confirmed', '确认Confirmed', 100, '2019-04-22 09:45:19'),
	(1006002, 1005995, 'Label_fEntry_Name', '录入Entry', NULL, NULL, NULL, '录入Entry', '录入Entry', 100, '2019-04-22 09:45:19'),
	(1006003, 1005995, 'Label_fConfirm_Name', 'fConfirm_Name', NULL, NULL, NULL, 'fConfirm_Name', 'fConfirm_Name', 100, '2019-04-22 09:45:19'),
	(1006004, 1005995, 'Label_fAmount', '金额SubTotal', NULL, NULL, NULL, '金额SubTotal', '金额SubTotal', 100, '2019-04-22 09:45:19'),
	(1006005, 1005995, 'Label_fTax', '税金IVA', NULL, NULL, NULL, '税金IVA', '税金IVA', 100, '2019-04-22 09:45:19'),
	(1006006, 1005995, 'Label_fPayable', '应付金额Valor a Pagar', NULL, NULL, NULL, '应付金额Valor a Pagar', '应付金额Valor a Pagar', 100, '2019-04-22 09:45:19'),
	(1006007, 1005995, 'Label_fDesconto', '折扣Desconto', NULL, NULL, NULL, '折扣Desconto', '折扣Desconto', 100, '2019-04-22 09:45:19'),
	(1006008, 1005995, 'Label_fContato', '联系人Contato', NULL, NULL, NULL, '联系人Contato', '联系人Contato', 100, '2019-04-22 09:45:19'),
	(1006009, 1005995, 'Label_fCelular', '手机Celular', NULL, NULL, NULL, '手机Celular', '手机Celular', 100, '2019-04-22 09:45:19'),
	(1006010, 1005995, 'Label_fTelefone', 'fTelefone', NULL, NULL, NULL, 'fTelefone', 'fTelefone', 100, '2019-04-22 09:45:19'),
	(1006011, 1005995, 'Label_fConfirmed', 'fConfirmed', NULL, NULL, NULL, 'fConfirmed', 'fConfirmed', 100, '2019-04-22 09:45:19'),
	(1006012, 1005995, 'Label_fCustomerID', '客户编号CustomerID', NULL, NULL, NULL, '客户编号CustomerID', '客户编号CustomerID', 100, '2019-04-22 09:45:19'),
	(1006013, 102, 'SysfrmProgressbar', 'SysfrmProgressbar', NULL, NULL, NULL, 'SysfrmProgressbar', 'SysfrmProgressbar', 2, '2019-04-22 09:45:19'),
	(1006014, 1006013, 'Label_P', '33', NULL, NULL, NULL, '33', '33', 100, '2019-04-22 09:45:19'),
	(1006015, 102, 'f_Adjustment_List', 'f_Adjustment_List', NULL, NULL, NULL, 'f_Adjustment_List', 'f_Adjustment_List', 2, '2019-04-22 09:45:19'),
	(1006016, 1006015, 'Label_fOrderID', '订单号码OrderID', NULL, NULL, NULL, '订单号码OrderID', '订单号码OrderID', 100, '2019-04-22 09:45:19'),
	(1006017, 1006015, 'Label_fOrderDate', '日期OrderDate', NULL, NULL, NULL, '日期OrderDate', '日期OrderDate', 100, '2019-04-22 09:45:19'),
	(1006018, 1006015, 'Label_fCustomerID', '客户编号CustomerID', NULL, NULL, NULL, '客户编号CustomerID', '客户编号CustomerID', 100, '2019-04-22 09:45:19'),
	(1006019, 1006015, 'Label_fCustomerName', '客户名Cliente', NULL, NULL, NULL, '客户名Cliente', '客户名Cliente', 100, '2019-04-22 09:45:19'),
	(1006020, 1006015, 'Label_fCanceled1', 'fCanceled1', NULL, NULL, NULL, 'fCanceled1', 'fCanceled1', 100, '2019-04-22 09:45:19'),
	(1006021, 1006015, 'Label_fCancel_Name', 'Cancel_User', NULL, NULL, NULL, 'Cancel_User', 'Cancel_User', 100, '2019-04-22 09:45:19'),
	(1006022, 1006015, 'Label_fSubmited1', '提交Submited', NULL, NULL, NULL, '提交Submited', '提交Submited', 100, '2019-04-22 09:45:19'),
	(1006023, 1006015, 'Label_fSubmit_Name', 'Submit_User', NULL, NULL, NULL, 'Submit_User', 'Submit_User', 100, '2019-04-22 09:45:19'),
	(1006024, 1006015, 'Label_fConfirmed1', '确认Confirmed', NULL, NULL, NULL, '确认Confirmed', '确认Confirmed', 100, '2019-04-22 09:45:19'),
	(1006025, 1006015, 'Label_fConfirm_Name', 'fConfirm_Name', NULL, NULL, NULL, 'fConfirm_Name', 'fConfirm_Name', 100, '2019-04-22 09:45:19'),
	(1006026, 1006015, 'Label_fDelivered1', '交付Delivered', NULL, NULL, NULL, '交付Delivered', '交付Delivered', 100, '2019-04-22 09:45:19'),
	(1006027, 1006015, 'Label_fDeliverer_Name', '交付人Deliverer_Name', NULL, NULL, NULL, '交付人Deliverer_Name', '交付人Deliverer_Name', 100, '2019-04-22 09:45:19'),
	(1006028, 1006015, 'Label_fAmount', '金额SubTotal', NULL, NULL, NULL, '金额SubTotal', '金额SubTotal', 100, '2019-04-22 09:45:19'),
	(1006029, 1006015, 'Label_fTax', '税金IVA', NULL, NULL, NULL, '税金IVA', '税金IVA', 100, '2019-04-22 09:45:19'),
	(1006030, 1006015, 'Label_fPayable', '应付金额Valor a Pagar', NULL, NULL, NULL, '应付金额Valor a Pagar', '应付金额Valor a Pagar', 100, '2019-04-22 09:45:19'),
	(1006031, 1006015, 'Label_fDesconto', '折扣Desconto', NULL, NULL, NULL, '折扣Desconto', '折扣Desconto', 100, '2019-04-22 09:45:19'),
	(1006032, 1006015, 'Label_fCanceled', 'fCanceled', NULL, NULL, NULL, 'fCanceled', 'fCanceled', 100, '2019-04-22 09:45:19'),
	(1006033, 102, 'f_PrintingOrder', 'f_PrintingOrder', NULL, NULL, NULL, 'f_PrintingOrder', 'f_PrintingOrder', 2, '2019-04-22 09:45:19'),
	(1006034, 1006033, 'CmdEdit', 'Edit', NULL, NULL, NULL, 'Edit', 'Edit', 104, '2019-04-22 09:45:19'),
	(1006035, 1006033, 'CmdNew', 'New', NULL, NULL, NULL, 'New', 'New', 104, '2019-04-22 09:45:19'),
	(1006036, 1006033, 'LabelTitle', 'Printing Orders List', NULL, NULL, NULL, 'Printing Orders List', 'Printing Orders List', 100, '2019-04-22 09:45:19'),
	(1006037, 1006033, 'CmdExportToExcel', 'ExportToExcel', NULL, NULL, NULL, 'ExportToExcel', 'ExportToExcel', 104, '2019-04-22 09:45:19'),
	(1006038, 1006033, 'CmdBrowse', 'Browse', NULL, NULL, NULL, 'Browse', 'Browse', 104, '2019-04-22 09:45:19'),
	(1006039, 1006033, 'CmdSubmit', 'Submit', NULL, NULL, NULL, 'Submit', 'Submit', 104, '2019-04-22 09:45:19'),
	(1006040, 1006033, 'CmdRefresh', 'Refresh', NULL, NULL, NULL, 'Refresh', 'Refresh', 104, '2019-04-22 09:45:19'),
	(1006041, 1006033, 'Label_Filter', 'Filter:', NULL, NULL, NULL, 'Filter:', 'Filter:', 100, '2019-04-22 09:45:19'),
	(1006042, 1006033, 'Label_UnSubmit', 'UnSubmited', NULL, NULL, NULL, 'UnSubmited', 'UnSubmited', 100, '2019-04-22 09:45:19'),
	(1006043, 1006033, 'Label_Submit', 'Submited', NULL, NULL, NULL, 'Submited', 'Submited', 100, '2019-04-22 09:45:19'),
	(1006044, 1006033, 'CmdSearch', 'Search', NULL, NULL, NULL, 'Search', 'Search', 104, '2019-04-22 09:45:19'),
	(1006045, 102, 'f_PrintingOrder_List', 'f_PrintingOrder_List', NULL, NULL, NULL, 'f_PrintingOrder_List', 'f_PrintingOrder_List', 2, '2019-04-22 09:45:19'),
	(1006046, 1006045, 'Label_fOrderID', '订单号码OrderID', NULL, NULL, NULL, '订单号码OrderID', '订单号码OrderID', 100, '2019-04-22 09:45:19'),
	(1006047, 1006045, 'Label_fCustomerID', '客户编号CustomerID', NULL, NULL, NULL, '客户编号CustomerID', '客户编号CustomerID', 100, '2019-04-22 09:45:19'),
	(1006048, 1006045, 'Label_fOrderDate', '日期OrderDate', NULL, NULL, NULL, '日期OrderDate', '日期OrderDate', 100, '2019-04-22 09:45:19'),
	(1006049, 1006045, 'Label_fEspecie', 'fEspecie', NULL, NULL, NULL, 'fEspecie', 'fEspecie', 100, '2019-04-22 09:45:19'),
	(1006050, 1006045, 'Label_fRequiredDeliveryDate', 'fRequiredDeliveryDate', NULL, NULL, NULL, 'fRequiredDeliveryDate', 'fRequiredDeliveryDate', 100, '2019-04-22 09:45:19'),
	(1006051, 1006045, 'Label_fAmount', '金额SubTotal', NULL, NULL, NULL, '金额SubTotal', '金额SubTotal', 100, '2019-04-22 09:45:19'),
	(1006052, 1006045, 'Label_fTax', '税金IVA', NULL, NULL, NULL, '税金IVA', '税金IVA', 100, '2019-04-22 09:45:19'),
	(1006053, 1006045, 'Label_fPayable', '应付金额Valor a Pagar', NULL, NULL, NULL, '应付金额Valor a Pagar', '应付金额Valor a Pagar', 100, '2019-04-22 09:45:19'),
	(1006054, 1006045, 'Label_fDesconto', '折扣Desconto', NULL, NULL, NULL, '折扣Desconto', '折扣Desconto', 100, '2019-04-22 09:45:19'),
	(1006055, 1006045, 'Label_fNumerBegin', 'fNumerBegin', NULL, NULL, NULL, 'fNumerBegin', 'fNumerBegin', 100, '2019-04-22 09:45:19'),
	(1006056, 1006045, 'Label_fQuant', 'fQuant', NULL, NULL, NULL, 'fQuant', 'fQuant', 100, '2019-04-22 09:45:19'),
	(1006057, 1006045, 'Label_fPagePerVolumn', 'fPagePerVolumn', NULL, NULL, NULL, 'fPagePerVolumn', 'fPagePerVolumn', 100, '2019-04-22 09:45:19'),
	(1006058, 1006045, 'Label_fNumerEnd', 'fNumerEnd', NULL, NULL, NULL, 'fNumerEnd', 'fNumerEnd', 100, '2019-04-22 09:45:19'),
	(1006059, 1006045, 'Label_fAvista', 'fAvista', NULL, NULL, NULL, 'fAvista', 'fAvista', 100, '2019-04-22 09:45:19'),
	(1006060, 1006045, 'Label_fTamanho', 'fTamanho', NULL, NULL, NULL, 'fTamanho', 'fTamanho', 100, '2019-04-22 09:45:19'),
	(1006061, 1006045, 'Label_fSucursal', 'fSucursal', NULL, NULL, NULL, 'fSucursal', 'fSucursal', 100, '2019-04-22 09:45:19'),
	(1006062, 1006045, 'Label_fVendedor', 'fVendedor', NULL, NULL, NULL, 'fVendedor', 'fVendedor', 100, '2019-04-22 09:45:19'),
	(1006063, 1006045, 'Label_fNrCopy', 'DTQ', NULL, NULL, NULL, 'DTQ', 'DTQ', 100, '2019-04-22 09:45:19'),
	(1006064, 1006045, 'Label_fContato', '联系人Contato', NULL, NULL, NULL, '联系人Contato', '联系人Contato', 100, '2019-04-22 09:45:19'),
	(1006065, 1006045, 'Label_fCelular', '手机Celular', NULL, NULL, NULL, '手机Celular', '手机Celular', 100, '2019-04-22 09:45:19'),
	(1006066, 1006045, 'Label_fTelefone', 'fTelefone', NULL, NULL, NULL, 'fTelefone', 'fTelefone', 100, '2019-04-22 09:45:19'),
	(1006067, 1006045, 'Label_fCustomerName', '客户名Cliente', NULL, NULL, NULL, '客户名Cliente', '客户名Cliente', 100, '2019-04-22 09:45:19'),
	(1006068, 1006045, 'Label_fSubmited1', '提交Submited', NULL, NULL, NULL, '提交Submited', '提交Submited', 100, '2019-04-22 09:45:19'),
	(1006069, 1006045, 'Label_fSubmited', 'fSubmited', NULL, NULL, NULL, 'fSubmited', 'fSubmited', 100, '2019-04-22 09:45:19'),
	(1006070, 1006045, 'Label_fSubmit_Name', 'fSubmit_Name', NULL, NULL, NULL, 'fSubmit_Name', 'fSubmit_Name', 100, '2019-04-22 09:45:19'),
	(1006071, 1006045, 'Label_fEntry_Name', '录入Entry', NULL, NULL, NULL, '录入Entry', '录入Entry', 100, '2019-04-22 09:45:19'),
	(1006072, 102, 'f_Receivables_CustomerRecorder', 'f_Receivables_CustomerRecorder', NULL, NULL, NULL, 'f_Receivables_CustomerRecorder', 'f_Receivables_CustomerRecorder', 2, '2019-04-22 09:45:19'),
	(1006073, 1006072, 'Label_fDate', 'fDate', NULL, NULL, NULL, 'fDate', 'fDate', 100, '2019-04-22 09:45:19'),
	(1006074, 1006072, 'Label_fOrderID', 'fOrderID', NULL, NULL, NULL, 'fOrderID', 'fOrderID', 100, '2019-04-22 09:45:19'),
	(1006075, 1006072, 'Label_fPayable', 'fPayable', NULL, NULL, NULL, 'fPayable', 'fPayable', 100, '2019-04-22 09:45:19'),
	(1006076, 1006072, 'Label_fAmountCollected', 'fAmountCollected', NULL, NULL, NULL, 'fAmountCollected', 'fAmountCollected', 100, '2019-04-22 09:45:19'),
	(1006077, 1006072, 'Label_Customer', 'Customer Name:', NULL, NULL, NULL, 'Customer Name:', 'Customer Name:', 100, '2019-04-22 09:45:19'),
	(1006078, 102, 'SysfrmUsers_Edit', 'SysfrmUsers_Edit', NULL, NULL, NULL, 'SysfrmUsers_Edit', 'SysfrmUsers_Edit', 2, '2019-04-22 09:45:20'),
	(1006079, 1006078, 'HeaderTitle_Label', '用户信息User Infomation', NULL, NULL, NULL, '用户信息User Infomation', '用户信息User Infomation', 100, '2019-04-22 09:45:20'),
	(1006080, 1006078, 'Label_fUserID', '用户编号UserID: ', NULL, NULL, NULL, '用户编号UserID: ', '用户编号UserID: ', 100, '2019-04-22 09:45:20'),
	(1006081, 1006078, 'Label_fUsername', '用户名UserName: ', NULL, NULL, NULL, '用户名UserName: ', '用户名UserName: ', 100, '2019-04-22 09:45:20'),
	(1006082, 1006078, 'Label_fNickName', '昵称NickName: ', NULL, NULL, NULL, '昵称NickName: ', '昵称NickName: ', 100, '2019-04-22 09:45:20'),
	(1006083, 1006078, 'Label_fPassword', '密码Password: ', NULL, NULL, NULL, '密码Password: ', '密码Password: ', 100, '2019-04-22 09:45:20'),
	(1006084, 1006078, 'Label_fNote', '备注Note: ', NULL, NULL, NULL, '备注Note: ', '备注Note: ', 100, '2019-04-22 09:45:20'),
	(1006085, 1006078, 'Label_fDepartment', '部门Department', NULL, NULL, NULL, '部门Department', '部门Department', 100, '2019-04-22 09:45:20'),
	(1006086, 1006078, 'CmdOk', 'OK(&O)', NULL, NULL, NULL, 'OK(&O)', 'OK(&O)', 104, '2019-04-22 09:45:20'),
	(1006087, 1006078, 'CmdCancel', 'Cancel(&Q)', NULL, NULL, NULL, 'Cancel(&Q)', 'Cancel(&Q)', 104, '2019-04-22 09:45:20'),
	(1006088, 102, 'SysfrmUsers_List', 'SysfrmUsers_List', NULL, NULL, NULL, 'SysfrmUsers_List', 'SysfrmUsers_List', 2, '2019-04-22 09:45:20'),
	(1006089, 1006088, 'Label_fUserID', '编号 ID', NULL, NULL, NULL, '编号 ID', '编号 ID', 100, '2019-04-22 09:45:20'),
	(1006090, 1006088, 'Label_fUsername', '用户名Name', NULL, NULL, NULL, '用户名Name', '用户名Name', 100, '2019-04-22 09:45:20'),
	(1006091, 1006088, 'Label_fNickname', '昵称Nickname', NULL, NULL, NULL, '昵称Nickname', '昵称Nickname', 100, '2019-04-22 09:45:20'),
	(1006092, 1006088, 'Label_Notes', '备注Note ', NULL, NULL, NULL, '备注Note ', '备注Note ', 100, '2019-04-22 09:45:20'),
	(1006093, 1006088, 'Label_fDepartment', '部门Department', NULL, NULL, NULL, '部门Department', '部门Department', 100, '2019-04-22 09:45:20'),
	(1006094, 102, 'f_Complete_List', 'f_Complete_List', NULL, NULL, NULL, 'f_Complete_List', 'f_Complete_List', 2, '2019-04-22 09:45:20'),
	(1006095, 1006094, 'Label_fOrderID', '订单号码OrderID', NULL, NULL, NULL, '订单号码OrderID', '订单号码OrderID', 100, '2019-04-22 09:45:20'),
	(1006096, 1006094, 'Label_fOrderDate', '日期OrderDate', NULL, NULL, NULL, '日期OrderDate', '日期OrderDate', 100, '2019-04-22 09:45:20'),
	(1006097, 1006094, 'Label_fCustomerName', '客户名Cliente', NULL, NULL, NULL, '客户名Cliente', '客户名Cliente', 100, '2019-04-22 09:45:20'),
	(1006098, 1006094, 'Label_fDelivered1', 'fDelivered', NULL, NULL, NULL, 'fDelivered', 'fDelivered', 100, '2019-04-22 09:45:20'),
	(1006099, 1006094, 'Label_fDeliverer_Name', 'fDeliverer', NULL, NULL, NULL, 'fDeliverer', 'fDeliverer', 100, '2019-04-22 09:45:20'),
	(1006100, 1006094, 'Label_fDelivered', 'fDelivered', NULL, NULL, NULL, 'fDelivered', 'fDelivered', 100, '2019-04-22 09:45:20'),
	(1006101, 1006094, 'Label_fCity', '城市City', NULL, NULL, NULL, '城市City', '城市City', 100, '2019-04-22 09:45:20'),
	(1006102, 1006094, 'Label_fEndereco', 'fEndereco', NULL, NULL, NULL, 'fEndereco', 'fEndereco', 100, '2019-04-22 09:45:20'),
	(1006103, 1006094, 'Label_fContato', '联系人Contato', NULL, NULL, NULL, '联系人Contato', '联系人Contato', 100, '2019-04-22 09:45:20'),
	(1006104, 1006094, 'Label_fCelular', '手机Celular', NULL, NULL, NULL, '手机Celular', '手机Celular', 100, '2019-04-22 09:45:20'),
	(1006105, 1006094, 'Label_fTelefone', 'fTelefone', NULL, NULL, NULL, 'fTelefone', 'fTelefone', 100, '2019-04-22 09:45:20'),
	(1006106, 102, 'f_Receivables_CustomerArrearsList', 'f_Receivables_CustomerArrearsList', NULL, NULL, NULL, 'f_Receivables_CustomerArrearsList', 'f_Receivables_CustomerArrearsList', 2, '2019-04-22 09:45:20'),
	(1006107, 1006106, 'Label_fYS', '应收合计TotalReceivables', NULL, NULL, NULL, '应收合计TotalReceivables', '应收合计TotalReceivables', 100, '2019-04-22 09:45:20'),
	(1006108, 1006106, 'Label_fSK', '收款累计SumRec', NULL, NULL, NULL, '收款累计SumRec', '收款累计SumRec', 100, '2019-04-22 09:45:20'),
	(1006109, 1006106, 'Label_fQK', '欠款Arrears', NULL, NULL, NULL, '欠款Arrears', '欠款Arrears', 100, '2019-04-22 09:45:20'),
	(1006110, 1006106, 'Label_fCustomerID', '客户编号CustomerID', NULL, NULL, NULL, '客户编号CustomerID', '客户编号CustomerID', 100, '2019-04-22 09:45:20'),
	(1006111, 1006106, 'Label_fCustomerName', '客户名Cliente', NULL, NULL, NULL, '客户名Cliente', '客户名Cliente', 100, '2019-04-22 09:45:20'),
	(1006112, 1006106, 'Label_fLastfReceiptDate', '最后收款日LastfReceiptDate', NULL, NULL, NULL, '最后收款日LastfReceiptDate', '最后收款日LastfReceiptDate', 100, '2019-04-22 09:45:20'),
	(1006113, 1006106, 'Label_fLastAmountCollected', '最后收款额LastAmountCollected', NULL, NULL, NULL, '最后收款额LastAmountCollected', '最后收款额LastAmountCollected', 100, '2019-04-22 09:45:20'),
	(1006114, 1006106, 'Label_Customer', 'Customer Arrears:', NULL, NULL, NULL, 'Customer Arrears:', 'Customer Arrears:', 100, '2019-04-22 09:45:20'),
	(1006115, 102, 'SysfrmEnumeration_List', 'SysfrmEnumeration_List', NULL, NULL, NULL, 'SysfrmEnumeration_List', 'SysfrmEnumeration_List', 2, '2019-04-22 09:45:20'),
	(1006116, 1006115, 'Label_fTitle', '名称Title', NULL, NULL, NULL, '名称Title', '名称Title', 100, '2019-04-22 09:45:20'),
	(1006117, 1006115, 'Label_fSpare1', '备用1Spare1', NULL, NULL, NULL, '备用1Spare1', '备用1Spare1', 100, '2019-04-22 09:45:20'),
	(1006118, 1006115, 'Label_fSpare2', '备用2Spare2', NULL, NULL, NULL, '备用2Spare2', '备用2Spare2', 100, '2019-04-22 09:45:20'),
	(1006119, 1006115, 'Label_fNote', '备注Note', NULL, NULL, NULL, '备注Note', '备注Note', 100, '2019-04-22 09:45:20'),
	(1006120, 1006115, 'Label_fID', '编号ID', NULL, NULL, NULL, '编号ID', '编号ID', 100, '2019-04-22 09:45:20'),
	(1006121, 1006115, 'Label_fTypeID', 'fTypeID', NULL, NULL, NULL, 'fTypeID', 'fTypeID', 100, '2019-04-22 09:45:20'),
	(1006122, 102, 'f_PrintingOrder_Edit_Mob', 'f_PrintingOrder_Edit_Mob', NULL, NULL, NULL, 'f_PrintingOrder_Edit_Mob', 'f_PrintingOrder_Edit_Mob', 2, '2019-04-22 09:45:20'),
	(1006123, 1006122, 'CmdSave', 'Save', NULL, NULL, NULL, 'Save', 'Save', 104, '2019-04-22 09:45:20'),
	(1006124, 1006122, 'CmdExit', 'Exit', NULL, NULL, NULL, 'Exit', 'Exit', 104, '2019-04-22 09:45:20'),
	(1006125, 1006122, 'CmdPrint', 'Print', NULL, NULL, NULL, 'Print', 'Print', 104, '2019-04-22 09:45:20'),
	(1006126, 1006122, 'CmdPDF', 'PDF', NULL, NULL, NULL, 'PDF', 'PDF', 104, '2019-04-22 09:45:20'),
	(1006127, 1006122, 'Label_fOrderID', 'Nº:', NULL, NULL, NULL, 'Nº:', 'Nº:', 100, '2019-04-22 09:45:20'),
	(1006128, 1006122, 'Label_fOrderDate', '日期Date:', NULL, NULL, NULL, '日期Date:', '日期Date:', 100, '2019-04-22 09:45:20'),
	(1006129, 1006122, 'Label_fBrandMateria', '材料Materia:', NULL, NULL, NULL, '材料Materia:', '材料Materia:', 100, '2019-04-22 09:45:20'),
	(1006130, 1006122, 'Label_fQuant', '数量Quant:', NULL, NULL, NULL, '数量Quant:', '数量Quant:', 100, '2019-04-22 09:45:20'),
	(1006131, 1006122, 'Label_fNUIT', '税号NUIT:', NULL, NULL, NULL, '税号NUIT:', '税号NUIT:', 100, '2019-04-22 09:45:20'),
	(1006132, 1006122, 'Label_fCity', '城市City:', NULL, NULL, NULL, '城市City:', '城市City:', 100, '2019-04-22 09:45:20'),
	(1006133, 1006122, 'Label_fContato', '联系人Contato:', NULL, NULL, NULL, '联系人Contato:', '联系人Contato:', 100, '2019-04-22 09:45:20'),
	(1006134, 1006122, 'Label_fCelular', '手机Celular:', NULL, NULL, NULL, '手机Celular:', '手机Celular:', 100, '2019-04-22 09:45:20'),
	(1006135, 1006122, 'Label_fTelefone', '电话Tel:', NULL, NULL, NULL, '电话Tel:', '电话Tel:', 100, '2019-04-22 09:45:20'),
	(1006136, 1006122, 'Label_fEndereco', '地址Endereco:', NULL, NULL, NULL, '地址Endereco:', '地址Endereco:', 100, '2019-04-22 09:45:20'),
	(1006137, 1006122, 'Label_fSucursal', 'Sucursal:', NULL, NULL, NULL, 'Sucursal:', 'Sucursal:', 100, '2019-04-22 09:45:20'),
	(1006138, 1006122, 'Label_fNumerEnd', 'ATE', NULL, NULL, NULL, 'ATE', 'ATE', 100, '2019-04-22 09:45:20'),
	(1006139, 1006122, 'Label_fPagePerVolumn', '每本页数 Page/Vol:', NULL, NULL, NULL, '每本页数 Page/Vol:', '每本页数 Page/Vol:', 100, '2019-04-22 09:45:20'),
	(1006140, 1006122, 'Label_fLogo', 'Logo:', NULL, NULL, NULL, 'Logo:', 'Logo:', 100, '2019-04-22 09:45:20'),
	(1006141, 1006122, 'Label_fNote', 'fNote:', NULL, NULL, NULL, 'fNote:', 'fNote:', 100, '2019-04-22 09:45:20'),
	(1006142, 1006122, 'Label_fRequiredDeliveryDate', '交货日期Date:', NULL, NULL, NULL, '交货日期Date:', '交货日期Date:', 100, '2019-04-22 09:45:20'),
	(1006143, 1006122, 'Label_fCustomerName', '客户名Cliente:', NULL, NULL, NULL, '客户名Cliente:', '客户名Cliente:', 100, '2019-04-22 09:45:20'),
	(1006144, 1006122, 'Label_fAmount', '金额合计SubTotal:', NULL, NULL, NULL, '金额合计SubTotal:', '金额合计SubTotal:', 100, '2019-04-22 09:45:20'),
	(1006145, 1006122, 'Label_fTax', '税金IVA:', NULL, NULL, NULL, '税金IVA:', '税金IVA:', 100, '2019-04-22 09:45:20'),
	(1006146, 1006122, 'Label_fPayable', '应付金额Valor a Pagar:', NULL, NULL, NULL, '应付金额Valor a Pagar:', '应付金额Valor a Pagar:', 100, '2019-04-22 09:45:20'),
	(1006147, 1006122, 'Label_fDesconto', '折扣Desconto:', NULL, NULL, NULL, '折扣Desconto:', '折扣Desconto:', 100, '2019-04-22 09:45:20'),
	(1006148, 1006122, 'Label_fPrice', '单价Price:', NULL, NULL, NULL, '单价Price:', '单价Price:', 100, '2019-04-22 09:45:20'),
	(1006149, 1006122, 'Label_fEspecie', '类别Especie:', NULL, NULL, NULL, '类别Especie:', '类别Especie:', 100, '2019-04-22 09:45:20'),
	(1006150, 1006122, 'Label_fAvista', '每页序号Avista:', NULL, NULL, NULL, '每页序号Avista:', '每页序号Avista:', 100, '2019-04-22 09:45:20'),
	(1006151, 1006122, 'Label_Tamanho', '尺寸Tamanho:', NULL, NULL, NULL, '尺寸Tamanho:', '尺寸Tamanho:', 100, '2019-04-22 09:45:20'),
	(1006152, 1006122, 'Label_fNrCopy', '联数Nr.Copy:', NULL, NULL, NULL, '联数Nr.Copy:', '联数Nr.Copy:', 100, '2019-04-22 09:45:20'),
	(1006153, 1006122, 'Label_fVendedor', '销售Vendedor:', NULL, NULL, NULL, '销售Vendedor:', '销售Vendedor:', 100, '2019-04-22 09:45:20'),
	(1006154, 1006122, 'Label_fNumerBegin', '起始号码Numeracao:', NULL, NULL, NULL, '起始号码Numeracao:', '起始号码Numeracao:', 100, '2019-07-24 21:02:22'),
	(1006155, 1006122, 'Label_fCanceled', 'Canceled', NULL, NULL, NULL, 'Canceled', 'Canceled', 100, '2019-04-22 09:45:20'),
	(1006156, 102, 'f_Main_Backgroud', 'f_Main_Backgroud', NULL, NULL, NULL, 'f_Main_Backgroud', 'f_Main_Backgroud', 2, '2019-04-22 09:45:21'),
	(1006157, 102, 'SysfrmLanguage_sub', 'SysfrmLanguage_sub', NULL, NULL, NULL, 'SysfrmLanguage_sub', 'SysfrmLanguage_sub', 2, '2019-04-22 09:45:21'),
	(1006158, 1006157, 'Label_fID', '编号ID', NULL, NULL, NULL, '编号ID', '编号ID', 100, '2019-04-22 09:45:21'),
	(1006159, 1006157, 'Label_fCaption', '标题(默认)Caption', NULL, NULL, NULL, '标题(默认)Caption', '标题(默认)Caption', 100, '2019-04-22 09:45:21'),
	(1006160, 1006157, 'Label_fLanguage1', '语言1Language1', NULL, NULL, NULL, '语言1Language1', '语言1Language1', 100, '2019-04-22 09:45:21'),
	(1006161, 1006157, 'Label_fLanguage2', '语言2Language2', NULL, NULL, NULL, '语言2Language2', '语言2Language2', 100, '2019-04-22 09:45:21'),
	(1006162, 1006157, 'Label_fCtlType', '类型Type', NULL, NULL, NULL, '类型Type', '类型Type', 100, '2019-04-22 09:45:21'),
	(1006163, 102, 'f_Receivables_CurrentDayRec', 'f_Receivables_CurrentDayRec', NULL, NULL, NULL, 'f_Receivables_CurrentDayRec', 'f_Receivables_CurrentDayRec', 2, '2019-04-22 09:45:21'),
	(1006164, 1006163, 'Label_fID', '流水号ID', NULL, NULL, NULL, '流水号ID', '流水号ID', 100, '2019-04-22 09:45:21'),
	(1006165, 1006163, 'Label_fCustomerID', '客户编号CustomerID', NULL, NULL, NULL, '客户编号CustomerID', '客户编号CustomerID', 100, '2019-04-22 09:45:21'),
	(1006166, 1006163, 'Label_fCustomerName', '客户名Cliente', NULL, NULL, NULL, '客户名Cliente', '客户名Cliente', 100, '2019-04-22 09:45:21'),
	(1006167, 1006163, 'Label_fReceiptDate', '收款日期ReceiptDate', NULL, NULL, NULL, '收款日期ReceiptDate', '收款日期ReceiptDate', 100, '2019-04-22 09:45:21'),
	(1006168, 1006163, 'Label_fAmountCollected', '收款额AmountCollected', NULL, NULL, NULL, '收款额AmountCollected', '收款额AmountCollected', 100, '2019-04-22 09:45:21'),
	(1006169, 1006163, 'Label_fPayee', '收款人fPayee', NULL, NULL, NULL, '收款人fPayee', '收款人fPayee', 100, '2019-04-22 09:45:21'),
	(1006170, 102, 'f_Complete', 'f_Complete', NULL, NULL, NULL, 'f_Complete', 'f_Complete', 2, '2019-04-22 09:45:21'),
	(1006171, 1006170, 'CmdComplete', 'Complete', NULL, NULL, NULL, 'Complete', 'Complete', 104, '2019-04-22 09:45:21'),
	(1006172, 1006170, 'Label_Title', 'Complete List', NULL, NULL, NULL, 'Complete List', 'Complete List', 100, '2019-04-22 09:45:21'),
	(1006173, 1006170, 'CmdExportToExcel', 'ExportToExcel', NULL, NULL, NULL, 'ExportToExcel', 'ExportToExcel', 104, '2019-04-22 09:45:21'),
	(1006174, 1006170, 'CmdBrowse', 'Browse', NULL, NULL, NULL, 'Browse', 'Browse', 104, '2019-04-22 09:45:21'),
	(1006175, 1006170, 'CmdRefresh', 'Refresh', NULL, NULL, NULL, 'Refresh', 'Refresh', 104, '2019-04-22 09:45:21'),
	(1006176, 1006170, 'Label_Filter', 'Filter:', NULL, NULL, NULL, 'Filter:', 'Filter:', 100, '2019-04-22 09:45:21'),
	(1006177, 1006170, 'Label_Unfinished', 'Unfinished', NULL, NULL, NULL, 'Unfinished', 'Unfinished', 100, '2019-04-22 09:45:21'),
	(1006178, 1006170, 'Label_Completed', 'Completed', NULL, NULL, NULL, 'Completed', 'Completed', 100, '2019-04-22 09:45:21'),
	(1006179, 1006170, 'CmdSearch', 'Search', NULL, NULL, NULL, 'Search', 'Search', 104, '2019-04-22 09:45:21'),
	(1006180, 102, 'SysfrmLanguage', 'SysfrmLanguage', NULL, NULL, NULL, 'SysfrmLanguage', 'SysfrmLanguage', 2, '2019-04-22 09:45:21'),
	(1006181, 1006180, 'Label_Category', '类别Category:', NULL, NULL, NULL, '类别Category:', '类别Category:', 100, '2019-04-22 09:45:21'),
	(1006182, 1006180, 'Label24', '窗体或报表 Form or Report:', NULL, NULL, NULL, '窗体或报表 Form or Report:', '窗体或报表 Form or Report:', 100, '2019-04-22 09:45:21'),
	(1006183, 102, 'SysfrmEnumeration_Type', 'SysfrmEnumeration_Type', NULL, NULL, NULL, 'SysfrmEnumeration_Type', 'SysfrmEnumeration_Type', 2, '2019-04-22 09:45:21'),
	(1006184, 1006183, 'Label_fTypeName', '名称Title', NULL, NULL, NULL, '名称Title', '名称Title', 100, '2019-04-22 09:45:21'),
	(1006185, 1006183, 'Label_fTypeID', '类别编号TypeID', NULL, NULL, NULL, '类别编号TypeID', '类别编号TypeID', 100, '2019-04-22 09:45:21'),
	(1006186, 102, 'f_Order_Edit_Detail', 'f_Order_Edit_Detail', NULL, NULL, NULL, 'f_Order_Edit_Detail', 'f_Order_Edit_Detail', 2, '2019-04-22 09:45:21'),
	(1006187, 1006186, 'Label_ID', 'ID', NULL, NULL, NULL, 'ID', 'ID', 100, '2019-04-22 09:45:21'),
	(1006188, 1006186, 'Label_DingDanHaoMa', 'Nº', NULL, NULL, NULL, 'Nº', 'Nº', 100, '2019-04-22 09:45:21'),
	(1006189, 1006186, 'Label_fQuant', '数量Qtd', NULL, NULL, NULL, '数量Qtd', '数量Qtd', 100, '2019-04-22 09:45:21'),
	(1006190, 1006186, 'Label_fProductName', '名称Descrição', NULL, NULL, NULL, '名称Descrição', '名称Descrição', 100, '2019-04-22 09:45:21'),
	(1006191, 1006186, 'Label_fLength', '长Larg.', NULL, NULL, NULL, '长Larg.', '长Larg.', 100, '2019-04-22 09:45:21'),
	(1006192, 1006186, 'Label_Width', '宽Comp.', NULL, NULL, NULL, '宽Comp.', '宽Comp.', 100, '2019-04-22 09:45:21'),
	(1006193, 1006186, 'Label_Price', '单价P. Unitario', NULL, NULL, NULL, '单价P. Unitario', '单价P. Unitario', 100, '2019-04-22 09:45:21'),
	(1006194, 1006186, 'Label_fAmount', '金额Total', NULL, NULL, NULL, '金额Total', '金额Total', 100, '2019-04-22 09:45:21'),
	(1006195, 102, 'f_Help', 'f_Help', NULL, NULL, NULL, 'f_Help', 'f_Help', 2, '2019-04-22 09:45:21'),
	(1006196, 102, 'f_Quotation_O', 'f_Quotation_O', NULL, NULL, NULL, 'f_Quotation_O', 'f_Quotation_O', 2, '2019-04-22 09:45:21'),
	(1006197, 1006196, 'CmdEdit', 'Edit', NULL, NULL, NULL, 'Edit', 'Edit', 104, '2019-04-22 09:45:21'),
	(1006198, 1006196, 'CmdNew', 'New', NULL, NULL, NULL, 'New', 'New', 104, '2019-04-22 09:45:21'),
	(1006199, 1006196, 'CmdExportToExcel', 'ExportToExcel', NULL, NULL, NULL, 'ExportToExcel', 'ExportToExcel', 104, '2019-04-22 09:45:21'),
	(1006200, 1006196, 'CmdBrowse', 'Browse', NULL, NULL, NULL, 'Browse', 'Browse', 104, '2019-04-22 09:45:21'),
	(1006201, 1006196, 'CmdOrder', 'Order', NULL, NULL, NULL, 'Order', 'Order', 104, '2019-04-22 09:45:21'),
	(1006202, 1006196, 'CmdRefresh', 'Refresh', NULL, NULL, NULL, 'Refresh', 'Refresh', 104, '2019-04-22 09:45:21'),
	(1006203, 1006196, 'Label_Filter', 'Filter:', NULL, NULL, NULL, 'Filter:', 'Filter:', 100, '2019-04-22 09:45:21'),
	(1006204, 1006196, 'CmdSearch', 'Search', NULL, NULL, NULL, 'Search', 'Search', 104, '2019-04-22 09:45:21'),
	(1006205, 1006196, 'LabelTitle', 'Quotaion List', NULL, NULL, NULL, 'Quotaion List', 'Quotaion List', 100, '2019-04-22 09:45:21'),
	(1006206, 102, 'f_CustomerSelecter', 'f_CustomerSelecter', NULL, NULL, NULL, 'f_CustomerSelecter', 'f_CustomerSelecter', 2, '2019-04-22 09:45:21'),
	(1006207, 1006206, 'Label_Text_Key', '关键字Key:', NULL, NULL, NULL, '关键字Key:', '关键字Key:', 100, '2019-04-22 09:45:21'),
	(1006208, 1006206, 'CmdOK', 'OK', NULL, NULL, NULL, 'OK', 'OK', 104, '2019-04-22 09:45:21'),
	(1006209, 102, 'f_Quotation_List_O', 'f_Quotation_List_O', NULL, NULL, NULL, 'f_Quotation_List_O', 'f_Quotation_List_O', 2, '2019-04-22 09:45:21'),
	(1006210, 1006209, 'Label_fOrderID', 'fOrderID', NULL, NULL, NULL, 'fOrderID', 'fOrderID', 100, '2019-04-22 09:45:21'),
	(1006211, 1006209, 'Label_fOrderDate', 'fOrderDate', NULL, NULL, NULL, 'fOrderDate', 'fOrderDate', 100, '2019-04-22 09:45:21'),
	(1006212, 1006209, 'Label_fCustomerName', '客户名Cliente', NULL, NULL, NULL, '客户名Cliente', '客户名Cliente', 100, '2019-04-22 09:45:21'),
	(1006213, 1006209, 'Label_fNUIT', '税号NUIT', NULL, NULL, NULL, '税号NUIT', '税号NUIT', 100, '2019-04-22 09:45:21'),
	(1006214, 1006209, 'Label_fCity', '城市City', NULL, NULL, NULL, '城市City', '城市City', 100, '2019-04-22 09:45:21'),
	(1006215, 1006209, 'Label_fConfirmed1', '确认Confirmed', NULL, NULL, NULL, '确认Confirmed', '确认Confirmed', 100, '2019-04-22 09:45:21'),
	(1006216, 1006209, 'Label_fEntry_Name', '录入Entry', NULL, NULL, NULL, '录入Entry', '录入Entry', 100, '2019-04-22 09:45:21'),
	(1006217, 1006209, 'Label_fConfirm_Name', 'fConfirm_Name', NULL, NULL, NULL, 'fConfirm_Name', 'fConfirm_Name', 100, '2019-04-22 09:45:21'),
	(1006218, 1006209, 'Label_fAmount', '金额SubTotal', NULL, NULL, NULL, '金额SubTotal', '金额SubTotal', 100, '2019-04-22 09:45:21'),
	(1006219, 1006209, 'Label_fTax', '税金IVA', NULL, NULL, NULL, '税金IVA', '税金IVA', 100, '2019-04-22 09:45:21'),
	(1006220, 1006209, 'Label_fPayable', '应付金额Valor a Pagar', NULL, NULL, NULL, '应付金额Valor a Pagar', '应付金额Valor a Pagar', 100, '2019-04-22 09:45:21'),
	(1006221, 1006209, 'Label_fDesconto', '折扣Desconto', NULL, NULL, NULL, '折扣Desconto', '折扣Desconto', 100, '2019-04-22 09:45:21'),
	(1006222, 1006209, 'Label_fContato', '联系人Contato', NULL, NULL, NULL, '联系人Contato', '联系人Contato', 100, '2019-04-22 09:45:21'),
	(1006223, 1006209, 'Label_fCelular', '手机Celular', NULL, NULL, NULL, '手机Celular', '手机Celular', 100, '2019-04-22 09:45:21'),
	(1006224, 1006209, 'Label_fTelefone', 'fTelefone', NULL, NULL, NULL, 'fTelefone', 'fTelefone', 100, '2019-04-22 09:45:21'),
	(1006225, 1006209, 'Label_fConfirmed', 'fConfirmed', NULL, NULL, NULL, 'fConfirmed', 'fConfirmed', 100, '2019-04-22 09:45:21'),
	(1006226, 1006209, 'Label_fCustomerID', '客户编号CustomerID', NULL, NULL, NULL, '客户编号CustomerID', '客户编号CustomerID', 100, '2019-04-22 09:45:21'),
	(1006227, 102, 'SysfrmEnumerationSelecter', 'SysfrmEnumerationSelecter', NULL, NULL, NULL, 'SysfrmEnumerationSelecter', 'SysfrmEnumerationSelecter', 2, '2019-04-22 09:45:21'),
	(1006228, 1006227, 'Label_Text_Key', '关键字Key:', NULL, NULL, NULL, '关键字Key:', '关键字Key:', 100, '2019-04-22 09:45:21'),
	(1006229, 1006227, 'CmdOK', 'OK', NULL, NULL, NULL, 'OK', 'OK', 104, '2019-04-22 09:45:21'),
	(1006230, 102, 'SysfrmPrintSetup', 'SysfrmPrintSetup', NULL, NULL, NULL, 'SysfrmPrintSetup', 'SysfrmPrintSetup', 2, '2019-04-22 09:45:22'),
	(1006231, 1006230, 'Label_Orientation', 'Orientation', NULL, NULL, NULL, 'Orientation', 'Orientation', 100, '2019-04-22 09:45:22'),
	(1006232, 1006230, 'Label_Vertical', 'Vertical', NULL, NULL, NULL, 'Vertical', 'Vertical', 100, '2019-04-22 09:45:22'),
	(1006233, 1006230, 'Label_Horizonta', 'Horizonta', NULL, NULL, NULL, 'Horizonta', 'Horizonta', 100, '2019-04-22 09:45:22'),
	(1006234, 1006230, 'Label_Printer', 'Printer:', NULL, NULL, NULL, 'Printer:', 'Printer:', 100, '2019-04-22 09:45:22'),
	(1006235, 1006230, 'Label_PaperSize', 'PaperSize:', NULL, NULL, NULL, 'PaperSize:', 'PaperSize:', 100, '2019-04-22 09:45:22'),
	(1006236, 1006230, 'CmdOK', 'OK', NULL, NULL, NULL, 'OK', 'OK', 104, '2019-04-22 09:45:22'),
	(1006237, 102, 'SysfrmUsers_sub_Right', 'SysfrmUsers_sub_Right', NULL, NULL, NULL, 'SysfrmUsers_sub_Right', 'SysfrmUsers_sub_Right', 2, '2019-04-22 09:45:22'),
	(1006238, 1006237, 'LabelTitle', ' User:  Produção-SM', NULL, NULL, NULL, ' User:  Produção-SM', ' User:  Produção-SM', 100, '2019-04-22 09:45:22'),
	(1006239, 1006237, 'CmdSaveRight', 'SaveRight', NULL, NULL, NULL, 'SaveRight', 'SaveRight', 104, '2019-04-22 09:45:22'),
	(1006240, 102, 'f_Adjustment', 'f_Adjustment', NULL, NULL, NULL, 'f_Adjustment', 'f_Adjustment', 2, '2019-04-22 09:45:22'),
	(1006241, 1006240, 'Label_Title', 'Order List Adjustment', NULL, NULL, NULL, 'Order List Adjustment', 'Order List Adjustment', 100, '2019-04-22 09:45:22'),
	(1006242, 1006240, 'Label_Filter', 'Filter:', NULL, NULL, NULL, 'Filter:', 'Filter:', 100, '2019-04-22 09:45:22'),
	(1006243, 1006240, 'Label_Normal', 'Normal', NULL, NULL, NULL, 'Normal', 'Normal', 100, '2019-04-22 09:45:22'),
	(1006244, 1006240, 'Label_Cancelled', 'Cancelled', NULL, NULL, NULL, 'Cancelled', 'Cancelled', 100, '2019-04-22 09:45:22'),
	(1006245, 1006240, 'CmdSearch', 'Search', NULL, NULL, NULL, 'Search', 'Search', 104, '2019-04-22 09:45:22'),
	(1006246, 1006240, 'CmdAdjustment', 'Adjustment', NULL, NULL, NULL, 'Adjustment', 'Adjustment', 104, '2019-04-22 09:45:22'),
	(1006247, 1006240, 'CmdRefresh', 'Refresh', NULL, NULL, NULL, 'Refresh', 'Refresh', 104, '2019-04-22 09:45:22'),
	(1006248, 1006240, 'CmdBrowse', 'Browse', NULL, NULL, NULL, 'Browse', 'Browse', 104, '2019-04-22 09:45:22'),
	(1006249, 1006240, 'CmdExportToExcel', 'ExportToExcel', NULL, NULL, NULL, 'ExportToExcel', 'ExportToExcel', 104, '2019-04-22 09:45:22'),
	(1006250, 1006240, 'CmdCancel', 'Cancel', NULL, NULL, NULL, 'Cancel', 'Cancel', 104, '2019-04-22 09:45:22'),
	(1006251, 102, 'SysWhereStringCreater', 'SysWhereStringCreater', NULL, NULL, NULL, 'SysWhereStringCreater', 'SysWhereStringCreater', 2, '2019-04-22 09:45:22'),
	(1006252, 1006251, 'Label_BracketBegin', '(', NULL, NULL, NULL, '(', '(', 100, '2019-04-22 09:45:22'),
	(1006253, 1006251, 'Label_FieldName', '字段名', NULL, NULL, NULL, '字段名', '字段名', 100, '2019-04-22 09:45:22'),
	(1006254, 1006251, 'Label232', '#', NULL, NULL, NULL, '#', '#', 100, '2019-04-22 09:45:22'),
	(1006255, 1006251, 'Label_LinkSymbol', '关系', NULL, NULL, NULL, '关系', '关系', 100, '2019-04-22 09:45:22'),
	(1006256, 1006251, 'Label_Symbol', '运算', NULL, NULL, NULL, '运算', '运算', 100, '2019-04-22 09:45:22'),
	(1006257, 1006251, 'Label_Value', '值', NULL, NULL, NULL, '值', '值', 100, '2019-04-22 09:45:22'),
	(1006258, 1006251, 'Label_EndValue', '结束值', NULL, NULL, NULL, '结束值', '结束值', 100, '2019-04-22 09:45:22'),
	(1006259, 1006251, 'Label_BracketEnd', ')', NULL, NULL, NULL, ')', ')', 100, '2019-04-22 09:45:22'),
	(1006260, 1006251, 'Label49', ' Value1Enabled', NULL, NULL, NULL, ' Value1Enabled', ' Value1Enabled', 100, '2019-04-22 09:45:22'),
	(1006261, 1006251, 'Label60', ' Value2Enabled', NULL, NULL, NULL, ' Value2Enabled', ' Value2Enabled', 100, '2019-04-22 09:45:22'),
	(1006262, 1006251, 'Label_Expression', 'Expression', NULL, NULL, NULL, 'Expression', 'Expression', 100, '2019-04-22 09:45:22'),
	(1006263, 1006251, 'CmdOK', 'OK(&O)', NULL, NULL, NULL, 'OK(&O)', 'OK(&O)', 104, '2019-04-22 09:45:22'),
	(1006264, 102, 'f_Quotation_Prt', 'f_Quotation_Prt', NULL, NULL, NULL, 'f_Quotation_Prt', 'f_Quotation_Prt', 2, '2019-04-22 09:45:22'),
	(1006265, 1006264, 'CmdEdit', 'Edit', NULL, NULL, NULL, 'Edit', 'Edit', 104, '2019-04-22 09:45:22'),
	(1006266, 1006264, 'CmdNew', 'New', NULL, NULL, NULL, 'New', 'New', 104, '2019-04-22 09:45:22'),
	(1006267, 1006264, 'CmdExportToExcel', 'ExportToExcel', NULL, NULL, NULL, 'ExportToExcel', 'ExportToExcel', 104, '2019-04-22 09:45:22'),
	(1006268, 1006264, 'CmdBrowse', 'Browse', NULL, NULL, NULL, 'Browse', 'Browse', 104, '2019-04-22 09:45:22'),
	(1006269, 1006264, 'CmdOrder', 'Order', NULL, NULL, NULL, 'Order', 'Order', 104, '2019-04-22 09:45:22'),
	(1006270, 1006264, 'CmdRefresh', 'Refresh', NULL, NULL, NULL, 'Refresh', 'Refresh', 104, '2019-04-22 09:45:22'),
	(1006271, 1006264, 'Label_Filter', 'Filter:', NULL, NULL, NULL, 'Filter:', 'Filter:', 100, '2019-04-22 09:45:22'),
	(1006272, 1006264, 'CmdSearch', 'Search', NULL, NULL, NULL, 'Search', 'Search', 104, '2019-04-22 09:45:22'),
	(1006273, 1006264, 'LabelTitle', 'Quotaion List', NULL, NULL, NULL, 'Quotaion List', 'Quotaion List', 100, '2019-04-22 09:45:22'),
	(1006274, 102, 'SysConnectionor', 'SysConnectionor', NULL, NULL, NULL, 'SysConnectionor', 'SysConnectionor', 2, '2019-04-22 09:45:22'),
	(1006275, 1006274, 'LabelTitle', 'Connector', NULL, NULL, NULL, 'Connector', 'Connector', 100, '2019-04-22 09:45:22'),
	(1006276, 1006274, 'Label_Server', 'Server:', NULL, NULL, NULL, 'Server:', 'Server:', 100, '2019-04-22 09:45:22'),
	(1006277, 1006274, 'Label_Drive', 'DriveDrive', NULL, NULL, NULL, 'DriveDrive', 'DriveDrive', 100, '2019-04-22 09:45:22'),
	(1006278, 1006274, 'Label_Port', 'Port:', NULL, NULL, NULL, 'Port:', 'Port:', 100, '2019-04-22 09:45:22'),
	(1006279, 1006274, 'Label_User', 'User:', NULL, NULL, NULL, 'User:', 'User:', 100, '2019-04-22 09:45:22'),
	(1006280, 1006274, 'Label_Password', 'Password:', NULL, NULL, NULL, 'Password:', 'Password:', 100, '2019-04-22 09:45:22'),
	(1006281, 1006274, 'Label_Database', 'Database:', NULL, NULL, NULL, 'Database:', 'Database:', 100, '2019-04-22 09:45:22'),
	(1006282, 1006274, 'cmdOK', 'Ok(&O)', NULL, NULL, NULL, 'Ok(&O)', 'Ok(&O)', 104, '2019-04-22 09:45:22'),
	(1006283, 1006274, 'cmdTest', 'Test(&T)', NULL, NULL, NULL, 'Test(&T)', 'Test(&T)', 104, '2019-04-22 09:45:22'),
	(1006284, 102, 'f_report_day', 'f_report_day', NULL, NULL, NULL, 'f_report_day', 'f_report_day', 2, '2019-04-22 09:45:23'),
	(1006285, 1006284, 'Label467', '年度Year:', NULL, NULL, NULL, '年度Year:', '年度Year:', 100, '2019-04-22 09:45:23'),
	(1006286, 1006284, 'Label_Title', '  Annual   Rreport 年度报表', NULL, NULL, NULL, '  Annual   Rreport 年度报表', '  Annual   Rreport 年度报表', 100, '2019-04-22 09:45:23'),
	(1006287, 1006284, 'CmdExportToExcel', 'ExportToExcel', NULL, NULL, NULL, 'ExportToExcel', 'ExportToExcel', 104, '2019-04-22 09:45:23'),
	(1006288, 1006284, 'Label471', '基于BaseOn:', NULL, NULL, NULL, '基于BaseOn:', '基于BaseOn:', 100, '2019-04-22 09:45:23'),
	(1006289, 1006284, 'CmdPrint', 'Print', NULL, NULL, NULL, 'Print', 'Print', 104, '2019-04-22 09:45:23'),
	(1006290, 1006284, 'CmdPDF', 'PDF', NULL, NULL, NULL, 'PDF', 'PDF', 104, '2019-04-22 09:45:23'),
	(1006291, 102, 'SysfrmUsers', 'SysfrmUsers', NULL, NULL, NULL, 'SysfrmUsers', 'SysfrmUsers', 2, '2019-04-22 09:45:23'),
	(1006292, 1006291, 'CmdNew', 'New', NULL, NULL, NULL, 'New', 'New', 104, '2019-04-22 09:45:23'),
	(1006293, 1006291, 'LabelTitle', 'Users List', NULL, NULL, NULL, 'Users List', 'Users List', 100, '2019-04-22 09:45:23'),
	(1006294, 1006291, 'CmdDelete', 'Del', NULL, NULL, NULL, 'Del', 'Del', 104, '2019-04-22 09:45:23'),
	(1006295, 1006291, 'CmdEdit', 'Edit', NULL, NULL, NULL, 'Edit', 'Edit', 104, '2019-04-22 09:45:23'),
	(1006296, 1006291, 'CmdStart', 'Start Using', NULL, NULL, NULL, 'Start Using', 'Start Using', 104, '2019-04-22 09:45:23'),
	(1006297, 1006291, 'CmdSaveRight', 'CmdSaveRight', NULL, NULL, NULL, 'CmdSaveRight', 'CmdSaveRight', 104, '2019-04-22 09:45:23'),
	(1006298, 102, 'f_Main_TreeView', 'f_Main_TreeView', NULL, NULL, NULL, 'f_Main_TreeView', 'f_Main_TreeView', 2, '2019-04-22 09:45:23'),
	(1006299, 1006298, 'LabelTitle', 'Orders Management', NULL, NULL, NULL, 'Orders Management', 'Orders Management', 100, '2019-04-22 09:45:23'),
	(1006300, 1006298, 'LabelUserName', 'UserName', NULL, NULL, NULL, 'UserName', 'UserName', 100, '2019-04-22 09:45:23'),
	(1006301, 1006298, 'LabelPassword', 'Password', NULL, NULL, NULL, 'Password', 'Password', 100, '2019-04-22 09:45:23'),
	(1006302, 102, 'r_QuotationOrder', 'r_QuotationOrder', NULL, NULL, NULL, 'r_QuotationOrder', 'r_QuotationOrder', 3, '2019-04-22 09:45:23'),
	(1006303, 1006302, 'LabelTitle1', 'Cotação', NULL, NULL, NULL, 'Cotação', 'Cotação', 100, '2019-04-22 09:45:23'),
	(1006304, 1006302, 'Label_fQuant', '数量Qtd', NULL, NULL, NULL, '数量Qtd', '数量Qtd', 100, '2019-04-22 09:45:23'),
	(1006305, 1006302, 'Label_fProductName', '名称Descrição', NULL, NULL, NULL, '名称Descrição', '名称Descrição', 100, '2019-04-22 09:45:23'),
	(1006306, 1006302, 'Label_fLength', '长Larg.', NULL, NULL, NULL, '长Larg.', '长Larg.', 100, '2019-04-22 09:45:23'),
	(1006307, 1006302, 'Label_fWidth', '宽Comp.', NULL, NULL, NULL, '宽Comp.', '宽Comp.', 100, '2019-04-22 09:45:23'),
	(1006308, 1006302, 'Label_fPrice', '单价P. Unitario', NULL, NULL, NULL, '单价P. Unitario', '单价P. Unitario', 100, '2019-04-22 09:45:23'),
	(1006309, 1006302, 'Label_fAmount', '金额Total', NULL, NULL, NULL, '金额Total', '金额Total', 100, '2019-04-22 09:45:23'),
	(1006310, 1006302, 'Label_fOrderID', '单号Nº', NULL, NULL, NULL, '单号Nº', '单号Nº', 100, '2019-04-22 09:45:23'),
	(1006311, 1006302, 'Label_fCity', '城市City:', NULL, NULL, NULL, '城市City:', '城市City:', 100, '2019-04-22 09:45:23'),
	(1006312, 1006302, 'Label_fOrderDate', '订单日期Date:', NULL, NULL, NULL, '订单日期Date:', '订单日期Date:', 100, '2019-04-22 09:45:23'),
	(1006313, 1006302, 'Label_DeliveryDate', '交货日期Delivery date:', NULL, NULL, NULL, '交货日期Delivery date:', '交货日期Delivery date:', 100, '2019-04-22 09:45:23'),
	(1006314, 1006302, 'Label_fVendedor', '销售Vendedor:', NULL, NULL, NULL, '销售Vendedor:', '销售Vendedor:', 100, '2019-04-22 09:45:23'),
	(1006315, 1006302, 'Label_fContato', '联系人Contato:', NULL, NULL, NULL, '联系人Contato:', '联系人Contato:', 100, '2019-04-22 09:45:23'),
	(1006316, 1006302, 'Label_fCelular', '手机Celular:', NULL, NULL, NULL, '手机Celular:', '手机Celular:', 100, '2019-04-22 09:45:23'),
	(1006317, 1006302, 'Label_fTelefone', '电话Tel:', NULL, NULL, NULL, '电话Tel:', '电话Tel:', 100, '2019-04-22 09:45:23'),
	(1006318, 1006302, 'Label_fEndereco', '地址Endereco:', NULL, NULL, NULL, '地址Endereco:', '地址Endereco:', 100, '2019-04-22 09:45:23'),
	(1006319, 1006302, 'Label_fSucursal', 'Sucursal:', NULL, NULL, NULL, 'Sucursal:', 'Sucursal:', 100, '2019-04-22 09:45:23'),
	(1006320, 1006302, 'Label_fCustomerName', '客户Cliente:', NULL, NULL, NULL, '客户Cliente:', '客户Cliente:', 100, '2019-04-22 09:45:23'),
	(1006321, 1006302, 'Label_fNUIT', '税号NUIT:', NULL, NULL, NULL, '税号NUIT:', '税号NUIT:', 100, '2019-04-22 09:45:23'),
	(1006322, 1006302, 'Label74', 'Cotação', NULL, NULL, NULL, 'Cotação', 'Cotação', 100, '2019-04-22 09:45:23'),
	(1006323, 1006302, 'Label75', '数量Qtd', NULL, NULL, NULL, '数量Qtd', '数量Qtd', 100, '2019-04-22 09:45:23'),
	(1006324, 1006302, 'Label76', '名称Descrição', NULL, NULL, NULL, '名称Descrição', '名称Descrição', 100, '2019-04-22 09:45:23'),
	(1006325, 1006302, 'Label77', '长Larg.', NULL, NULL, NULL, '长Larg.', '长Larg.', 100, '2019-04-22 09:45:23'),
	(1006326, 1006302, 'Label78', '宽Comp.', NULL, NULL, NULL, '宽Comp.', '宽Comp.', 100, '2019-04-22 09:45:23'),
	(1006327, 1006302, 'Label79', '单价P. Unitario', NULL, NULL, NULL, '单价P. Unitario', '单价P. Unitario', 100, '2019-04-22 09:45:23'),
	(1006328, 1006302, 'Label80', '金额Total', NULL, NULL, NULL, '金额Total', '金额Total', 100, '2019-04-22 09:45:23'),
	(1006329, 1006302, 'Label83', '订单号码Nº', NULL, NULL, NULL, '订单号码Nº', '订单号码Nº', 100, '2019-04-22 09:45:23'),
	(1006330, 1006302, 'Label85', '订单日期Date:', NULL, NULL, NULL, '订单日期Date:', '订单日期Date:', 100, '2019-04-22 09:45:23'),
	(1006331, 1006302, 'Label91', '交货日期Delivery date:', NULL, NULL, NULL, '交货日期Delivery date:', '交货日期Delivery date:', 100, '2019-04-22 09:45:23'),
	(1006332, 1006302, 'Label_fDesconto', '折扣Desconto:', NULL, NULL, NULL, '折扣Desconto:', '折扣Desconto:', 100, '2019-04-22 09:45:23'),
	(1006333, 1006302, 'Label_fPayable', '应付金额Valor a Pagar:', NULL, NULL, NULL, '应付金额Valor a Pagar:', '应付金额Valor a Pagar:', 100, '2019-04-22 09:45:23'),
	(1006334, 1006302, 'Label_fTax', '税金IVA:', NULL, NULL, NULL, '税金IVA:', '税金IVA:', 100, '2019-04-22 09:45:23'),
	(1006335, 1006302, 'Label_fAmountSum', '金额合计SubTotal:', NULL, NULL, NULL, '金额合计SubTotal:', '金额合计SubTotal:', 100, '2019-04-22 09:45:23'),
	(1006336, 1006302, 'Label_Productor', '制作人 Productor:', NULL, NULL, NULL, '制作人 Productor:', '制作人 Productor:', 100, '2019-04-22 09:45:23'),
	(1006337, 1006302, 'Label_Aprovar', '审核人 Aprovar:', NULL, NULL, NULL, '审核人 Aprovar:', '审核人 Aprovar:', 100, '2019-04-22 09:45:23'),
	(1006338, 1006302, 'Label_Caixa', '会计Caixa:', NULL, NULL, NULL, '会计Caixa:', '会计Caixa:', 100, '2019-04-22 09:45:23'),
	(1006339, 1006302, 'Label36', 'Note:Esta cotação é válida por 7 dias.', NULL, NULL, NULL, 'Note:Esta cotação é válida por 7 dias.', 'Note:Esta cotação é válida por 7 dias.', 100, '2019-04-22 09:45:23'),
	(1006340, 1006302, 'LabelNote0', 'Esta ordem sera entregue em 10 dias de trabalho, se esta for urgente,e necessario pagar mais 20%. Para que nao afecte os trrabalhos diarios da vossa empresa,por favor, encomendem a vossa ordem  o mais rapido possivel.', NULL, NULL, NULL, 'Esta ordem sera entregue em 10 dias de trabalho, se esta for urgente,e necessario pagar mais 20%. Para que nao afecte os trrabalhos diarios da vossa empresa,por favor, encomendem a vossa ordem  o mais rapido possivel.', 'Esta ordem sera entregue em 10 dias de trabalho, se esta for urgente,e necessario pagar mais 20%. Para que nao afecte os trrabalhos diarios da vossa empresa,por favor, encomendem a vossa ordem  o mais rapido possivel.', 100, '2019-04-22 09:45:23'),
	(1006341, 102, 'r_PrintingOrder', 'r_PrintingOrder', NULL, NULL, NULL, 'r_PrintingOrder', 'r_PrintingOrder', 3, '2019-04-22 09:45:24'),
	(1006342, 1006341, 'LabelTitle1', 'NOTA DE PAGAMENTO', NULL, NULL, NULL, 'NOTA DE PAGAMENTO', 'NOTA DE PAGAMENTO', 100, '2019-04-22 09:45:24'),
	(1006343, 1006341, 'Label_Title2_E', '(ESTE DOCUMENTO É DO USO INTERNO)', NULL, NULL, NULL, '(ESTE DOCUMENTO É DO USO INTERNO)', '(ESTE DOCUMENTO É DO USO INTERNO)', 100, '2019-04-22 09:45:24'),
	(1006344, 1006341, 'Label_fOrderID', '订单号码Nº', NULL, NULL, NULL, '订单号码Nº', '订单号码Nº', 100, '2019-04-22 09:45:24'),
	(1006345, 1006341, 'Label_fCity', '城市City:', NULL, NULL, NULL, '城市City:', '城市City:', 100, '2019-04-22 09:45:24'),
	(1006346, 1006341, 'Label_fNUIT', '税号NUIT:', NULL, NULL, NULL, '税号NUIT:', '税号NUIT:', 100, '2019-04-22 09:45:24'),
	(1006347, 1006341, 'Label_fCustomerName', '客户Cliente:', NULL, NULL, NULL, '客户Cliente:', '客户Cliente:', 100, '2019-04-22 09:45:24'),
	(1006348, 1006341, 'Label_fOrderDate', '订单日期Date:', NULL, NULL, NULL, '订单日期Date:', '订单日期Date:', 100, '2019-04-22 09:45:24'),
	(1006349, 1006341, 'Label_LianCi', 'CONT.  / PRDUCAO\r\r\n', NULL, NULL, NULL, 'CONT.  / PRDUCAO\r\r\n', 'CONT.  / PRDUCAO\r\r\n', 100, '2019-04-22 09:45:24'),
	(1006350, 1006341, 'Label_DeliveryDate', '交货日期Delivery date:', NULL, NULL, NULL, '交货日期Delivery date:', '交货日期Delivery date:', 100, '2019-04-22 09:45:24'),
	(1006351, 1006341, 'Label_fVendedor', '销售Vendedor:', NULL, NULL, NULL, '销售Vendedor:', '销售Vendedor:', 100, '2019-04-22 09:45:24'),
	(1006352, 1006341, 'Label_fNumerEnd', 'ATE', NULL, NULL, NULL, 'ATE', 'ATE', 100, '2019-04-22 09:45:24'),
	(1006353, 1006341, 'Label_fContato', '联系人Contato:', NULL, NULL, NULL, '联系人Contato:', '联系人Contato:', 100, '2019-04-22 09:45:24'),
	(1006354, 1006341, 'Label_fEspecie', '类别Especie:', NULL, NULL, NULL, '类别Especie:', '类别Especie:', 100, '2019-04-22 09:45:24'),
	(1006355, 1006341, 'Label_fAvista', '每页序号Avista:', NULL, NULL, NULL, '每页序号Avista:', '每页序号Avista:', 100, '2019-04-22 09:45:24'),
	(1006356, 1006341, 'Label_Tamanho', '尺寸Tamanho:', NULL, NULL, NULL, '尺寸Tamanho:', '尺寸Tamanho:', 100, '2019-04-22 09:45:24'),
	(1006357, 1006341, 'Label_fBrandMateria', '材料Materia:', NULL, NULL, NULL, '材料Materia:', '材料Materia:', 100, '2019-04-22 09:45:24'),
	(1006358, 1006341, 'Label_fCelular', '手机Celular:', NULL, NULL, NULL, '手机Celular:', '手机Celular:', 100, '2019-04-22 09:45:24'),
	(1006359, 1006341, 'Label_fNumerBegin', '起始号码Numeracao:', NULL, NULL, NULL, '起始号码Numeracao:', '起始号码Numeracao:', 100, '2019-07-24 21:02:22'),
	(1006360, 1006341, 'Label_fNrCopy', '联数Nr.Copy:', NULL, NULL, NULL, '联数Nr.Copy:', '联数Nr.Copy:', 100, '2019-04-22 09:45:24'),
	(1006361, 1006341, 'Label_fQuant', '数量Quant:', NULL, NULL, NULL, '数量Quant:', '数量Quant:', 100, '2019-04-22 09:45:24'),
	(1006362, 1006341, 'Label_fTelefone', '电话Tel:', NULL, NULL, NULL, '电话Tel:', '电话Tel:', 100, '2019-04-22 09:45:24'),
	(1006363, 1006341, 'Label_fPrice', '单价Price:', NULL, NULL, NULL, '单价Price:', '单价Price:', 100, '2019-04-22 09:45:24'),
	(1006364, 1006341, 'Label_fPagePerVolumn', 'Page/Vol:', NULL, NULL, NULL, 'Page/Vol:', 'Page/Vol:', 100, '2019-04-22 09:45:24'),
	(1006365, 1006341, 'Label_fEndereco', '地址Endereco:', NULL, NULL, NULL, '地址Endereco:', '地址Endereco:', 100, '2019-04-22 09:45:24'),
	(1006366, 1006341, 'Label_fSucursal', 'Sucursal:', NULL, NULL, NULL, 'Sucursal:', 'Sucursal:', 100, '2019-04-22 09:45:24'),
	(1006367, 1006341, 'Label_fLogo', 'Logo:', NULL, NULL, NULL, 'Logo:', 'Logo:', 100, '2019-04-22 09:45:24'),
	(1006368, 1006341, 'Label_fNote', 'Note:', NULL, NULL, NULL, 'Note:', 'Note:', 100, '2019-04-22 09:45:24'),
	(1006369, 1006341, 'LabelNote0', 'Esta ordem sera entregue em 10 dias de trabalho, se esta for urgente,e necessario pagar mais 20%. Para que nao afecte os trrabalhos diarios da vossa empresa,por favor, encomendem a vossa ordem  o mais rapido possivel.', NULL, NULL, NULL, 'Esta ordem sera entregue em 10 dias de trabalho, se esta for urgente,e necessario pagar mais 20%. Para que nao afecte os trrabalhos diarios da vossa empresa,por favor, encomendem a vossa ordem  o mais rapido possivel.', 'Esta ordem sera entregue em 10 dias de trabalho, se esta for urgente,e necessario pagar mais 20%. Para que nao afecte os trrabalhos diarios da vossa empresa,por favor, encomendem a vossa ordem  o mais rapido possivel.', 100, '2019-04-22 09:45:24'),
	(1006370, 1006341, 'Label_fDesconto', '折扣Desconto:', NULL, NULL, NULL, '折扣Desconto:', '折扣Desconto:', 100, '2019-04-22 09:45:24'),
	(1006371, 1006341, 'Label_fPayable', '应付金额Valor a Pagar:', NULL, NULL, NULL, '应付金额Valor a Pagar:', '应付金额Valor a Pagar:', 100, '2019-04-22 09:45:24'),
	(1006372, 1006341, 'Label_fTax', '税金IVA:', NULL, NULL, NULL, '税金IVA:', '税金IVA:', 100, '2019-04-22 09:45:24'),
	(1006373, 1006341, 'Label_fAmount', '金额合计SubTotal:', NULL, NULL, NULL, '金额合计SubTotal:', '金额合计SubTotal:', 100, '2019-04-22 09:45:24'),
	(1006374, 1006341, 'Label_Productor', '制作人 Productor:', NULL, NULL, NULL, '制作人 Productor:', '制作人 Productor:', 100, '2019-04-22 09:45:24'),
	(1006375, 1006341, 'Label_Aprovar', '审核人 Aprovar:', NULL, NULL, NULL, '审核人 Aprovar:', '审核人 Aprovar:', 100, '2019-04-22 09:45:24'),
	(1006376, 1006341, 'Label_Caixa', '会计Caixa:', NULL, NULL, NULL, '会计Caixa:', '会计Caixa:', 100, '2019-04-22 09:45:24'),
	(1006377, 102, 'r_report_day', 'r_report_day', NULL, NULL, NULL, 'r_report_day', 'r_report_day', 3, '2019-04-22 09:45:24'),
	(1006378, 1006377, 'Label_Title', ' Annual   Rreport', NULL, NULL, NULL, ' Annual   Rreport', ' Annual   Rreport', 100, '2019-04-22 09:45:24'),
	(1006379, 1006377, 'Label_Month', 'Day', NULL, NULL, NULL, 'Day', 'Day', 100, '2019-04-22 09:45:24'),
	(1006380, 1006377, 'Label_01', '1', NULL, NULL, NULL, '1', '1', 100, '2019-04-22 09:45:24'),
	(1006381, 1006377, 'Label_02', '2', NULL, NULL, NULL, '2', '2', 100, '2019-04-22 09:45:24'),
	(1006382, 1006377, 'Label_03', '3', NULL, NULL, NULL, '3', '3', 100, '2019-04-22 09:45:24'),
	(1006383, 1006377, 'Label_04', '4', NULL, NULL, NULL, '4', '4', 100, '2019-04-22 09:45:24'),
	(1006384, 1006377, 'Label_05', '5', NULL, NULL, NULL, '5', '5', 100, '2019-04-22 09:45:24'),
	(1006385, 1006377, 'Label_06', '6', NULL, NULL, NULL, '6', '6', 100, '2019-04-22 09:45:24'),
	(1006386, 1006377, 'Label_07', '7', NULL, NULL, NULL, '7', '7', 100, '2019-04-22 09:45:24'),
	(1006387, 1006377, 'Label_08', '8', NULL, NULL, NULL, '8', '8', 100, '2019-04-22 09:45:24'),
	(1006388, 1006377, 'Label_09', '9', NULL, NULL, NULL, '9', '9', 100, '2019-04-22 09:45:24'),
	(1006389, 1006377, 'Label_10', '10', NULL, NULL, NULL, '10', '10', 100, '2019-04-22 09:45:24'),
	(1006390, 1006377, 'Label_11', '11', NULL, NULL, NULL, '11', '11', 100, '2019-04-22 09:45:24'),
	(1006391, 1006377, 'Label_12', '12', NULL, NULL, NULL, '12', '12', 100, '2019-04-22 09:45:24'),
	(1006392, 1006377, 'Label_BaseON', 'BaseON:', NULL, NULL, NULL, 'BaseON:', 'BaseON:', 100, '2019-04-22 09:45:24'),
	(1006393, 102, 'r_RecibidoDailyRreport', 'r_RecibidoDailyRreport', NULL, NULL, NULL, 'r_RecibidoDailyRreport', 'r_RecibidoDailyRreport', 3, '2019-04-22 09:45:24'),
	(1006394, 1006393, 'Label_fReceiptDate', '收款日Date', NULL, NULL, NULL, '收款日Date', '收款日Date', 100, '2019-04-22 09:45:24'),
	(1006395, 1006393, 'Label_fAmountCollected', '收款额', NULL, NULL, NULL, '收款额', '收款额', 100, '2019-04-22 09:45:24'),
	(1006396, 1006393, 'Label_fNote', 'Note', NULL, NULL, NULL, 'Note', 'Note', 100, '2019-04-22 09:45:24'),
	(1006397, 1006393, 'Label_fCustomerName', '客户名Client', NULL, NULL, NULL, '客户名Client', '客户名Client', 100, '2019-04-22 09:45:24'),
	(1006398, 1006393, 'Label_fPaymentMethod', 'M.P', NULL, NULL, NULL, 'M.P', 'M.P', 100, '2019-04-22 09:45:24'),
	(1006399, 1006393, 'Label_YS', 'YS', NULL, NULL, NULL, 'YS', 'YS', 100, '2019-04-22 09:45:24'),
	(1006400, 1006393, 'Label_SK', 'SK', NULL, NULL, NULL, 'SK', 'SK', 100, '2019-04-22 09:45:24'),
	(1006401, 1006393, 'Label_QK', '欠款Arrears', NULL, NULL, NULL, '欠款Arrears', '欠款Arrears', 100, '2019-04-22 09:45:24'),
	(1006402, 1006393, 'Label_Title', 'Recibido Daily Report', NULL, NULL, NULL, 'Recibido Daily Report', 'Recibido Daily Report', 100, '2019-04-22 09:45:24'),
	(1006403, 102, 'r_Order', 'r_Order', NULL, NULL, NULL, 'r_Order', 'r_Order', 3, '2019-04-22 09:45:24'),
	(1006404, 1006403, 'Label74', 'NOTA DE PAGAMENTO', NULL, NULL, NULL, 'NOTA DE PAGAMENTO', 'NOTA DE PAGAMENTO', 100, '2019-04-22 09:45:24'),
	(1006405, 1006403, 'Label75', '数量Qtd', NULL, NULL, NULL, '数量Qtd', '数量Qtd', 100, '2019-04-22 09:45:24'),
	(1006406, 1006403, 'Label76', '名称Descrição', NULL, NULL, NULL, '名称Descrição', '名称Descrição', 100, '2019-04-22 09:45:24'),
	(1006407, 1006403, 'Label77', '长Larg.', NULL, NULL, NULL, '长Larg.', '长Larg.', 100, '2019-04-22 09:45:24'),
	(1006408, 1006403, 'Label78', '宽Comp.', NULL, NULL, NULL, '宽Comp.', '宽Comp.', 100, '2019-04-22 09:45:24'),
	(1006409, 1006403, 'Label79', '单价P. Unitario', NULL, NULL, NULL, '单价P. Unitario', '单价P. Unitario', 100, '2019-04-22 09:45:24'),
	(1006410, 1006403, 'Label80', '金额Total', NULL, NULL, NULL, '金额Total', '金额Total', 100, '2019-04-22 09:45:24'),
	(1006411, 1006403, 'Label83', '订单号码Nº', NULL, NULL, NULL, '订单号码Nº', '订单号码Nº', 100, '2019-04-22 09:45:24'),
	(1006412, 1006403, 'Label85', '订单日期Date:', NULL, NULL, NULL, '订单日期Date:', '订单日期Date:', 100, '2019-04-22 09:45:24'),
	(1006413, 1006403, 'Label91', '交货日期Delivery date:', NULL, NULL, NULL, '交货日期Delivery date:', '交货日期Delivery date:', 100, '2019-04-22 09:45:24'),
	(1006414, 1006403, 'Label0', '(ESTE DOCUMENTO É DO USO INTERNO)', NULL, NULL, NULL, '(ESTE DOCUMENTO É DO USO INTERNO)', '(ESTE DOCUMENTO É DO USO INTERNO)', 100, '2019-04-22 09:45:24'),
	(1006415, 1006403, 'LabelTitle1', 'NOTA DE PAGAMENTO', NULL, NULL, NULL, 'NOTA DE PAGAMENTO', 'NOTA DE PAGAMENTO', 100, '2019-04-22 09:45:24'),
	(1006416, 1006403, 'Label_fQuant', '数量Qtd', NULL, NULL, NULL, '数量Qtd', '数量Qtd', 100, '2019-04-22 09:45:24'),
	(1006417, 1006403, 'Label_fProductName', '名称Descrição', NULL, NULL, NULL, '名称Descrição', '名称Descrição', 100, '2019-04-22 09:45:24'),
	(1006418, 1006403, 'Label_fLength', '长Larg.', NULL, NULL, NULL, '长Larg.', '长Larg.', 100, '2019-04-22 09:45:24'),
	(1006419, 1006403, 'Label_fWidth', '宽Comp.', NULL, NULL, NULL, '宽Comp.', '宽Comp.', 100, '2019-04-22 09:45:24'),
	(1006420, 1006403, 'Label_fPrice', '单价P. Unitario', NULL, NULL, NULL, '单价P. Unitario', '单价P. Unitario', 100, '2019-04-22 09:45:24'),
	(1006421, 1006403, 'Label_fAmount', '金额Total', NULL, NULL, NULL, '金额Total', '金额Total', 100, '2019-04-22 09:45:24'),
	(1006422, 1006403, 'Label_fOrderID', '订单号码Nº', NULL, NULL, NULL, '订单号码Nº', '订单号码Nº', 100, '2019-04-22 09:45:24'),
	(1006423, 1006403, 'Label_fCity', '城市City:', NULL, NULL, NULL, '城市City:', '城市City:', 100, '2019-04-22 09:45:24'),
	(1006424, 1006403, 'Label_fOrderDate', '订单日期Date:', NULL, NULL, NULL, '订单日期Date:', '订单日期Date:', 100, '2019-04-22 09:45:24'),
	(1006425, 1006403, 'Label_DeliveryDate', '交货日期Delivery date:', NULL, NULL, NULL, '交货日期Delivery date:', '交货日期Delivery date:', 100, '2019-04-22 09:45:24'),
	(1006426, 1006403, 'Label_fVendedor', '销售Vendedor:', NULL, NULL, NULL, '销售Vendedor:', '销售Vendedor:', 100, '2019-04-22 09:45:24'),
	(1006427, 1006403, 'Label_fContato', '联系人Contato:', NULL, NULL, NULL, '联系人Contato:', '联系人Contato:', 100, '2019-04-22 09:45:24'),
	(1006428, 1006403, 'Label_fCelular', '手机Celular:', NULL, NULL, NULL, '手机Celular:', '手机Celular:', 100, '2019-04-22 09:45:24'),
	(1006429, 1006403, 'Label_fTelefone', '电话Tel:', NULL, NULL, NULL, '电话Tel:', '电话Tel:', 100, '2019-04-22 09:45:24'),
	(1006430, 1006403, 'Label_fEndereco', '地址Endereco:', NULL, NULL, NULL, '地址Endereco:', '地址Endereco:', 100, '2019-04-22 09:45:24'),
	(1006431, 1006403, 'Label_fSucursal', 'Sucursal:', NULL, NULL, NULL, 'Sucursal:', 'Sucursal:', 100, '2019-04-22 09:45:24'),
	(1006432, 1006403, 'Label_fCustomerName', '客户Cliente:', NULL, NULL, NULL, '客户Cliente:', '客户Cliente:', 100, '2019-04-22 09:45:24'),
	(1006433, 1006403, 'Label_fNUIT', '税号NUIT:', NULL, NULL, NULL, '税号NUIT:', '税号NUIT:', 100, '2019-04-22 09:45:24'),
	(1006434, 1006403, 'Label_Title1_E', '(ESTE DOCUMENTO É DO USO INTERNO)', NULL, NULL, NULL, '(ESTE DOCUMENTO É DO USO INTERNO)', '(ESTE DOCUMENTO É DO USO INTERNO)', 100, '2019-04-22 09:45:24'),
	(1006435, 1006403, 'Label_LianCi', 'CONT.  / PRDUCAO\r\r\n', NULL, NULL, NULL, 'CONT.  / PRDUCAO\r\r\n', 'CONT.  / PRDUCAO\r\r\n', 100, '2019-04-22 09:45:24'),
	(1006436, 1006403, 'Label_fDesconto', '折扣Desconto:', NULL, NULL, NULL, '折扣Desconto:', '折扣Desconto:', 100, '2019-04-22 09:45:24'),
	(1006437, 1006403, 'Label_fPayable', '应付金额Valor a Pagar:', NULL, NULL, NULL, '应付金额Valor a Pagar:', '应付金额Valor a Pagar:', 100, '2019-04-22 09:45:24'),
	(1006438, 1006403, 'Label_fTax', '税金IVA:', NULL, NULL, NULL, '税金IVA:', '税金IVA:', 100, '2019-04-22 09:45:24'),
	(1006439, 1006403, 'Label_fAmountSum', '金额合计SubTotal:', NULL, NULL, NULL, '金额合计SubTotal:', '金额合计SubTotal:', 100, '2019-04-22 09:45:24'),
	(1006440, 1006403, 'Label_Productor', '制作人 Productor:', NULL, NULL, NULL, '制作人 Productor:', '制作人 Productor:', 100, '2019-04-22 09:45:24'),
	(1006441, 1006403, 'Label_Aprovar', '审核人 Aprovar:', NULL, NULL, NULL, '审核人 Aprovar:', '审核人 Aprovar:', 100, '2019-04-22 09:45:24'),
	(1006442, 1006403, 'Label_Caixa', '会计Caixa:', NULL, NULL, NULL, '会计Caixa:', '会计Caixa:', 100, '2019-04-22 09:45:24'),
	(1006443, 1006403, 'Label36', 'Note:Esta cotação é válida por 7 dias.', NULL, NULL, NULL, 'Note:Esta cotação é válida por 7 dias.', 'Note:Esta cotação é válida por 7 dias.', 100, '2019-04-22 09:45:24'),
	(1006444, 1006403, 'LabelNote0', 'Esta ordem sera entregue em 10 dias de trabalho, se esta for urgente,e necessario pagar mais 20%. Para que nao afecte os trrabalhos diarios da vossa empresa,por favor, encomendem a vossa ordem  o mais rapido possivel.', NULL, NULL, NULL, 'Esta ordem sera entregue em 10 dias de trabalho, se esta for urgente,e necessario pagar mais 20%. Para que nao afecte os trrabalhos diarios da vossa empresa,por favor, encomendem a vossa ordem  o mais rapido possivel.', 'Esta ordem sera entregue em 10 dias de trabalho, se esta for urgente,e necessario pagar mais 20%. Para que nao afecte os trrabalhos diarios da vossa empresa,por favor, encomendem a vossa ordem  o mais rapido possivel.', 100, '2019-04-22 09:45:24'),
	(1006445, 102, 'r_QuotationPrinting', 'r_QuotationPrinting', NULL, NULL, NULL, 'r_QuotationPrinting', 'r_QuotationPrinting', 3, '2019-04-22 09:45:24'),
	(1006446, 1006445, 'LabelTitle1', 'Cotação', NULL, NULL, NULL, 'Cotação', 'Cotação', 100, '2019-04-22 09:45:24'),
	(1006447, 1006445, 'Label_fOrderID', '订单号码Nº', NULL, NULL, NULL, '订单号码Nº', '订单号码Nº', 100, '2019-04-22 09:45:24'),
	(1006448, 1006445, 'Label_fCity', '城市City:', NULL, NULL, NULL, '城市City:', '城市City:', 100, '2019-04-22 09:45:24'),
	(1006449, 1006445, 'Label_ShuiHao', '税号NUIT:', NULL, NULL, NULL, '税号NUIT:', '税号NUIT:', 100, '2019-04-22 09:45:24'),
	(1006450, 1006445, 'Label_fCustomerName', '客户Cliente:', NULL, NULL, NULL, '客户Cliente:', '客户Cliente:', 100, '2019-04-22 09:45:24'),
	(1006451, 1006445, 'Label_fOrderDate', '订单日期Date:', NULL, NULL, NULL, '订单日期Date:', '订单日期Date:', 100, '2019-04-22 09:45:24'),
	(1006452, 1006445, 'Label_KeHuHao', '手机Celular:', NULL, NULL, NULL, '手机Celular:', '手机Celular:', 100, '2019-04-22 09:45:24'),
	(1006453, 1006445, 'Label_LianCi', 'CONT.  / PRDUCAO\r\r\n', NULL, NULL, NULL, 'CONT.  / PRDUCAO\r\r\n', 'CONT.  / PRDUCAO\r\r\n', 100, '2019-04-22 09:45:24'),
	(1006454, 1006445, 'Label_DeliveryDate', '交货日期Delivery date:', NULL, NULL, NULL, '交货日期Delivery date:', '交货日期Delivery date:', 100, '2019-04-22 09:45:24'),
	(1006455, 1006445, 'Label_fVendedor1', '销售Vendedor:', NULL, NULL, NULL, '销售Vendedor:', '销售Vendedor:', 100, '2019-04-22 09:45:24'),
	(1006456, 1006445, 'Label_fNumerEnd', 'ATE', NULL, NULL, NULL, 'ATE', 'ATE', 100, '2019-04-22 09:45:24'),
	(1006457, 1006445, 'Label_fContato', '联系人Contato:', NULL, NULL, NULL, '联系人Contato:', '联系人Contato:', 100, '2019-04-22 09:45:24'),
	(1006458, 1006445, 'Label_fEspecie', '类别Especie:', NULL, NULL, NULL, '类别Especie:', '类别Especie:', 100, '2019-04-22 09:45:24'),
	(1006459, 1006445, 'Label_fAvista', '每页序号Avista:', NULL, NULL, NULL, '每页序号Avista:', '每页序号Avista:', 100, '2019-04-22 09:45:25'),
	(1006460, 1006445, 'Label_Tamanho', '尺寸Tamanho:', NULL, NULL, NULL, '尺寸Tamanho:', '尺寸Tamanho:', 100, '2019-04-22 09:45:25'),
	(1006461, 1006445, 'Label_fBrandMateria', '材料Materia:', NULL, NULL, NULL, '材料Materia:', '材料Materia:', 100, '2019-04-22 09:45:25'),
	(1006462, 1006445, 'Label_DianHuaHaoMa1', '手机Celular:', NULL, NULL, NULL, '手机Celular:', '手机Celular:', 100, '2019-04-22 09:45:25'),
	(1006463, 1006445, 'Label_fNumerBegin', '起始号码Numeracao:', NULL, NULL, NULL, '起始号码Numeracao:', '起始号码Numeracao:', 100, '2019-07-24 21:02:22'),
	(1006464, 1006445, 'Label_fNrCopy', '联数Nr.Copy:', NULL, NULL, NULL, '联数Nr.Copy:', '联数Nr.Copy:', 100, '2019-04-22 09:45:25'),
	(1006465, 1006445, 'Label_fQuant', '数量Quant:', NULL, NULL, NULL, '数量Quant:', '数量Quant:', 100, '2019-04-22 09:45:25'),
	(1006466, 1006445, 'Label_fTelefone', '电话Tel:', NULL, NULL, NULL, '电话Tel:', '电话Tel:', 100, '2019-04-22 09:45:25'),
	(1006467, 1006445, 'Label_fPrice', '单价Price:', NULL, NULL, NULL, '单价Price:', '单价Price:', 100, '2019-04-22 09:45:25'),
	(1006468, 1006445, 'Label_fPagePerVolumn', 'Page/Vol:', NULL, NULL, NULL, 'Page/Vol:', 'Page/Vol:', 100, '2019-04-22 09:45:25'),
	(1006469, 1006445, 'Label_fEndereco', '地址Endereco:', NULL, NULL, NULL, '地址Endereco:', '地址Endereco:', 100, '2019-04-22 09:45:25'),
	(1006470, 1006445, 'Label_fSucursal', 'Sucursal:', NULL, NULL, NULL, 'Sucursal:', 'Sucursal:', 100, '2019-04-22 09:45:25'),
	(1006471, 1006445, 'Label_fLogo', 'Logo:', NULL, NULL, NULL, 'Logo:', 'Logo:', 100, '2019-04-22 09:45:25'),
	(1006472, 1006445, 'Label_fNote', 'Note:Esta cotação é válida por 7 dias.', NULL, NULL, NULL, 'Note:Esta cotação é válida por 7 dias.', 'Note:Esta cotação é válida por 7 dias.', 100, '2019-04-22 09:45:25'),
	(1006473, 1006445, 'LabelNote0', 'Esta ordem sera entregue em 10 dias de trabalho, se esta for urgente,e necessario pagar mais 20%. Para que nao afecte os trrabalhos diarios da vossa empresa,por favor, encomendem a vossa ordem  o mais rapido possivel.', NULL, NULL, NULL, 'Esta ordem sera entregue em 10 dias de trabalho, se esta for urgente,e necessario pagar mais 20%. Para que nao afecte os trrabalhos diarios da vossa empresa,por favor, encomendem a vossa ordem  o mais rapido possivel.', 'Esta ordem sera entregue em 10 dias de trabalho, se esta for urgente,e necessario pagar mais 20%. Para que nao afecte os trrabalhos diarios da vossa empresa,por favor, encomendem a vossa ordem  o mais rapido possivel.', 100, '2019-04-22 09:45:25'),
	(1006474, 1006445, 'Label_Productor', '制作人 Productor:', NULL, NULL, NULL, '制作人 Productor:', '制作人 Productor:', 100, '2019-04-22 09:45:25'),
	(1006475, 1006445, 'Label_Aprovar', '审核人 Aprovar:', NULL, NULL, NULL, '审核人 Aprovar:', '审核人 Aprovar:', 100, '2019-04-22 09:45:25'),
	(1006476, 1006445, 'Label_Caixa', '会计Caixa:', NULL, NULL, NULL, '会计Caixa:', '会计Caixa:', 100, '2019-04-22 09:45:25');
/*!40000 ALTER TABLE `syslanguage` ENABLE KEYS */;

-- 导出  表 myorder_python.sysnavigationmenus 结构
DROP TABLE IF EXISTS `sysnavigationmenus`;
CREATE TABLE IF NOT EXISTS `sysnavigationmenus` (
  `fNMID` int(11) NOT NULL AUTO_INCREMENT COMMENT '编号',
  `fDispIndex` int(11) DEFAULT NULL COMMENT '显示顺序',
  `fParentId` int(11) DEFAULT NULL COMMENT '上级编号',
  `fEnabled` bit(1) NOT NULL DEFAULT b'1' COMMENT '可用',
  `fMenuText` char(60) DEFAULT NULL COMMENT '文本',
  `fCommand` tinyint(4) NOT NULL DEFAULT '0' COMMENT '命令',
  `fObjectName` char(50) DEFAULT NULL COMMENT '对象名',
  `fFormMode` tinyint(2) DEFAULT NULL COMMENT '模式',
  `fArg` char(255) DEFAULT NULL COMMENT '参数',
  `fIcon` char(50) DEFAULT NULL COMMENT '图标',
  `fDefault` bit(1) NOT NULL DEFAULT b'0' COMMENT '默认',
  `fNodeBackvolor` int(11) DEFAULT NULL COMMENT '背景色',
  `fNodeForeColor` int(11) DEFAULT NULL COMMENT '前景色',
  `fNodeFontBold` tinyint(1) NOT NULL DEFAULT '0' COMMENT '加粗',
  `fExpanded` tinyint(1) NOT NULL DEFAULT '1' COMMENT '展开',
  `fDescription` char(255) DEFAULT NULL COMMENT '说明',
  `fLevel` bit(1) NOT NULL DEFAULT b'0' COMMENT '级别',
  `fIsCommandButton` bit(1) DEFAULT b'0' COMMENT '是否按钮',
  `TS` timestamp NOT NULL DEFAULT CURRENT_TIMESTAMP ON UPDATE CURRENT_TIMESTAMP,
  PRIMARY KEY (`fNMID`),
  KEY `ParentID` (`fParentId`)
) ENGINE=InnoDB AUTO_INCREMENT=184 DEFAULT CHARSET=utf8;

-- 正在导出表  myorder_python.sysnavigationmenus 的数据：~136 rows (大约)
/*!40000 ALTER TABLE `sysnavigationmenus` DISABLE KEYS */;
INSERT INTO `sysnavigationmenus` (`fNMID`, `fDispIndex`, `fParentId`, `fEnabled`, `fMenuText`, `fCommand`, `fObjectName`, `fFormMode`, `fArg`, `fIcon`, `fDefault`, `fNodeBackvolor`, `fNodeForeColor`, `fNodeFontBold`, `fExpanded`, `fDescription`, `fLevel`, `fIsCommandButton`, `TS`) VALUES
	(1, 110, 0, b'1', 'Function', 0, '', 0, '', 'home', b'1', NULL, NULL, 0, 1, '', b'0', b'0', '2019-04-20 13:45:28'),
	(2, 40, 71, b'1', 'Order', 2, 'f_Order', -1, '', 'application_form.png', b'0', NULL, NULL, 0, 0, '', b'0', b'0', '2019-05-17 14:14:36'),
	(6, 190, 1, b'0', 'Design', 0, '', 0, '', '', b'0', NULL, NULL, 0, 1, '', b'0', b'0', '2019-05-17 13:52:42'),
	(9, 200, 1, b'1', 'Payment', 2, 'f_PaymentOrder', -1, '', 'payment.png', b'0', NULL, NULL, 0, 0, '', b'0', b'0', '2019-05-17 14:02:56'),
	(10, 450, 11, b'1', 'Enumeration', 2, 'SysfrmEnumeration', -1, '', 'enum.png', b'0', NULL, NULL, 0, 0, '', b'0', b'0', '2019-05-17 14:03:01'),
	(11, 440, 1, b'1', 'Setup', 0, '', 0, '', 'setup.png', b'0', NULL, NULL, 0, 1, '', b'0', b'0', '2019-07-18 11:38:11'),
	(12, 999999990, 1, b'1', 'Exit', 3, 'Application_Quit', 0, '', 'exit.png', b'1', NULL, NULL, 0, 0, '', b'0', b'0', '2019-05-17 13:53:18'),
	(13, 120, 11, b'1', 'User', 2, 'SysfrmUsers', -1, '', 'user.png', b'0', NULL, NULL, 0, 0, '', b'0', b'0', '2019-05-17 13:53:30'),
	(14, 480, 11, b'1', 'Config', 2, 'SysfrmConfig', -1, '', 'config.png', b'0', NULL, NULL, 0, 0, '', b'0', b'0', '2019-05-17 13:58:46'),
	(15, 300, 1, b'1', 'Complete', 2, 'f_Complete', -1, '', 'delivery.png', b'0', NULL, NULL, 0, 0, '', b'0', b'0', '2019-05-17 13:51:54'),
	(17, 510, 11, b'1', 'Help', 2, 'f_Help', -1, '', 'help.png', b'1', NULL, NULL, 0, 0, '', b'0', b'0', '2019-05-17 13:51:30'),
	(18, 350, 1, b'1', 'Adjustment', 2, 'f_Adjustment', -1, '', 'edit.png', b'0', NULL, NULL, 0, 0, '', b'0', b'0', '2019-05-17 13:58:10'),
	(19, 500, 11, b'1', 'Language', 2, 'SysfrmLanguage', -1, '', 'translate.png', b'0', NULL, NULL, 0, 0, '', b'0', b'0', '2019-05-20 12:26:58'),
	(20, 250, 1, b'1', 'Receivables', 2, 'f_Receivables', -1, '', 'Receivables.png', b'0', NULL, NULL, 0, 0, '', b'0', b'0', '2019-07-18 11:33:38'),
	(21, 410, 1, b'1', 'Report', 0, '', 0, '', 'reports.png', b'0', NULL, NULL, 0, 1, '', b'0', b'0', '2019-05-17 14:14:29'),
	(22, 420, 21, b'1', 'RecYearReport', 2, 'f_report_day', -1, '', 'month.png', b'0', NULL, NULL, 0, 0, '', b'0', b'0', '2019-05-17 13:59:06'),
	(54, 520, 1, b'1', 'Quotation', 0, '', 0, NULL, 'folder.png', b'0', NULL, NULL, 0, 1, NULL, b'0', b'0', '2019-05-17 13:50:09'),
	(55, 530, 54, b'1', 'PrintingOrderQuotation', 2, 'f_Quotation_Prt', -1, NULL, 'folder.png', b'0', NULL, NULL, 0, 0, NULL, b'0', b'0', '2019-05-17 14:21:00'),
	(56, 540, 54, b'1', 'OrderQuotation', 2, 'f_Quotation_O', -1, NULL, 'OrderQuotation.png', b'0', NULL, NULL, 0, 0, NULL, b'0', b'0', '2019-07-18 11:35:56'),
	(71, 10, 1, b'1', 'Order', 0, '', 0, NULL, 'folder.png', b'0', NULL, NULL, 0, 1, NULL, b'0', b'0', '2019-05-17 13:50:09'),
	(72, 50, 71, b'1', 'PrintOrder', 2, 'f_PrintingOrder', -1, NULL, 'folder.png', b'0', NULL, NULL, 0, 0, NULL, b'0', b'0', '2019-05-17 14:21:11'),
	(73, 30, 1, b'1', 'Customer', 2, 'f_Customer', -1, NULL, 'customers.png', b'0', NULL, NULL, 0, 0, NULL, b'0', b'0', '2019-05-17 14:16:14'),
	(80, 800, 14, b'1', 'Ok', 0, 'CmdOk', NULL, NULL, 'Ok.png', b'0', NULL, NULL, 0, 1, NULL, b'0', b'1', '2019-07-15 18:38:01'),
	(81, 202, 2, b'1', 'Edit', 0, 'CmdEdit', NULL, NULL, 'Edit.png', b'0', NULL, NULL, 0, 1, NULL, b'0', b'1', '2019-08-23 12:22:17'),
	(82, 201, 2, b'1', 'New', 0, 'CmdNew', NULL, NULL, 'New.png', b'0', NULL, NULL, 0, 1, NULL, b'0', b'1', '2019-08-23 12:22:19'),
	(83, 207, 2, b'1', 'ExportToExcel', 0, 'CmdExportToExcel', NULL, NULL, 'ExportToExcel.png', b'0', NULL, NULL, 0, 1, NULL, b'0', b'1', '2019-08-24 10:06:14'),
	(84, 203, 2, b'1', 'Browse', 0, 'CmdBrowse', NULL, NULL, 'Browse.png', b'0', NULL, NULL, 0, 1, NULL, b'0', b'1', '2019-08-29 16:08:16'),
	(85, 204, 2, b'1', 'Submit', 0, 'CmdSubmit', NULL, NULL, 'Submit.png', b'0', NULL, NULL, 0, 1, NULL, b'0', b'1', '2019-08-23 12:22:26'),
	(86, 205, 2, b'1', 'Refresh', 0, 'CmdRefresh', NULL, NULL, 'Refresh.png', b'0', NULL, NULL, 0, 1, NULL, b'0', b'1', '2019-08-23 12:22:28'),
	(87, 206, 2, b'1', 'Search', 0, 'CmdSearch', NULL, NULL, 'folder_explore.ico', b'0', NULL, NULL, 0, 1, NULL, b'0', b'1', '2019-08-28 18:14:15'),
	(88, 2001, 20, b'1', 'Recibido', 0, 'CmdRecibido', NULL, NULL, 'Recibido.png', b'0', NULL, NULL, 0, 1, NULL, b'0', b'1', '2019-08-23 12:21:47'),
	(89, 2005, 20, b'1', 'ExportToExcel', 0, 'CmdExportToExcel', NULL, NULL, 'ExportToExcel.png', b'0', NULL, NULL, 0, 1, NULL, b'0', b'1', '2019-08-24 10:06:14'),
	(90, 2003, 20, b'1', 'Refresh', 0, 'CmdRefresh', NULL, NULL, 'Refresh.png', b'0', NULL, NULL, 0, 1, NULL, b'0', b'1', '2019-08-23 12:21:53'),
	(91, 2004, 20, b'1', 'DailyRreport', 0, 'CmdDailyRreport', NULL, NULL, 'DailyRreport.png', b'0', NULL, NULL, 0, 1, NULL, b'0', b'1', '2019-08-23 12:21:56'),
	(92, 7302, 73, b'1', 'Edit', 0, 'CmdEdit', NULL, NULL, 'Edit.png', b'0', NULL, NULL, 0, 1, NULL, b'0', b'1', '2019-08-22 19:36:41'),
	(93, 7301, 73, b'1', 'New', 0, 'CmdNew', NULL, NULL, 'New.png', b'0', NULL, NULL, 0, 1, NULL, b'0', b'1', '2019-08-22 19:36:36'),
	(94, 7304, 73, b'1', 'Refresh', 0, 'CmdRefresh', NULL, NULL, 'Refresh.png', b'0', NULL, NULL, 0, 1, NULL, b'0', b'1', '2019-08-22 19:36:50'),
	(95, 950, 73, b'1', 'Search', 0, 'CmdSearch', NULL, NULL, 'folder_explore.ico', b'0', NULL, NULL, 0, 1, NULL, b'0', b'1', '2019-08-28 18:14:15'),
	(97, 970, 9, b'1', 'Edit', 0, 'CmdEdit', NULL, NULL, 'Edit.png', b'0', NULL, NULL, 0, 1, NULL, b'0', b'1', '2019-07-15 18:38:01'),
	(98, 980, 9, b'1', 'Browse', 0, 'CmdBrowse', NULL, NULL, 'Browse.png', b'0', NULL, NULL, 0, 1, NULL, b'0', b'1', '2019-07-15 18:38:01'),
	(99, 990, 9, b'1', 'Search', 0, 'CmdSearch', NULL, NULL, 'folder_explore.ico', b'0', NULL, NULL, 0, 1, NULL, b'0', b'1', '2019-08-28 18:14:15'),
	(100, 1000, 9, b'1', 'Refresh', 0, 'CmdRefresh', NULL, NULL, 'Refresh.png', b'0', NULL, NULL, 0, 1, NULL, b'0', b'1', '2019-07-15 18:38:01'),
	(101, 982, 9, b'1', 'Confirm', 0, 'CmdConfirm', NULL, NULL, 'tick.ico', b'0', NULL, NULL, 0, 1, NULL, b'0', b'1', '2019-08-29 00:10:12'),
	(102, 1020, 9, b'1', 'ExportToExcel', 0, 'CmdExportToExcel', NULL, NULL, 'ExportToExcel.png', b'0', NULL, NULL, 0, 1, NULL, b'0', b'1', '2019-08-24 10:06:14'),
	(103, 7202, 72, b'1', 'Edit', 0, 'CmdEdit', NULL, NULL, 'Edit.png', b'0', NULL, NULL, 0, 1, NULL, b'0', b'1', '2019-08-22 19:29:54'),
	(104, 7201, 72, b'1', 'New', 0, 'CmdNew', NULL, NULL, 'New.png', b'0', NULL, NULL, 0, 1, NULL, b'0', b'1', '2019-08-22 19:29:50'),
	(105, 7207, 72, b'1', 'ExportToExcel', 0, 'CmdExportToExcel', NULL, NULL, 'ExportToExcel.png', b'0', NULL, NULL, 0, 1, NULL, b'0', b'1', '2019-08-24 10:06:14'),
	(106, 7203, 72, b'1', 'Browse', 0, 'CmdBrowse', NULL, NULL, 'Browse.png', b'0', NULL, NULL, 0, 1, NULL, b'0', b'1', '2019-08-22 19:30:15'),
	(107, 7204, 72, b'1', 'Submit', 0, 'CmdSubmit', NULL, NULL, 'Submit.png', b'0', NULL, NULL, 0, 1, NULL, b'0', b'1', '2019-08-22 19:30:08'),
	(108, 7205, 72, b'1', 'Refresh', 0, 'CmdRefresh', NULL, NULL, 'Refresh.png', b'0', NULL, NULL, 0, 1, NULL, b'0', b'1', '2019-08-22 19:30:23'),
	(109, 7206, 72, b'1', 'Search', 0, 'CmdSearch', NULL, NULL, 'folder_explore.ico', b'0', NULL, NULL, 0, 1, NULL, b'0', b'1', '2019-08-28 18:14:15'),
	(110, 1501, 15, b'1', 'Complete', 0, 'CmdComplete', NULL, NULL, 'delivery.png', b'0', NULL, NULL, 0, 1, NULL, b'0', b'1', '2019-08-28 18:16:05'),
	(111, 1506, 15, b'1', 'ExportToExcel', 0, 'CmdExportToExcel', NULL, NULL, 'ExportToExcel.png', b'0', NULL, NULL, 0, 1, NULL, b'0', b'1', '2019-08-24 10:06:14'),
	(112, 1502, 15, b'1', 'Browse', 0, 'CmdBrowse', NULL, NULL, 'Browse.png', b'0', NULL, NULL, 0, 1, NULL, b'0', b'1', '2019-08-22 19:32:16'),
	(113, 1503, 15, b'1', 'Refresh', 0, 'CmdRefresh', NULL, NULL, 'Refresh.png', b'0', NULL, NULL, 0, 1, NULL, b'0', b'1', '2019-08-22 19:32:19'),
	(114, 1504, 15, b'1', 'Search', 0, 'CmdSearch', NULL, NULL, 'folder_explore.ico', b'0', NULL, NULL, 0, 1, NULL, b'0', b'1', '2019-08-28 18:14:15'),
	(115, 5502, 55, b'1', 'Edit', 0, 'CmdEdit', NULL, NULL, 'Edit.png', b'0', NULL, NULL, 0, 1, NULL, b'0', b'1', '2019-08-22 19:33:51'),
	(116, 5501, 55, b'1', 'New', 0, 'CmdNew', NULL, NULL, 'New.png', b'0', NULL, NULL, 0, 1, NULL, b'0', b'1', '2019-08-22 19:33:45'),
	(117, 5507, 55, b'1', 'ExportToExcel', 0, 'CmdExportToExcel', NULL, NULL, 'ExportToExcel.png', b'0', NULL, NULL, 0, 1, NULL, b'0', b'1', '2019-08-24 10:06:14'),
	(118, 5503, 55, b'1', 'Browse', 0, 'CmdBrowse', NULL, NULL, 'Browse.png', b'0', NULL, NULL, 0, 1, NULL, b'0', b'1', '2019-08-22 19:33:55'),
	(119, 5504, 55, b'1', 'Order', 0, 'CmdOrder', NULL, NULL, 'Order.png', b'0', NULL, NULL, 0, 1, NULL, b'0', b'1', '2019-08-22 19:34:04'),
	(120, 5505, 55, b'1', 'Refresh', 0, 'CmdRefresh', NULL, NULL, 'Refresh.png', b'0', NULL, NULL, 0, 1, NULL, b'0', b'1', '2019-08-22 19:34:09'),
	(121, 5506, 55, b'1', 'Search', 0, 'CmdSearch', NULL, NULL, 'folder_explore.ico', b'0', NULL, NULL, 0, 1, NULL, b'0', b'1', '2019-08-28 18:14:15'),
	(122, 1804, 18, b'1', 'Search', 0, 'CmdSearch', NULL, NULL, 'folder_explore.ico', b'0', NULL, NULL, 0, 1, NULL, b'0', b'1', '2019-08-28 18:14:15'),
	(123, 1800, 18, b'1', 'Adjustment', 0, 'CmdAdjustment', NULL, NULL, 'edit.png', b'0', NULL, NULL, 0, 1, NULL, b'0', b'1', '2019-08-28 18:15:28'),
	(124, 1803, 18, b'1', 'Refresh', 0, 'CmdRefresh', NULL, NULL, 'Refresh.png', b'0', NULL, NULL, 0, 1, NULL, b'0', b'1', '2019-08-22 19:33:13'),
	(125, 1801, 18, b'1', 'Browse', 0, 'CmdBrowse', NULL, NULL, 'Browse.png', b'0', NULL, NULL, 0, 1, NULL, b'0', b'1', '2019-08-22 19:32:48'),
	(126, 1805, 18, b'1', 'ExportToExcel', 0, 'CmdExportToExcel', NULL, NULL, 'ExportToExcel.png', b'0', NULL, NULL, 0, 1, NULL, b'0', b'1', '2019-08-24 10:06:14'),
	(127, 1802, 18, b'1', 'Cancel', 0, 'CmdCancel', NULL, NULL, 'Cancel.png', b'0', NULL, NULL, 0, 1, NULL, b'0', b'1', '2019-08-22 19:33:08'),
	(128, 5602, 56, b'1', 'Edit', 0, 'CmdEdit', NULL, NULL, 'Edit.png', b'0', NULL, NULL, 0, 1, NULL, b'0', b'1', '2019-08-22 19:34:51'),
	(129, 5601, 56, b'1', 'New', 0, 'CmdNew', NULL, NULL, 'New.png', b'0', NULL, NULL, 0, 1, NULL, b'0', b'1', '2019-08-22 19:34:34'),
	(130, 5607, 56, b'1', 'ExportToExcel', 0, 'CmdExportToExcel', NULL, NULL, 'ExportToExcel.png', b'0', NULL, NULL, 0, 1, NULL, b'0', b'1', '2019-08-24 10:06:14'),
	(131, 5603, 56, b'1', 'Browse', 0, 'CmdBrowse', NULL, NULL, 'Browse.png', b'0', NULL, NULL, 0, 1, NULL, b'0', b'1', '2019-08-22 19:34:55'),
	(132, 5604, 56, b'1', 'Order', 0, 'CmdOrder', NULL, NULL, 'Order.png', b'0', NULL, NULL, 0, 1, NULL, b'0', b'1', '2019-08-22 19:35:00'),
	(133, 5605, 56, b'1', 'Refresh', 0, 'CmdRefresh', NULL, NULL, 'Refresh.png', b'0', NULL, NULL, 0, 1, NULL, b'0', b'1', '2019-08-22 19:35:04'),
	(134, 5606, 56, b'1', 'Search', 0, 'CmdSearch', NULL, NULL, 'folder_explore.ico', b'0', NULL, NULL, 0, 1, NULL, b'0', b'1', '2019-08-28 18:14:15'),
	(135, 1350, 13, b'1', 'New', 0, 'CmdNew', NULL, NULL, 'New.png', b'0', NULL, NULL, 0, 1, NULL, b'0', b'1', '2019-07-15 18:38:01'),
	(136, 1360, 13, b'1', 'Delete', 0, 'CmdDelete', NULL, NULL, 'Delete.png', b'0', NULL, NULL, 0, 1, NULL, b'0', b'1', '2019-07-15 18:38:01'),
	(137, 1370, 13, b'1', 'Edit', 0, 'CmdEdit', NULL, NULL, 'Edit.png', b'0', NULL, NULL, 0, 1, NULL, b'0', b'1', '2019-07-15 18:38:01'),
	(145, 7303, 73, b'1', 'Delete', 0, 'CmdDelete', NULL, NULL, 'Delete.png', b'0', NULL, NULL, 0, 1, NULL, b'0', b'1', '2019-08-22 19:36:46'),
	(147, 515, 11, b'1', 'BackupData', 2, 'SysfrmBackupData', -1, NULL, 'backup.png', b'0', NULL, NULL, 0, 1, NULL, b'0', b'0', '2019-05-17 14:20:51'),
	(148, 411, 1, b'1', 'CustomerArrears', 0, 'f_Customer_Arrears', -1, NULL, 'query.png', b'0', NULL, NULL, 0, 1, NULL, b'0', b'0', '2019-08-22 20:33:41'),
	(149, 2002, 20, b'1', 'Edit', 0, 'CmdEdit', NULL, NULL, 'Edit.png', b'0', NULL, NULL, 0, 1, NULL, b'0', b'1', '2019-08-23 12:21:35'),
	(150, 14801, 148, b'1', 'ExportToExcel', 0, 'CmdExportToExcel', NULL, NULL, 'ExportToExcel.png', b'0', NULL, NULL, 0, 1, NULL, b'0', b'1', '2019-08-28 19:48:44'),
	(151, 191, 1, b'1', 'Inventory', 0, NULL, NULL, NULL, 'folder.png', b'0', NULL, NULL, 0, 1, NULL, b'0', b'0', '2019-10-10 10:39:48'),
	(152, 15101, 151, b'1', 'OutBoundOrder', 2, 'OutBoundOrder', -1, NULL, 'sales.png', b'0', NULL, NULL, 0, 1, NULL, b'0', b'0', '2019-10-14 17:05:55'),
	(153, 202, 152, b'1', 'Edit', 0, 'CmdEdit', NULL, NULL, 'Edit.png', b'0', NULL, NULL, 0, 1, NULL, b'0', b'1', '2019-10-10 11:00:53'),
	(154, 201, 152, b'1', 'New', 0, 'CmdNew', NULL, NULL, 'New.png', b'0', NULL, NULL, 0, 1, NULL, b'0', b'1', '2019-10-10 11:00:53'),
	(155, 207, 152, b'1', 'ExportToExcel', 0, 'CmdExportToExcel', NULL, NULL, 'ExportToExcel.png', b'0', NULL, NULL, 0, 1, NULL, b'0', b'1', '2019-10-10 11:00:53'),
	(156, 203, 152, b'1', 'Browse', 0, 'CmdBrowse', NULL, NULL, 'Browse.png', b'0', NULL, NULL, 0, 1, NULL, b'0', b'1', '2019-10-10 11:00:53'),
	(157, 204, 152, b'1', 'Submit', 0, 'CmdSubmit', NULL, NULL, 'Submit.png', b'0', NULL, NULL, 0, 1, NULL, b'0', b'1', '2019-10-10 11:00:53'),
	(158, 205, 152, b'1', 'Refresh', 0, 'CmdRefresh', NULL, NULL, 'Refresh.png', b'0', NULL, NULL, 0, 1, NULL, b'0', b'1', '2019-10-10 11:00:53'),
	(159, 206, 152, b'1', 'Search', 0, 'CmdSearch', NULL, NULL, 'folder_explore.ico', b'0', NULL, NULL, 0, 1, NULL, b'0', b'1', '2019-10-10 11:00:53'),
	(160, 15102, 151, b'1', 'WarehouseReceipt', 0, 'WarehouseReceipt', NULL, NULL, 'buy.png', b'0', NULL, NULL, 0, 1, NULL, b'0', b'0', '2019-10-14 17:06:02'),
	(161, 202, 160, b'1', 'Edit', 0, 'CmdEdit', NULL, NULL, 'Edit.png', b'0', NULL, NULL, 0, 1, NULL, b'0', b'1', '2019-10-10 11:00:53'),
	(162, 201, 160, b'1', 'New', 0, 'CmdNew', NULL, NULL, 'New.png', b'0', NULL, NULL, 0, 1, NULL, b'0', b'1', '2019-10-10 11:00:53'),
	(163, 207, 160, b'1', 'ExportToExcel', 0, 'CmdExportToExcel', NULL, NULL, 'ExportToExcel.png', b'0', NULL, NULL, 0, 1, NULL, b'0', b'1', '2019-10-10 11:00:53'),
	(164, 203, 160, b'1', 'Browse', 0, 'CmdBrowse', NULL, NULL, 'Browse.png', b'0', NULL, NULL, 0, 1, NULL, b'0', b'1', '2019-10-10 11:00:53'),
	(165, 204, 160, b'1', 'Submit', 0, 'CmdSubmit', NULL, NULL, 'Submit.png', b'0', NULL, NULL, 0, 1, NULL, b'0', b'1', '2019-10-10 11:00:53'),
	(166, 205, 160, b'1', 'Refresh', 0, 'CmdRefresh', NULL, NULL, 'Refresh.png', b'0', NULL, NULL, 0, 1, NULL, b'0', b'1', '2019-10-10 11:00:53'),
	(167, 206, 160, b'1', 'Search', 0, 'CmdSearch', NULL, NULL, 'folder_explore.ico', b'0', NULL, NULL, 0, 1, NULL, b'0', b'1', '2019-10-10 11:00:53'),
	(168, 15103, 151, b'1', 'ProductInformation', 0, 'ProductInformation', NULL, NULL, 'stock.png', b'0', NULL, NULL, 0, 1, NULL, b'0', b'0', '2019-10-14 17:06:09'),
	(169, 7302, 168, b'1', 'Edit', 0, 'CmdEdit', NULL, NULL, 'Edit.png', b'0', NULL, NULL, 0, 1, NULL, b'0', b'1', '2019-10-14 16:46:43'),
	(170, 7301, 168, b'1', 'New', 0, 'CmdNew', NULL, NULL, 'New.png', b'0', NULL, NULL, 0, 1, NULL, b'0', b'1', '2019-10-14 16:46:43'),
	(171, 7304, 168, b'1', 'Refresh', 0, 'CmdRefresh', NULL, NULL, 'Refresh.png', b'0', NULL, NULL, 0, 1, NULL, b'0', b'1', '2019-10-14 16:46:43'),
	(172, 950, 168, b'1', 'Search', 0, 'CmdSearch', NULL, NULL, 'folder_explore.ico', b'0', NULL, NULL, 0, 1, NULL, b'0', b'1', '2019-10-14 16:46:43'),
	(173, 7303, 168, b'1', 'Delete', 0, 'CmdDelete', NULL, NULL, 'Delete.png', b'0', NULL, NULL, 0, 1, NULL, b'0', b'1', '2019-10-14 16:46:43'),
	(176, 31, NULL, b'1', 'Supplier', 0, 'Supplier', NULL, NULL, NULL, b'0', NULL, NULL, 0, 1, NULL, b'0', b'0', '2019-10-15 17:44:18'),
	(177, 7302, 176, b'1', 'Edit', 0, 'CmdEdit', NULL, NULL, 'Edit.png', b'0', NULL, NULL, 0, 1, NULL, b'0', b'1', '2019-10-15 17:44:40'),
	(178, 7301, 176, b'1', 'New', 0, 'CmdNew', NULL, NULL, 'New.png', b'0', NULL, NULL, 0, 1, NULL, b'0', b'1', '2019-10-15 17:44:40'),
	(179, 7304, 176, b'1', 'Refresh', 0, 'CmdRefresh', NULL, NULL, 'Refresh.png', b'0', NULL, NULL, 0, 1, NULL, b'0', b'1', '2019-10-15 17:44:40'),
	(180, 950, 176, b'1', 'Search', 0, 'CmdSearch', NULL, NULL, 'folder_explore.ico', b'0', NULL, NULL, 0, 1, NULL, b'0', b'1', '2019-10-15 17:44:40'),
	(181, 7303, 176, b'1', 'Delete', 0, 'CmdDelete', NULL, NULL, 'Delete.png', b'0', NULL, NULL, 0, 1, NULL, b'0', b'1', '2019-10-15 17:44:40');
/*!40000 ALTER TABLE `sysnavigationmenus` ENABLE KEYS */;

-- 导出  表 myorder_python.syssql 结构
DROP TABLE IF EXISTS `syssql`;
CREATE TABLE IF NOT EXISTS `syssql` (
  `ID` int(11) DEFAULT NULL,
  `UseFor` varchar(50) DEFAULT NULL,
  `Description` varchar(255) DEFAULT NULL,
  `ObjectName` varchar(50) DEFAULT NULL,
  `ControlName` varchar(50) DEFAULT NULL,
  `MariaDB` text,
  `MariaDB_NoPara` text
) ENGINE=InnoDB DEFAULT CHARSET=utf8;

-- 正在导出表  myorder_python.syssql 的数据：~0 rows (大约)
/*!40000 ALTER TABLE `syssql` DISABLE KEYS */;
/*!40000 ALTER TABLE `syssql` ENABLE KEYS */;

-- 导出  表 myorder_python.systabelautokeyroles 结构
DROP TABLE IF EXISTS `systabelautokeyroles`;
CREATE TABLE IF NOT EXISTS `systabelautokeyroles` (
  `fRoleID` tinyint(4) NOT NULL AUTO_INCREMENT COMMENT '编号',
  `fRoleName` varchar(50) NOT NULL COMMENT '名称',
  `fTabelName` varchar(50) NOT NULL COMMENT '表名',
  `fFieldName` varchar(50) NOT NULL COMMENT '字段名',
  `fHasDateTime` bit(1) NOT NULL DEFAULT b'0' COMMENT '有时间',
  `fPreFix` varchar(50) NOT NULL COMMENT '前缀',
  `fCurrentValue` int(10) unsigned zerofill DEFAULT NULL COMMENT '当前值',
  `fLenght` tinyint(4) NOT NULL DEFAULT '6' COMMENT '长度',
  `fLastKey` varchar(255) DEFAULT NULL COMMENT '最后生成键值',
  `fDateFormat` varchar(50) DEFAULT NULL COMMENT '日期格式',
  `TS` timestamp NOT NULL DEFAULT CURRENT_TIMESTAMP ON UPDATE CURRENT_TIMESTAMP,
  PRIMARY KEY (`fRoleID`),
  UNIQUE KEY `PreFix` (`fPreFix`),
  KEY `LastKey` (`fLastKey`)
) ENGINE=InnoDB AUTO_INCREMENT=8 DEFAULT CHARSET=utf8;

-- 正在导出表  myorder_python.systabelautokeyroles 的数据：~7 rows (大约)
/*!40000 ALTER TABLE `systabelautokeyroles` DISABLE KEYS */;
INSERT INTO `systabelautokeyroles` (`fRoleID`, `fRoleName`, `fTabelName`, `fFieldName`, `fHasDateTime`, `fPreFix`, `fCurrentValue`, `fLenght`, `fLastKey`, `fDateFormat`, `TS`) VALUES
	(1, 'OrderID', 't_order', 'forderID', b'1', 'CP', 0000000163, 6, 'CP2019-1010000163', 'yyyy-mmdd', '2019-10-10 14:12:56'),
	(2, 'InkjetPrintingGuide_ID', 't_InkjetPrintingGuide', 'InkjetPrintingGuide_ID', b'1', 'PG', 0000000000, 6, '0', 'yyyy-mmdd', '2019-04-18 12:37:08'),
	(3, 'Attachment', 't_InkjetPrintingGuide_Map', 'MapName', b'1', 'ATT', 0000000000, 10, '', 'yyyymmdd', '2019-04-18 12:37:08'),
	(4, 'PrintingQuoteID', 't_quotation', 'fQuoteID', b'1', 'QP', 0000000001, 6, 'QP2019-0909000001', 'yyyy-mmdd', '2019-09-09 14:16:05'),
	(5, 'PrintingOderID', 't_order', 'fOrderID', b'1', 'TP', 0000000017, 6, 'TP2019-0914000017', 'yyyy-mmdd', '2019-09-14 11:36:25'),
	(6, 'OrderQuoteID', 't_Quotation', 'fQuoteID', b'1', 'QS', 0000000006, 6, 'QS2019-1011000006', 'yyyy-mmdd', '2019-10-11 20:06:58'),
	(7, 'OuttboundOrderID', 't_product_outbound_order', 'fOrderID', b'1', 'PO', 0000000004, 6, 'PO2019-1014000004', 'yyyy-mmdd', '2019-10-14 12:22:57');
/*!40000 ALTER TABLE `systabelautokeyroles` ENABLE KEYS */;

-- 导出  表 myorder_python.sysuserright 结构
DROP TABLE IF EXISTS `sysuserright`;
CREATE TABLE IF NOT EXISTS `sysuserright` (
  `fID` smallint(6) NOT NULL AUTO_INCREMENT COMMENT '编号',
  `fRightID` smallint(6) NOT NULL COMMENT '权限编号',
  `fUserID` smallint(6) NOT NULL COMMENT '用户编号',
  `fHasRight` bit(1) DEFAULT b'0' COMMENT '有权限',
  `TS` timestamp NOT NULL DEFAULT CURRENT_TIMESTAMP ON UPDATE CURRENT_TIMESTAMP,
  PRIMARY KEY (`fID`),
  UNIQUE KEY `UserID` (`fUserID`,`fRightID`)
) ENGINE=InnoDB AUTO_INCREMENT=943 DEFAULT CHARSET=utf8;

-- 正在导出表  myorder_python.sysuserright 的数据：~499 rows (大约)
/*!40000 ALTER TABLE `sysuserright` DISABLE KEYS */;
INSERT INTO `sysuserright` (`fID`, `fRightID`, `fUserID`, `fHasRight`, `TS`) VALUES
	(1, 1, 2, b'1', '2019-09-09 13:32:22'),
	(2, 2, 2, b'1', '2019-09-09 13:46:45'),
	(3, 9, 2, b'1', '2019-09-09 13:46:45'),
	(4, 10, 2, b'1', '2019-09-09 13:46:45'),
	(5, 11, 2, b'1', '2019-09-09 13:46:45'),
	(6, 12, 2, b'1', '2019-09-09 13:32:22'),
	(7, 13, 2, b'0', '2019-09-12 16:01:53'),
	(8, 14, 2, b'1', '2019-09-09 13:46:45'),
	(9, 15, 2, b'1', '2019-09-09 13:46:45'),
	(10, 17, 2, b'1', '2019-09-09 13:32:22'),
	(11, 18, 2, b'1', '2019-09-09 13:46:45'),
	(12, 19, 2, b'1', '2019-09-09 13:46:45'),
	(13, 20, 2, b'1', '2019-09-09 13:46:45'),
	(14, 21, 2, b'1', '2019-09-09 13:46:45'),
	(15, 22, 2, b'1', '2019-09-09 13:46:45'),
	(16, 54, 2, b'1', '2019-09-09 13:46:45'),
	(17, 55, 2, b'1', '2019-09-09 13:46:45'),
	(18, 56, 2, b'1', '2019-09-09 13:46:45'),
	(19, 71, 2, b'1', '2019-09-09 13:46:45'),
	(20, 72, 2, b'1', '2019-09-09 13:46:45'),
	(21, 73, 2, b'1', '2019-09-09 13:46:45'),
	(22, 80, 2, b'1', '2019-09-09 13:46:45'),
	(23, 81, 2, b'1', '2019-09-09 13:46:45'),
	(24, 82, 2, b'1', '2019-09-09 13:46:45'),
	(25, 83, 2, b'1', '2019-09-09 13:46:45'),
	(26, 84, 2, b'1', '2019-09-09 13:46:45'),
	(27, 85, 2, b'1', '2019-09-09 13:46:45'),
	(28, 86, 2, b'1', '2019-09-09 13:46:45'),
	(29, 87, 2, b'1', '2019-09-09 13:46:45'),
	(30, 88, 2, b'1', '2019-09-09 13:46:45'),
	(31, 89, 2, b'1', '2019-09-09 13:46:45'),
	(32, 90, 2, b'1', '2019-09-09 13:46:45'),
	(33, 91, 2, b'1', '2019-09-09 13:46:45'),
	(34, 92, 2, b'1', '2019-09-09 13:46:45'),
	(35, 93, 2, b'1', '2019-09-09 13:46:45'),
	(36, 94, 2, b'1', '2019-09-09 13:46:45'),
	(37, 95, 2, b'1', '2019-09-09 13:46:45'),
	(38, 97, 2, b'1', '2019-09-09 13:46:45'),
	(39, 98, 2, b'1', '2019-09-09 13:46:45'),
	(40, 99, 2, b'1', '2019-09-09 13:46:45'),
	(41, 100, 2, b'1', '2019-09-09 13:46:45'),
	(42, 101, 2, b'1', '2019-09-09 13:46:45'),
	(43, 102, 2, b'1', '2019-09-09 13:46:45'),
	(44, 103, 2, b'1', '2019-09-09 13:46:45'),
	(45, 104, 2, b'1', '2019-09-09 13:46:45'),
	(46, 105, 2, b'1', '2019-09-09 13:46:45'),
	(47, 106, 2, b'1', '2019-09-09 13:46:45'),
	(48, 107, 2, b'1', '2019-09-09 13:46:45'),
	(49, 108, 2, b'1', '2019-09-09 13:46:45'),
	(50, 109, 2, b'1', '2019-09-09 13:46:45'),
	(51, 110, 2, b'1', '2019-09-09 13:46:45'),
	(52, 111, 2, b'1', '2019-09-09 13:46:45'),
	(53, 112, 2, b'1', '2019-09-09 13:46:45'),
	(54, 113, 2, b'1', '2019-09-09 13:46:45'),
	(55, 114, 2, b'1', '2019-09-09 13:46:45'),
	(56, 115, 2, b'1', '2019-09-09 13:46:45'),
	(57, 116, 2, b'1', '2019-09-09 13:46:45'),
	(58, 117, 2, b'1', '2019-09-09 13:46:45'),
	(59, 118, 2, b'1', '2019-09-09 13:46:45'),
	(60, 119, 2, b'1', '2019-09-09 13:46:45'),
	(61, 120, 2, b'1', '2019-09-09 13:46:45'),
	(62, 121, 2, b'1', '2019-09-09 13:46:45'),
	(63, 122, 2, b'1', '2019-09-09 13:46:45'),
	(64, 123, 2, b'1', '2019-09-09 13:46:45'),
	(65, 124, 2, b'1', '2019-09-09 13:46:45'),
	(66, 125, 2, b'1', '2019-09-09 13:46:45'),
	(67, 126, 2, b'1', '2019-09-09 13:46:45'),
	(68, 127, 2, b'1', '2019-09-09 13:46:45'),
	(69, 128, 2, b'1', '2019-09-09 13:46:45'),
	(70, 129, 2, b'1', '2019-09-09 13:46:45'),
	(71, 130, 2, b'1', '2019-09-09 13:46:45'),
	(72, 131, 2, b'1', '2019-09-09 13:46:45'),
	(73, 132, 2, b'1', '2019-09-09 13:46:45'),
	(74, 133, 2, b'1', '2019-09-09 13:46:45'),
	(75, 134, 2, b'1', '2019-09-09 13:46:45'),
	(76, 135, 2, b'1', '2019-09-09 13:46:45'),
	(77, 136, 2, b'1', '2019-09-09 13:46:45'),
	(78, 137, 2, b'1', '2019-09-09 13:46:45'),
	(79, 145, 2, b'1', '2019-09-09 13:46:45'),
	(80, 147, 2, b'1', '2019-09-09 13:46:45'),
	(81, 148, 2, b'1', '2019-09-09 13:46:45'),
	(82, 149, 2, b'1', '2019-09-09 13:46:45'),
	(83, 150, 2, b'1', '2019-09-09 13:46:45'),
	(128, 1, 3, b'1', '2019-09-09 13:44:31'),
	(129, 2, 3, b'1', '2019-09-09 13:45:46'),
	(130, 9, 3, b'0', '2019-09-09 13:44:31'),
	(131, 10, 3, b'0', '2019-09-09 13:44:31'),
	(132, 11, 3, b'0', '2019-09-09 13:44:31'),
	(133, 12, 3, b'1', '2019-09-09 13:44:31'),
	(134, 13, 3, b'0', '2019-09-09 13:44:31'),
	(135, 14, 3, b'0', '2019-09-09 13:44:31'),
	(136, 15, 3, b'1', '2019-09-09 13:45:46'),
	(137, 17, 3, b'1', '2019-09-09 13:44:31'),
	(138, 18, 3, b'0', '2019-09-09 13:44:31'),
	(139, 19, 3, b'0', '2019-09-09 13:44:31'),
	(140, 20, 3, b'0', '2019-09-09 13:44:31'),
	(141, 21, 3, b'1', '2019-09-09 13:45:46'),
	(142, 22, 3, b'1', '2019-09-09 13:45:46'),
	(143, 54, 3, b'1', '2019-09-09 15:02:51'),
	(144, 55, 3, b'0', '2019-09-09 13:44:31'),
	(145, 56, 3, b'1', '2019-09-09 13:45:46'),
	(146, 71, 3, b'1', '2019-09-09 13:45:46'),
	(147, 72, 3, b'1', '2019-09-12 16:01:34'),
	(148, 73, 3, b'1', '2019-09-12 14:58:40'),
	(149, 80, 3, b'0', '2019-09-09 13:44:31'),
	(150, 81, 3, b'1', '2019-09-09 13:45:46'),
	(151, 82, 3, b'1', '2019-09-09 13:45:46'),
	(152, 83, 3, b'1', '2019-09-09 13:45:46'),
	(153, 84, 3, b'1', '2019-09-09 13:45:46'),
	(154, 85, 3, b'1', '2019-09-09 13:45:46'),
	(155, 86, 3, b'1', '2019-09-09 13:45:46'),
	(156, 87, 3, b'1', '2019-09-09 13:45:46'),
	(157, 88, 3, b'0', '2019-09-09 13:44:31'),
	(158, 89, 3, b'0', '2019-09-09 13:44:31'),
	(159, 90, 3, b'0', '2019-09-09 13:44:31'),
	(160, 91, 3, b'0', '2019-09-09 13:44:31'),
	(161, 92, 3, b'0', '2019-09-12 12:09:57'),
	(162, 93, 3, b'1', '2019-09-09 13:45:46'),
	(163, 94, 3, b'0', '2019-09-09 13:44:31'),
	(164, 95, 3, b'1', '2019-09-12 14:58:40'),
	(165, 97, 3, b'0', '2019-09-09 13:44:31'),
	(166, 98, 3, b'0', '2019-09-09 13:44:31'),
	(167, 99, 3, b'0', '2019-09-09 13:44:31'),
	(168, 100, 3, b'0', '2019-09-09 13:44:31'),
	(169, 101, 3, b'0', '2019-09-09 13:44:31'),
	(170, 102, 3, b'0', '2019-09-09 13:44:31'),
	(171, 103, 3, b'1', '2019-09-12 16:01:34'),
	(172, 104, 3, b'1', '2019-09-12 16:01:34'),
	(173, 105, 3, b'1', '2019-09-12 16:01:34'),
	(174, 106, 3, b'1', '2019-09-12 16:01:34'),
	(175, 107, 3, b'1', '2019-09-12 16:01:34'),
	(176, 108, 3, b'1', '2019-09-12 16:01:34'),
	(177, 109, 3, b'1', '2019-09-12 16:01:34'),
	(178, 110, 3, b'0', '2019-09-09 13:44:31'),
	(179, 111, 3, b'0', '2019-09-09 13:44:31'),
	(180, 112, 3, b'1', '2019-09-09 13:45:46'),
	(181, 113, 3, b'0', '2019-09-09 13:44:31'),
	(182, 114, 3, b'0', '2019-09-09 13:44:31'),
	(183, 115, 3, b'0', '2019-09-09 13:44:31'),
	(184, 116, 3, b'0', '2019-09-09 13:44:31'),
	(185, 117, 3, b'0', '2019-09-09 13:44:31'),
	(186, 118, 3, b'0', '2019-09-09 13:44:31'),
	(187, 119, 3, b'0', '2019-09-09 13:44:31'),
	(188, 120, 3, b'0', '2019-09-09 13:44:31'),
	(189, 121, 3, b'0', '2019-09-09 13:44:31'),
	(190, 122, 3, b'0', '2019-09-09 13:44:31'),
	(191, 123, 3, b'0', '2019-09-09 13:44:31'),
	(192, 124, 3, b'0', '2019-09-09 13:44:31'),
	(193, 125, 3, b'0', '2019-09-09 13:44:31'),
	(194, 126, 3, b'0', '2019-09-09 13:44:31'),
	(195, 127, 3, b'0', '2019-09-09 13:44:31'),
	(196, 128, 3, b'1', '2019-09-09 13:45:46'),
	(197, 129, 3, b'1', '2019-09-09 13:45:46'),
	(198, 130, 3, b'1', '2019-09-09 13:45:46'),
	(199, 131, 3, b'1', '2019-09-09 13:45:46'),
	(200, 132, 3, b'1', '2019-09-09 13:45:46'),
	(201, 133, 3, b'1', '2019-09-09 13:45:46'),
	(202, 134, 3, b'1', '2019-09-09 13:45:46'),
	(203, 135, 3, b'0', '2019-09-09 13:44:31'),
	(204, 136, 3, b'0', '2019-09-09 13:44:31'),
	(205, 137, 3, b'0', '2019-09-09 13:44:31'),
	(206, 145, 3, b'0', '2019-09-09 13:44:31'),
	(207, 147, 3, b'0', '2019-09-09 13:44:31'),
	(208, 148, 3, b'1', '2019-09-09 13:45:46'),
	(209, 149, 3, b'0', '2019-09-09 13:44:31'),
	(210, 150, 3, b'1', '2019-09-09 13:45:46'),
	(255, 1, 4, b'1', '2019-09-09 13:49:22'),
	(256, 2, 4, b'0', '2019-09-09 13:49:22'),
	(257, 9, 4, b'0', '2019-09-09 13:49:22'),
	(258, 10, 4, b'0', '2019-09-09 13:49:22'),
	(259, 11, 4, b'0', '2019-09-09 13:49:22'),
	(260, 12, 4, b'1', '2019-09-09 13:49:22'),
	(261, 13, 4, b'0', '2019-09-09 13:49:22'),
	(262, 14, 4, b'0', '2019-09-09 13:49:22'),
	(263, 15, 4, b'1', '2019-09-09 13:50:28'),
	(264, 17, 4, b'1', '2019-09-09 13:49:22'),
	(265, 18, 4, b'0', '2019-09-09 13:49:22'),
	(266, 19, 4, b'0', '2019-09-09 13:49:22'),
	(267, 20, 4, b'0', '2019-09-09 13:49:22'),
	(268, 21, 4, b'1', '2019-09-09 13:50:28'),
	(269, 22, 4, b'1', '2019-09-09 13:50:28'),
	(270, 54, 4, b'1', '2019-09-09 13:50:28'),
	(271, 55, 4, b'1', '2019-09-09 13:50:28'),
	(272, 56, 4, b'0', '2019-09-09 13:49:22'),
	(273, 71, 4, b'1', '2019-09-09 13:50:28'),
	(274, 72, 4, b'1', '2019-09-09 13:50:28'),
	(275, 73, 4, b'1', '2019-09-09 13:50:28'),
	(276, 80, 4, b'0', '2019-09-09 13:49:22'),
	(277, 81, 4, b'0', '2019-09-09 13:49:22'),
	(278, 82, 4, b'0', '2019-09-09 13:49:22'),
	(279, 83, 4, b'0', '2019-09-09 13:49:22'),
	(280, 84, 4, b'0', '2019-09-09 13:49:22'),
	(281, 85, 4, b'0', '2019-09-09 13:49:22'),
	(282, 86, 4, b'0', '2019-09-09 13:49:22'),
	(283, 87, 4, b'0', '2019-09-09 13:49:22'),
	(284, 88, 4, b'0', '2019-09-09 13:49:22'),
	(285, 89, 4, b'0', '2019-09-09 13:49:22'),
	(286, 90, 4, b'0', '2019-09-09 13:49:22'),
	(287, 91, 4, b'0', '2019-09-09 13:49:22'),
	(288, 92, 4, b'0', '2019-09-09 13:49:22'),
	(289, 93, 4, b'1', '2019-09-09 13:50:28'),
	(290, 94, 4, b'0', '2019-09-09 13:49:22'),
	(291, 95, 4, b'1', '2019-09-09 13:50:28'),
	(292, 97, 4, b'0', '2019-09-09 13:49:22'),
	(293, 98, 4, b'0', '2019-09-09 13:49:22'),
	(294, 99, 4, b'0', '2019-09-09 13:49:22'),
	(295, 100, 4, b'0', '2019-09-09 13:49:22'),
	(296, 101, 4, b'0', '2019-09-09 13:49:22'),
	(297, 102, 4, b'0', '2019-09-09 13:49:22'),
	(298, 103, 4, b'1', '2019-09-09 13:50:28'),
	(299, 104, 4, b'1', '2019-09-09 13:50:28'),
	(300, 105, 4, b'1', '2019-09-09 13:50:28'),
	(301, 106, 4, b'1', '2019-09-09 13:50:28'),
	(302, 107, 4, b'1', '2019-09-09 13:50:28'),
	(303, 108, 4, b'1', '2019-09-09 13:50:28'),
	(304, 109, 4, b'1', '2019-09-09 13:50:28'),
	(305, 110, 4, b'0', '2019-09-09 13:49:22'),
	(306, 111, 4, b'0', '2019-09-09 13:49:22'),
	(307, 112, 4, b'1', '2019-09-09 13:50:28'),
	(308, 113, 4, b'0', '2019-09-09 13:49:22'),
	(309, 114, 4, b'0', '2019-09-09 13:49:22'),
	(310, 115, 4, b'1', '2019-09-09 13:50:28'),
	(311, 116, 4, b'1', '2019-09-09 13:50:28'),
	(312, 117, 4, b'1', '2019-09-09 13:50:28'),
	(313, 118, 4, b'1', '2019-09-09 13:50:28'),
	(314, 119, 4, b'1', '2019-09-09 13:50:28'),
	(315, 120, 4, b'1', '2019-09-09 13:50:28'),
	(316, 121, 4, b'1', '2019-09-09 13:50:28'),
	(317, 122, 4, b'0', '2019-09-09 13:49:22'),
	(318, 123, 4, b'0', '2019-09-09 13:49:22'),
	(319, 124, 4, b'0', '2019-09-09 13:49:22'),
	(320, 125, 4, b'0', '2019-09-09 13:49:22'),
	(321, 126, 4, b'0', '2019-09-09 13:49:22'),
	(322, 127, 4, b'0', '2019-09-09 13:49:22'),
	(323, 128, 4, b'0', '2019-09-09 13:49:22'),
	(324, 129, 4, b'0', '2019-09-09 13:49:22'),
	(325, 130, 4, b'0', '2019-09-09 13:49:22'),
	(326, 131, 4, b'0', '2019-09-09 13:49:22'),
	(327, 132, 4, b'0', '2019-09-09 13:49:22'),
	(328, 133, 4, b'0', '2019-09-09 13:49:22'),
	(329, 134, 4, b'0', '2019-09-09 13:49:22'),
	(330, 135, 4, b'0', '2019-09-09 13:49:22'),
	(331, 136, 4, b'0', '2019-09-09 13:49:22'),
	(332, 137, 4, b'0', '2019-09-09 13:49:22'),
	(333, 145, 4, b'0', '2019-09-09 13:49:22'),
	(334, 147, 4, b'0', '2019-09-09 13:49:22'),
	(335, 148, 4, b'1', '2019-09-09 13:50:28'),
	(336, 149, 4, b'0', '2019-09-09 13:49:22'),
	(337, 150, 4, b'1', '2019-09-09 13:50:28'),
	(382, 1, 5, b'1', '2019-09-09 13:51:10'),
	(383, 2, 5, b'1', '2019-09-09 14:58:01'),
	(384, 9, 5, b'1', '2019-09-09 13:54:13'),
	(385, 10, 5, b'0', '2019-09-09 13:51:10'),
	(386, 11, 5, b'0', '2019-09-09 13:51:10'),
	(387, 12, 5, b'1', '2019-09-09 13:51:10'),
	(388, 13, 5, b'0', '2019-09-09 13:51:10'),
	(389, 14, 5, b'0', '2019-09-09 13:51:10'),
	(390, 15, 5, b'1', '2019-09-09 13:54:13'),
	(391, 17, 5, b'1', '2019-09-09 13:51:10'),
	(392, 18, 5, b'0', '2019-09-09 13:51:10'),
	(393, 19, 5, b'0', '2019-09-09 13:51:10'),
	(394, 20, 5, b'1', '2019-09-09 13:54:13'),
	(395, 21, 5, b'0', '2019-09-09 13:51:10'),
	(396, 22, 5, b'0', '2019-09-09 13:51:10'),
	(397, 54, 5, b'0', '2019-09-09 13:51:10'),
	(398, 55, 5, b'0', '2019-09-09 13:51:10'),
	(399, 56, 5, b'0', '2019-09-09 13:51:10'),
	(400, 71, 5, b'1', '2019-09-09 13:54:13'),
	(401, 72, 5, b'1', '2019-09-09 13:54:13'),
	(402, 73, 5, b'1', '2019-09-09 13:54:13'),
	(403, 80, 5, b'0', '2019-09-09 13:51:10'),
	(404, 81, 5, b'0', '2019-09-09 13:51:10'),
	(405, 82, 5, b'0', '2019-09-09 13:51:10'),
	(406, 83, 5, b'0', '2019-09-09 13:51:10'),
	(407, 84, 5, b'1', '2019-09-09 13:54:13'),
	(408, 85, 5, b'0', '2019-09-09 13:51:10'),
	(409, 86, 5, b'0', '2019-09-09 13:51:10'),
	(410, 87, 5, b'1', '2019-09-09 13:54:13'),
	(411, 88, 5, b'1', '2019-09-09 13:54:13'),
	(412, 89, 5, b'1', '2019-09-09 13:54:13'),
	(413, 90, 5, b'1', '2019-09-09 13:54:13'),
	(414, 91, 5, b'1', '2019-09-09 13:54:13'),
	(415, 92, 5, b'0', '2019-09-09 13:51:10'),
	(416, 93, 5, b'0', '2019-09-09 13:51:10'),
	(417, 94, 5, b'1', '2019-09-09 13:54:13'),
	(418, 95, 5, b'1', '2019-09-09 13:54:13'),
	(419, 97, 5, b'1', '2019-09-09 13:54:13'),
	(420, 98, 5, b'1', '2019-09-09 13:54:13'),
	(421, 99, 5, b'1', '2019-09-09 13:54:13'),
	(422, 100, 5, b'1', '2019-09-09 13:54:13'),
	(423, 101, 5, b'1', '2019-09-09 13:54:13'),
	(424, 102, 5, b'1', '2019-09-09 13:54:13'),
	(425, 103, 5, b'0', '2019-09-09 13:51:10'),
	(426, 104, 5, b'0', '2019-09-09 13:51:10'),
	(427, 105, 5, b'0', '2019-09-09 13:51:10'),
	(428, 106, 5, b'1', '2019-09-09 13:54:13'),
	(429, 107, 5, b'0', '2019-09-09 13:51:10'),
	(430, 108, 5, b'0', '2019-09-09 13:51:10'),
	(431, 109, 5, b'1', '2019-09-09 13:54:13'),
	(432, 110, 5, b'0', '2019-09-09 13:51:10'),
	(433, 111, 5, b'0', '2019-09-09 13:51:10'),
	(434, 112, 5, b'1', '2019-09-09 13:54:13'),
	(435, 113, 5, b'0', '2019-09-09 13:51:10'),
	(436, 114, 5, b'0', '2019-09-09 13:51:10'),
	(437, 115, 5, b'0', '2019-09-09 13:51:10'),
	(438, 116, 5, b'0', '2019-09-09 13:51:10'),
	(439, 117, 5, b'0', '2019-09-09 13:51:10'),
	(440, 118, 5, b'0', '2019-09-09 13:51:10'),
	(441, 119, 5, b'0', '2019-09-09 13:51:10'),
	(442, 120, 5, b'0', '2019-09-09 13:51:10'),
	(443, 121, 5, b'0', '2019-09-09 13:51:10'),
	(444, 122, 5, b'0', '2019-09-09 13:51:10'),
	(445, 123, 5, b'0', '2019-09-09 13:51:10'),
	(446, 124, 5, b'0', '2019-09-09 13:51:10'),
	(447, 125, 5, b'0', '2019-09-09 13:51:10'),
	(448, 126, 5, b'0', '2019-09-09 13:51:10'),
	(449, 127, 5, b'0', '2019-09-09 13:51:10'),
	(450, 128, 5, b'0', '2019-09-09 13:51:10'),
	(451, 129, 5, b'0', '2019-09-09 13:51:10'),
	(452, 130, 5, b'0', '2019-09-09 13:51:10'),
	(453, 131, 5, b'0', '2019-09-09 13:51:10'),
	(454, 132, 5, b'0', '2019-09-09 13:51:10'),
	(455, 133, 5, b'0', '2019-09-09 13:51:10'),
	(456, 134, 5, b'0', '2019-09-09 13:51:10'),
	(457, 135, 5, b'0', '2019-09-09 13:51:10'),
	(458, 136, 5, b'0', '2019-09-09 13:51:10'),
	(459, 137, 5, b'0', '2019-09-09 13:51:10'),
	(460, 145, 5, b'0', '2019-09-09 13:51:10'),
	(461, 147, 5, b'0', '2019-09-09 13:51:10'),
	(462, 148, 5, b'1', '2019-09-09 13:54:13'),
	(463, 149, 5, b'1', '2019-09-09 13:54:13'),
	(464, 150, 5, b'1', '2019-09-09 13:54:13'),
	(509, 1, 6, b'1', '2019-09-09 13:57:24'),
	(510, 2, 6, b'1', '2019-09-09 13:58:34'),
	(511, 9, 6, b'0', '2019-09-09 13:57:24'),
	(512, 10, 6, b'0', '2019-09-09 13:57:24'),
	(513, 11, 6, b'0', '2019-09-09 13:57:24'),
	(514, 12, 6, b'1', '2019-09-09 13:57:24'),
	(515, 13, 6, b'0', '2019-09-09 13:57:24'),
	(516, 14, 6, b'0', '2019-09-09 13:57:24'),
	(517, 15, 6, b'1', '2019-09-09 13:58:34'),
	(518, 17, 6, b'1', '2019-09-09 13:57:24'),
	(519, 18, 6, b'0', '2019-09-09 13:57:24'),
	(520, 19, 6, b'0', '2019-09-09 13:57:24'),
	(521, 20, 6, b'0', '2019-09-09 13:57:24'),
	(522, 21, 6, b'0', '2019-09-09 13:57:24'),
	(523, 22, 6, b'0', '2019-09-09 13:57:24'),
	(524, 54, 6, b'0', '2019-09-09 13:57:24'),
	(525, 55, 6, b'0', '2019-09-09 13:57:24'),
	(526, 56, 6, b'0', '2019-09-09 13:57:24'),
	(527, 71, 6, b'1', '2019-09-09 13:58:34'),
	(528, 72, 6, b'1', '2019-09-09 13:58:34'),
	(529, 73, 6, b'0', '2019-09-09 13:57:24'),
	(530, 80, 6, b'0', '2019-09-09 13:57:24'),
	(531, 81, 6, b'0', '2019-09-09 13:57:24'),
	(532, 82, 6, b'0', '2019-09-09 13:57:24'),
	(533, 83, 6, b'0', '2019-09-09 13:57:24'),
	(534, 84, 6, b'1', '2019-09-09 13:58:34'),
	(535, 85, 6, b'0', '2019-09-09 13:57:24'),
	(536, 86, 6, b'1', '2019-09-09 13:58:34'),
	(537, 87, 6, b'1', '2019-09-09 13:58:34'),
	(538, 88, 6, b'0', '2019-09-09 13:57:24'),
	(539, 89, 6, b'0', '2019-09-09 13:57:24'),
	(540, 90, 6, b'0', '2019-09-09 13:57:24'),
	(541, 91, 6, b'0', '2019-09-09 13:57:24'),
	(542, 92, 6, b'0', '2019-09-09 13:57:24'),
	(543, 93, 6, b'0', '2019-09-09 13:57:24'),
	(544, 94, 6, b'0', '2019-09-09 13:57:24'),
	(545, 95, 6, b'0', '2019-09-09 13:57:24'),
	(546, 97, 6, b'0', '2019-09-09 13:57:24'),
	(547, 98, 6, b'0', '2019-09-09 13:57:24'),
	(548, 99, 6, b'0', '2019-09-09 13:57:24'),
	(549, 100, 6, b'0', '2019-09-09 13:57:24'),
	(550, 101, 6, b'0', '2019-09-09 13:57:24'),
	(551, 102, 6, b'0', '2019-09-09 13:57:24'),
	(552, 103, 6, b'0', '2019-09-09 13:57:24'),
	(553, 104, 6, b'0', '2019-09-09 13:57:24'),
	(554, 105, 6, b'0', '2019-09-09 13:57:24'),
	(555, 106, 6, b'1', '2019-09-09 13:58:34'),
	(556, 107, 6, b'0', '2019-09-09 13:57:24'),
	(557, 108, 6, b'1', '2019-09-09 13:58:34'),
	(558, 109, 6, b'1', '2019-09-09 13:58:34'),
	(559, 110, 6, b'1', '2019-09-09 13:58:34'),
	(560, 111, 6, b'1', '2019-09-09 13:58:34'),
	(561, 112, 6, b'1', '2019-09-09 13:58:34'),
	(562, 113, 6, b'1', '2019-09-09 13:58:34'),
	(563, 114, 6, b'1', '2019-09-09 13:58:34'),
	(564, 115, 6, b'0', '2019-09-09 13:57:24'),
	(565, 116, 6, b'0', '2019-09-09 13:57:24'),
	(566, 117, 6, b'0', '2019-09-09 13:57:24'),
	(567, 118, 6, b'0', '2019-09-09 13:57:24'),
	(568, 119, 6, b'0', '2019-09-09 13:57:24'),
	(569, 120, 6, b'0', '2019-09-09 13:57:24'),
	(570, 121, 6, b'0', '2019-09-09 13:57:24'),
	(571, 122, 6, b'0', '2019-09-09 13:57:24'),
	(572, 123, 6, b'0', '2019-09-09 13:57:24'),
	(573, 124, 6, b'0', '2019-09-09 13:57:24'),
	(574, 125, 6, b'0', '2019-09-09 13:57:24'),
	(575, 126, 6, b'0', '2019-09-09 13:57:24'),
	(576, 127, 6, b'0', '2019-09-09 13:57:24'),
	(577, 128, 6, b'0', '2019-09-09 13:57:24'),
	(578, 129, 6, b'0', '2019-09-09 13:57:24'),
	(579, 130, 6, b'0', '2019-09-09 13:57:24'),
	(580, 131, 6, b'0', '2019-09-09 13:57:24'),
	(581, 132, 6, b'0', '2019-09-09 13:57:24'),
	(582, 133, 6, b'0', '2019-09-09 13:57:24'),
	(583, 134, 6, b'0', '2019-09-09 13:57:24'),
	(584, 135, 6, b'0', '2019-09-09 13:57:24'),
	(585, 136, 6, b'0', '2019-09-09 13:57:24'),
	(586, 137, 6, b'0', '2019-09-09 13:57:24'),
	(587, 145, 6, b'0', '2019-09-09 13:57:24'),
	(588, 147, 6, b'0', '2019-09-09 13:57:24'),
	(589, 148, 6, b'1', '2019-09-09 13:58:34'),
	(590, 149, 6, b'0', '2019-09-09 13:57:24'),
	(591, 150, 6, b'1', '2019-09-11 10:50:25'),
	(636, 1, 7, b'1', '2019-09-09 13:59:06'),
	(637, 2, 7, b'1', '2019-09-09 13:59:55'),
	(638, 9, 7, b'1', '2019-09-09 13:59:55'),
	(639, 10, 7, b'1', '2019-09-09 13:59:55'),
	(640, 11, 7, b'1', '2019-09-09 13:59:55'),
	(641, 12, 7, b'1', '2019-09-09 13:59:06'),
	(642, 13, 7, b'1', '2019-09-09 13:59:55'),
	(643, 14, 7, b'1', '2019-09-09 13:59:55'),
	(644, 15, 7, b'1', '2019-09-09 13:59:55'),
	(645, 17, 7, b'1', '2019-09-09 13:59:06'),
	(646, 18, 7, b'1', '2019-09-09 13:59:55'),
	(647, 19, 7, b'1', '2019-09-09 13:59:55'),
	(648, 20, 7, b'1', '2019-09-09 13:59:55'),
	(649, 21, 7, b'1', '2019-09-09 13:59:55'),
	(650, 22, 7, b'1', '2019-09-09 13:59:55'),
	(651, 54, 7, b'1', '2019-09-09 13:59:55'),
	(652, 55, 7, b'1', '2019-09-09 13:59:55'),
	(653, 56, 7, b'1', '2019-09-09 13:59:55'),
	(654, 71, 7, b'1', '2019-09-09 13:59:55'),
	(655, 72, 7, b'1', '2019-09-09 13:59:55'),
	(656, 73, 7, b'1', '2019-09-09 13:59:55'),
	(657, 80, 7, b'1', '2019-09-09 13:59:55'),
	(658, 81, 7, b'1', '2019-09-09 13:59:55'),
	(659, 82, 7, b'1', '2019-09-09 13:59:55'),
	(660, 83, 7, b'1', '2019-09-09 13:59:55'),
	(661, 84, 7, b'1', '2019-09-09 13:59:55'),
	(662, 85, 7, b'1', '2019-09-09 13:59:55'),
	(663, 86, 7, b'1', '2019-09-09 13:59:55'),
	(664, 87, 7, b'1', '2019-09-09 13:59:55'),
	(665, 88, 7, b'1', '2019-09-09 13:59:55'),
	(666, 89, 7, b'1', '2019-09-09 13:59:55'),
	(667, 90, 7, b'1', '2019-09-09 13:59:55'),
	(668, 91, 7, b'1', '2019-09-09 13:59:55'),
	(669, 92, 7, b'1', '2019-09-09 13:59:55'),
	(670, 93, 7, b'1', '2019-09-09 13:59:55'),
	(671, 94, 7, b'1', '2019-09-09 13:59:55'),
	(672, 95, 7, b'1', '2019-09-09 13:59:55'),
	(673, 97, 7, b'1', '2019-09-09 13:59:55'),
	(674, 98, 7, b'1', '2019-09-09 13:59:55'),
	(675, 99, 7, b'1', '2019-09-09 13:59:55'),
	(676, 100, 7, b'1', '2019-09-09 13:59:55'),
	(677, 101, 7, b'1', '2019-09-09 13:59:55'),
	(678, 102, 7, b'1', '2019-09-09 13:59:55'),
	(679, 103, 7, b'1', '2019-09-09 13:59:55'),
	(680, 104, 7, b'1', '2019-09-09 13:59:55'),
	(681, 105, 7, b'1', '2019-09-09 13:59:55'),
	(682, 106, 7, b'1', '2019-09-09 13:59:55'),
	(683, 107, 7, b'1', '2019-09-09 13:59:55'),
	(684, 108, 7, b'1', '2019-09-09 13:59:55'),
	(685, 109, 7, b'1', '2019-09-09 13:59:55'),
	(686, 110, 7, b'1', '2019-09-09 13:59:55'),
	(687, 111, 7, b'1', '2019-09-09 13:59:55'),
	(688, 112, 7, b'1', '2019-09-09 13:59:55'),
	(689, 113, 7, b'1', '2019-09-09 13:59:55'),
	(690, 114, 7, b'1', '2019-09-09 13:59:55'),
	(691, 115, 7, b'1', '2019-09-09 13:59:55'),
	(692, 116, 7, b'1', '2019-09-09 13:59:55'),
	(693, 117, 7, b'1', '2019-09-09 13:59:55'),
	(694, 118, 7, b'1', '2019-09-09 13:59:55'),
	(695, 119, 7, b'1', '2019-09-09 13:59:55'),
	(696, 120, 7, b'1', '2019-09-09 13:59:55'),
	(697, 121, 7, b'1', '2019-09-09 13:59:55'),
	(698, 122, 7, b'1', '2019-09-09 13:59:55'),
	(699, 123, 7, b'1', '2019-09-09 13:59:55'),
	(700, 124, 7, b'1', '2019-09-09 13:59:55'),
	(701, 125, 7, b'1', '2019-09-09 13:59:55'),
	(702, 126, 7, b'1', '2019-09-09 13:59:55'),
	(703, 127, 7, b'1', '2019-09-09 13:59:55'),
	(704, 128, 7, b'1', '2019-09-09 13:59:55'),
	(705, 129, 7, b'1', '2019-09-09 13:59:55'),
	(706, 130, 7, b'1', '2019-09-09 13:59:55'),
	(707, 131, 7, b'1', '2019-09-09 13:59:55'),
	(708, 132, 7, b'1', '2019-09-09 13:59:55'),
	(709, 133, 7, b'1', '2019-09-09 13:59:55'),
	(710, 134, 7, b'1', '2019-09-09 13:59:55'),
	(711, 135, 7, b'1', '2019-09-09 13:59:55'),
	(712, 136, 7, b'1', '2019-09-09 13:59:55'),
	(713, 137, 7, b'1', '2019-09-09 13:59:55'),
	(714, 145, 7, b'1', '2019-09-09 13:59:55'),
	(715, 147, 7, b'1', '2019-09-09 13:59:55'),
	(716, 148, 7, b'1', '2019-09-09 13:59:55'),
	(717, 149, 7, b'1', '2019-09-09 13:59:55'),
	(718, 150, 7, b'1', '2019-09-09 13:59:55'),
	(763, 1, 8, b'1', '2019-09-09 14:45:41'),
	(764, 2, 8, b'1', '2019-09-09 14:46:23'),
	(765, 9, 8, b'0', '2019-09-09 14:45:41'),
	(766, 10, 8, b'0', '2019-09-09 14:45:41'),
	(767, 11, 8, b'0', '2019-09-09 14:45:41'),
	(768, 12, 8, b'1', '2019-09-09 14:45:41'),
	(769, 13, 8, b'0', '2019-09-09 14:45:41'),
	(770, 14, 8, b'0', '2019-09-09 14:45:41'),
	(771, 15, 8, b'1', '2019-09-09 14:46:23'),
	(772, 17, 8, b'1', '2019-09-09 14:45:41'),
	(773, 18, 8, b'0', '2019-09-09 14:45:41'),
	(774, 19, 8, b'0', '2019-09-09 14:45:41'),
	(775, 20, 8, b'0', '2019-09-09 14:45:41'),
	(776, 21, 8, b'0', '2019-09-11 10:52:57'),
	(777, 22, 8, b'0', '2019-09-11 10:52:57'),
	(778, 54, 8, b'1', '2019-09-09 15:07:42'),
	(779, 55, 8, b'0', '2019-09-09 14:45:41'),
	(780, 56, 8, b'1', '2019-09-09 14:46:23'),
	(781, 71, 8, b'1', '2019-09-09 14:46:23'),
	(782, 72, 8, b'0', '2019-09-09 14:45:41'),
	(783, 73, 8, b'1', '2019-09-09 14:46:23'),
	(784, 80, 8, b'0', '2019-09-09 14:45:41'),
	(785, 81, 8, b'1', '2019-09-09 14:46:23'),
	(786, 82, 8, b'1', '2019-09-09 14:46:23'),
	(787, 83, 8, b'1', '2019-09-09 14:46:23'),
	(788, 84, 8, b'1', '2019-09-09 14:46:23'),
	(789, 85, 8, b'1', '2019-09-09 14:46:23'),
	(790, 86, 8, b'1', '2019-09-09 14:46:23'),
	(791, 87, 8, b'1', '2019-09-09 14:46:23'),
	(792, 88, 8, b'0', '2019-09-09 14:45:41'),
	(793, 89, 8, b'0', '2019-09-09 14:45:41'),
	(794, 90, 8, b'0', '2019-09-09 14:45:41'),
	(795, 91, 8, b'0', '2019-09-09 14:45:41'),
	(796, 92, 8, b'0', '2019-09-12 12:10:05'),
	(797, 93, 8, b'1', '2019-09-09 14:46:23'),
	(798, 94, 8, b'0', '2019-09-09 14:45:41'),
	(799, 95, 8, b'1', '2019-09-09 14:46:23'),
	(800, 97, 8, b'0', '2019-09-09 14:45:41'),
	(801, 98, 8, b'0', '2019-09-09 14:45:41'),
	(802, 99, 8, b'0', '2019-09-09 14:45:41'),
	(803, 100, 8, b'0', '2019-09-09 14:45:41'),
	(804, 101, 8, b'0', '2019-09-09 14:45:41'),
	(805, 102, 8, b'0', '2019-09-09 14:45:41'),
	(806, 103, 8, b'0', '2019-09-09 14:45:41'),
	(807, 104, 8, b'0', '2019-09-09 14:45:41'),
	(808, 105, 8, b'0', '2019-09-09 14:45:41'),
	(809, 106, 8, b'0', '2019-09-09 14:45:41'),
	(810, 107, 8, b'0', '2019-09-09 14:45:41'),
	(811, 108, 8, b'0', '2019-09-09 14:45:41'),
	(812, 109, 8, b'0', '2019-09-09 14:45:41'),
	(813, 110, 8, b'0', '2019-09-11 10:52:57'),
	(814, 111, 8, b'0', '2019-09-09 14:45:41'),
	(815, 112, 8, b'1', '2019-09-11 10:52:57'),
	(816, 113, 8, b'0', '2019-09-09 14:45:41'),
	(817, 114, 8, b'0', '2019-09-09 14:45:41'),
	(818, 115, 8, b'0', '2019-09-09 14:45:41'),
	(819, 116, 8, b'0', '2019-09-09 14:45:41'),
	(820, 117, 8, b'0', '2019-09-09 14:45:41'),
	(821, 118, 8, b'0', '2019-09-09 14:45:41'),
	(822, 119, 8, b'0', '2019-09-09 14:45:41'),
	(823, 120, 8, b'0', '2019-09-09 14:45:41'),
	(824, 121, 8, b'0', '2019-09-09 14:45:41'),
	(825, 122, 8, b'0', '2019-09-09 14:45:41'),
	(826, 123, 8, b'0', '2019-09-09 14:45:41'),
	(827, 124, 8, b'0', '2019-09-09 14:45:41'),
	(828, 125, 8, b'0', '2019-09-09 14:45:41'),
	(829, 126, 8, b'0', '2019-09-09 14:45:41'),
	(830, 127, 8, b'0', '2019-09-09 14:45:41'),
	(831, 128, 8, b'1', '2019-09-09 14:46:23'),
	(832, 129, 8, b'1', '2019-09-09 14:46:23'),
	(833, 130, 8, b'1', '2019-09-09 14:46:23'),
	(834, 131, 8, b'1', '2019-09-09 14:46:23'),
	(835, 132, 8, b'1', '2019-09-09 14:46:23'),
	(836, 133, 8, b'1', '2019-09-09 14:46:23'),
	(837, 134, 8, b'1', '2019-09-09 14:46:23'),
	(838, 135, 8, b'0', '2019-09-09 14:45:41'),
	(839, 136, 8, b'0', '2019-09-09 14:45:41'),
	(840, 137, 8, b'0', '2019-09-09 14:45:41'),
	(841, 145, 8, b'0', '2019-09-09 14:45:41'),
	(842, 147, 8, b'0', '2019-09-09 14:45:41'),
	(843, 148, 8, b'1', '2019-09-09 14:46:23'),
	(844, 149, 8, b'0', '2019-09-09 14:45:41'),
	(845, 150, 8, b'1', '2019-09-09 14:46:23'),
	(846, 151, 2, b'1', '2019-10-10 10:41:54'),
	(847, 152, 2, b'1', '2019-10-10 10:41:54'),
	(849, 151, 3, b'0', '2019-10-10 10:41:54'),
	(850, 152, 3, b'0', '2019-10-10 10:41:54'),
	(852, 153, 2, b'1', '2019-10-10 10:59:10'),
	(853, 154, 2, b'1', '2019-10-10 10:59:10'),
	(854, 155, 2, b'1', '2019-10-10 10:59:10'),
	(855, 156, 2, b'1', '2019-10-10 10:59:10'),
	(856, 157, 2, b'1', '2019-10-10 10:59:10'),
	(857, 158, 2, b'1', '2019-10-10 10:59:10'),
	(858, 159, 2, b'1', '2019-10-10 10:59:10'),
	(859, 160, 2, b'1', '2019-10-10 10:59:10'),
	(860, 161, 2, b'1', '2019-10-10 10:59:10'),
	(861, 162, 2, b'1', '2019-10-10 10:59:10'),
	(862, 163, 2, b'1', '2019-10-10 10:59:10'),
	(863, 164, 2, b'1', '2019-10-10 10:59:10'),
	(864, 165, 2, b'1', '2019-10-10 10:59:10'),
	(865, 166, 2, b'1', '2019-10-10 10:59:10'),
	(866, 167, 2, b'1', '2019-10-10 10:59:10'),
	(867, 151, 4, b'0', '2019-10-10 10:59:10'),
	(868, 152, 4, b'0', '2019-10-10 10:59:10'),
	(869, 153, 4, b'0', '2019-10-10 10:59:10'),
	(870, 154, 4, b'0', '2019-10-10 10:59:10'),
	(871, 155, 4, b'0', '2019-10-10 10:59:10'),
	(872, 156, 4, b'0', '2019-10-10 10:59:10'),
	(873, 157, 4, b'0', '2019-10-10 10:59:10'),
	(874, 158, 4, b'0', '2019-10-10 10:59:10'),
	(875, 159, 4, b'0', '2019-10-10 10:59:10'),
	(876, 160, 4, b'0', '2019-10-10 10:59:10'),
	(877, 161, 4, b'0', '2019-10-10 10:59:10'),
	(878, 162, 4, b'0', '2019-10-10 10:59:10'),
	(879, 163, 4, b'0', '2019-10-10 10:59:10'),
	(880, 164, 4, b'0', '2019-10-10 10:59:10'),
	(881, 165, 4, b'0', '2019-10-10 10:59:10'),
	(882, 166, 4, b'0', '2019-10-10 10:59:10'),
	(883, 167, 4, b'0', '2019-10-10 10:59:10'),
	(898, 168, 2, b'1', '2019-10-14 16:57:55'),
	(899, 169, 2, b'1', '2019-10-14 16:57:55'),
	(900, 170, 2, b'1', '2019-10-14 16:57:55'),
	(901, 171, 2, b'1', '2019-10-14 16:57:55'),
	(902, 172, 2, b'1', '2019-10-14 16:57:55'),
	(903, 173, 2, b'1', '2019-10-14 16:57:55'),
	(905, 153, 3, b'0', '2019-10-14 16:57:55'),
	(906, 154, 3, b'0', '2019-10-14 16:57:55'),
	(907, 155, 3, b'0', '2019-10-14 16:57:55'),
	(908, 156, 3, b'0', '2019-10-14 16:57:55'),
	(909, 157, 3, b'0', '2019-10-14 16:57:55'),
	(910, 158, 3, b'0', '2019-10-14 16:57:55'),
	(911, 159, 3, b'0', '2019-10-14 16:57:55'),
	(912, 160, 3, b'0', '2019-10-14 16:57:55'),
	(913, 161, 3, b'0', '2019-10-14 16:57:55'),
	(914, 162, 3, b'0', '2019-10-14 16:57:55'),
	(915, 163, 3, b'0', '2019-10-14 16:57:55'),
	(916, 164, 3, b'0', '2019-10-14 16:57:55'),
	(917, 165, 3, b'0', '2019-10-14 16:57:55'),
	(918, 166, 3, b'0', '2019-10-14 16:57:55'),
	(919, 167, 3, b'0', '2019-10-14 16:57:55'),
	(920, 168, 3, b'0', '2019-10-14 16:57:55'),
	(921, 169, 3, b'0', '2019-10-14 16:57:55'),
	(922, 170, 3, b'0', '2019-10-14 16:57:55'),
	(923, 171, 3, b'0', '2019-10-14 16:57:55'),
	(924, 172, 3, b'0', '2019-10-14 16:57:55'),
	(925, 173, 3, b'0', '2019-10-14 16:57:55'),
	(936, 176, 2, b'0', '2019-10-15 17:44:57'),
	(937, 177, 2, b'0', '2019-10-15 17:44:57'),
	(938, 178, 2, b'0', '2019-10-15 17:44:57'),
	(939, 179, 2, b'0', '2019-10-15 17:44:57'),
	(940, 180, 2, b'0', '2019-10-15 17:44:57'),
	(941, 181, 2, b'0', '2019-10-15 17:44:57');
/*!40000 ALTER TABLE `sysuserright` ENABLE KEYS */;

-- 导出  表 myorder_python.sysusers 结构
DROP TABLE IF EXISTS `sysusers`;
CREATE TABLE IF NOT EXISTS `sysusers` (
  `fUserID` int(11) NOT NULL AUTO_INCREMENT,
  `fOnline` bit(1) NOT NULL DEFAULT b'0',
  `fEnabled` bit(1) NOT NULL DEFAULT b'1',
  `fDepartment` varchar(20) DEFAULT NULL,
  `fUsername` varchar(20) NOT NULL,
  `fNickname` varchar(20) DEFAULT NULL,
  `fPassword` varchar(255) NOT NULL,
  `fRoleID` smallint(6) DEFAULT NULL,
  `fLastLoginComputer` char(50) DEFAULT NULL,
  `fLastLoginTime` datetime DEFAULT NULL,
  `fLoginID` varchar(255) DEFAULT NULL,
  `fNotes` varchar(255) DEFAULT NULL,
  `TS` timestamp NOT NULL DEFAULT CURRENT_TIMESTAMP ON UPDATE CURRENT_TIMESTAMP,
  PRIMARY KEY (`fUserID`),
  KEY `LoginID` (`fLoginID`),
  KEY `RoleID` (`fRoleID`)
) ENGINE=InnoDB AUTO_INCREMENT=9 DEFAULT CHARSET=utf8;

-- 正在导出表  myorder_python.sysusers 的数据：~8 rows (大约)
/*!40000 ALTER TABLE `sysusers` DISABLE KEYS */;
INSERT INTO `sysusers` (`fUserID`, `fOnline`, `fEnabled`, `fDepartment`, `fUsername`, `fNickname`, `fPassword`, `fRoleID`, `fLastLoginComputer`, `fLastLoginTime`, `fLoginID`, `fNotes`, `TS`) VALUES
	(1, b'0', b'0', NULL, 'admin', '管理员', '51e599aaf7f3bf4feba2a0f9166cd709', 1, NULL, '2015-09-28 19:02:10', '{AF962165-3D2D-483B-A71B-D7D3F97502A4}', NULL, '2019-09-09 13:35:45'),
	(2, b'0', b'1', '管理员', 'shuang', '双', '51e599aaf7f3bf4feba2a0f9166cd709', NULL, NULL, NULL, NULL, NULL, '2019-10-10 10:47:48'),
	(3, b'0', b'1', 'atenmento', 'atenmento-CP', 'CP', '63e588bf03ae5365650d8ffaf0838cbd', NULL, NULL, NULL, NULL, NULL, '2019-09-26 11:20:08'),
	(4, b'0', b'1', 'atenmento', 'atenmento-TP', 'TP-Tipografias', '51e599aaf7f3bf4feba2a0f9166cd709', NULL, NULL, NULL, NULL, NULL, '2019-09-09 13:49:19'),
	(5, b'0', b'1', 'CAIXA', 'CAIXA', 'DANIELA', 'bf0c0472edbc1c88702492546ab5144f', NULL, NULL, NULL, NULL, NULL, '2019-09-09 14:57:27'),
	(6, b'0', b'1', 'ARMAZEM', 'ARMAZEM', 'VICENTE', '51e599aaf7f3bf4feba2a0f9166cd709', NULL, NULL, NULL, NULL, NULL, '2019-09-11 13:25:45'),
	(7, b'0', b'1', 'GUAN LI', 'BOSS', 'CANXIANG', 'ac93b0af7e8a039c60e824ceb62b30d5', NULL, NULL, NULL, NULL, NULL, '2019-09-09 14:00:42'),
	(8, b'0', b'1', 'atenmento', 'atenmento-cp02', 'cp02', '51e599aaf7f3bf4feba2a0f9166cd709', NULL, NULL, NULL, NULL, NULL, '2019-09-09 14:45:38');
/*!40000 ALTER TABLE `sysusers` ENABLE KEYS */;

-- 导出  表 myorder_python.t_customer 结构
DROP TABLE IF EXISTS `t_customer`;
CREATE TABLE IF NOT EXISTS `t_customer` (
  `fCustomerID` int(11) NOT NULL AUTO_INCREMENT,
  `fCustomerName` varchar(50) NOT NULL COMMENT '客户名',
  `fNUIT` varchar(25) DEFAULT NULL COMMENT '税号',
  `fCity` varchar(30) DEFAULT NULL COMMENT '所在地 Mordo',
  `fContato` varchar(20) DEFAULT NULL COMMENT '联系人',
  `fAreaCode` varchar(15) DEFAULT NULL COMMENT '区号',
  `fCelular` varchar(15) DEFAULT NULL COMMENT '手机',
  `fTelefone` varchar(15) DEFAULT NULL COMMENT '电话',
  `fEndereco` varchar(15) DEFAULT NULL COMMENT '地址',
  `fEmail` varchar(50) DEFAULT NULL COMMENT '电子邮件',
  `fWeb` varchar(50) DEFAULT NULL COMMENT '主页',
  `fFax` varchar(15) DEFAULT NULL COMMENT '传真',
  `fNote` varchar(255) DEFAULT NULL,
  `TS` timestamp NOT NULL DEFAULT CURRENT_TIMESTAMP ON UPDATE CURRENT_TIMESTAMP,
  `fTaxRegCer` varchar(50) DEFAULT NULL COMMENT '税务登记证',
  PRIMARY KEY (`fCustomerID`),
  UNIQUE KEY `OnlyOne` (`fCustomerName`),
  UNIQUE KEY `fNUIT` (`fNUIT`)
) ENGINE=InnoDB AUTO_INCREMENT=105 DEFAULT CHARSET=utf8;

-- 正在导出表  myorder_python.t_customer 的数据：~90 rows (大约)
/*!40000 ALTER TABLE `t_customer` DISABLE KEYS */;
INSERT INTO `t_customer` (`fCustomerID`, `fCustomerName`, `fNUIT`, `fCity`, `fContato`, `fAreaCode`, `fCelular`, `fTelefone`, `fEndereco`, `fEmail`, `fWeb`, `fFax`, `fNote`, `TS`, `fTaxRegCer`) VALUES
	(1, 'ZION', '400238472', 'NAMPULA', NULL, NULL, '877500800', NULL, NULL, NULL, NULL, NULL, NULL, '2019-09-09 14:08:20', NULL),
	(2, 'CHISSICO', NULL, 'MAPUTO', NULL, NULL, '845470047', NULL, NULL, NULL, NULL, NULL, NULL, '2019-09-10 08:28:46', NULL),
	(3, 'ARTWE SERVICES', '108112174', 'MAPUTO', NULL, NULL, '873066544', NULL, NULL, NULL, NULL, NULL, NULL, '2019-09-10 08:57:30', NULL),
	(4, 'NHAULE SERIGRADIA', '400457980', 'MAPUTO', NULL, NULL, '848867498', NULL, NULL, NULL, NULL, NULL, NULL, '2019-09-10 09:28:22', NULL),
	(5, 'CHANDE', NULL, 'MAPUTO', NULL, NULL, '846666552', NULL, NULL, NULL, NULL, NULL, NULL, '2019-09-10 10:14:34', NULL),
	(6, 'MILTON', NULL, 'MAPUTO', NULL, NULL, '842387981', NULL, NULL, NULL, NULL, NULL, NULL, '2019-09-10 10:25:52', NULL),
	(7, 'KARINGANA MARKETING, LDA', '400713928', 'MAPUTO', NULL, NULL, '864131148', NULL, NULL, NULL, NULL, NULL, NULL, '2019-09-10 10:42:13', NULL),
	(8, 'ELIO', NULL, 'MAPUTO', NULL, NULL, '844800508', NULL, NULL, NULL, NULL, NULL, NULL, '2019-09-10 13:48:45', NULL),
	(9, 'CHABANE', NULL, 'MAPUTO', NULL, NULL, '844014538', NULL, NULL, NULL, NULL, NULL, NULL, '2019-09-10 16:08:55', NULL),
	(10, 'JALILO', NULL, 'MAPUTO', NULL, NULL, '847320606', NULL, NULL, NULL, NULL, NULL, NULL, '2019-09-10 16:10:53', NULL),
	(11, 'MALACHE', NULL, 'MAPUTO', NULL, NULL, '844644553', NULL, NULL, NULL, NULL, NULL, NULL, '2019-09-10 16:34:50', NULL),
	(12, 'TIPOGRAFIA PRELO CLASSICO, LDA', '400549036', 'MAPUTO', NULL, NULL, '847121496', NULL, NULL, NULL, NULL, NULL, NULL, '2019-09-10 16:39:55', NULL),
	(13, 'TSAMBA', NULL, 'MAPUTO', NULL, NULL, '849339016', NULL, NULL, NULL, NULL, NULL, NULL, '2019-09-11 11:15:34', NULL),
	(14, 'ENGIE FENIX MOCAMBIQUE', '400998711', 'MAPUTO', NULL, NULL, '844339815', NULL, NULL, NULL, NULL, NULL, NULL, '2019-09-11 11:33:14', NULL),
	(15, 'HERCULANO', NULL, 'MAPUTO', NULL, NULL, '849281997', NULL, NULL, NULL, NULL, NULL, NULL, '2019-09-11 13:11:41', NULL),
	(16, 'BOXOUTDOOR', NULL, 'MAPUTO', NULL, NULL, '845510174', NULL, NULL, NULL, NULL, NULL, NULL, '2019-09-11 13:21:16', NULL),
	(17, 'DANIEL', NULL, 'MAPUTO', NULL, NULL, '875448740', NULL, NULL, NULL, NULL, NULL, NULL, '2019-09-11 13:29:23', NULL),
	(18, 'PAULO ALBERTO', NULL, 'MAPUTO', NULL, NULL, '840144022', NULL, NULL, NULL, NULL, NULL, NULL, '2019-09-11 13:40:01', NULL),
	(19, 'ARTMAN', NULL, 'MAPUTO', NULL, NULL, '842554341', NULL, NULL, NULL, NULL, NULL, NULL, '2019-09-11 14:49:04', NULL),
	(20, 'JM GRAFICA', '400914461', 'MAPUTO', NULL, NULL, '845409718', NULL, NULL, NULL, NULL, NULL, NULL, '2019-09-11 15:47:39', NULL),
	(21, 'ANDRE', NULL, 'MAPUTO', NULL, NULL, '847178387', NULL, NULL, NULL, NULL, NULL, NULL, '2019-09-11 15:59:15', NULL),
	(22, 'Vloide', NULL, 'MAPUTO', NULL, NULL, '844035240', NULL, NULL, NULL, NULL, NULL, NULL, '2019-09-12 11:08:12', NULL),
	(23, 'GL GRAFICA', NULL, 'MAPUTO', NULL, NULL, NULL, NULL, NULL, NULL, NULL, NULL, NULL, '2019-09-12 11:23:26', NULL),
	(24, 'JORGE DANIEL', NULL, 'MAPUTO', NULL, NULL, '846253749', NULL, NULL, NULL, NULL, NULL, NULL, '2019-09-12 11:30:27', NULL),
	(25, 'ANACLETO', NULL, 'MAPUTO', NULL, NULL, '846246400', NULL, NULL, NULL, NULL, NULL, NULL, '2019-09-12 12:05:03', NULL),
	(26, 'GRAFICA CEDAR S. UPP. LDA', '401020411', 'MAPUTO', NULL, NULL, '870708888', NULL, 'BAIRRO CENTRAL,', NULL, NULL, NULL, NULL, '2019-09-12 13:02:29', 'tax_reg_34d9b88185ed3e5ec3a377819add5dd8.jpg'),
	(27, 'ARSBOX', NULL, 'MAPUTO', NULL, NULL, '825504910', NULL, NULL, NULL, NULL, NULL, NULL, '2019-09-12 12:27:24', NULL),
	(28, 'MARIO', NULL, 'MAPUTO', NULL, NULL, '866627712', NULL, NULL, NULL, NULL, NULL, NULL, '2019-09-12 13:13:05', NULL),
	(29, 'GRANDE VISION', NULL, 'MAPUTO', NULL, NULL, '844848048', NULL, NULL, NULL, NULL, NULL, NULL, '2019-09-12 13:50:43', NULL),
	(30, 'SP ENTERPRISE', '400703051', 'MAPUTO', NULL, NULL, '863200730', NULL, NULL, NULL, NULL, NULL, NULL, '2019-09-12 14:19:06', NULL),
	(31, 'SERIGRAFIA MOCAMBICANA', '400220689', 'MAPUTO', NULL, NULL, '843200933', NULL, NULL, NULL, NULL, NULL, NULL, '2019-09-12 15:03:16', NULL),
	(32, 'RECHEIO', NULL, 'MAPUTO', NULL, NULL, NULL, NULL, NULL, NULL, NULL, NULL, NULL, '2019-09-12 15:40:29', NULL),
	(33, 'DGS', NULL, 'MAPUTO', NULL, NULL, '846492820', NULL, NULL, NULL, NULL, NULL, NULL, '2019-09-12 15:55:20', NULL),
	(34, 'F-HOMELDA', '401019121', 'MAPUTO', '866868888/861868888', NULL, NULL, NULL, 'RUA FERAO FERAN', NULL, NULL, NULL, NULL, '2019-09-12 19:34:43', NULL),
	(35, 'OCTAVIO', NULL, 'MAPUTO', NULL, NULL, '847436541', NULL, NULL, NULL, NULL, NULL, NULL, '2019-09-13 09:28:01', NULL),
	(36, 'FELIX', NULL, 'MAPUTO', NULL, NULL, '846521694', NULL, NULL, NULL, NULL, NULL, NULL, '2019-09-13 09:52:34', NULL),
	(37, 'NEWPOINT', NULL, 'MAPUTO', NULL, NULL, '870548694', NULL, NULL, NULL, NULL, NULL, NULL, '2019-09-13 10:06:20', NULL),
	(38, 'COR REAL', '400671771', 'MAPUTO', NULL, NULL, '842566093', NULL, NULL, NULL, NULL, NULL, NULL, '2019-09-13 10:10:34', NULL),
	(39, '8386 DESIGN', '400512655', 'MAPUTO', NULL, NULL, '846440003', NULL, NULL, NULL, NULL, NULL, NULL, '2019-09-13 11:28:12', NULL),
	(40, 'A&N PRINTING SERVICE E.I', '110025890', 'MAPUTO', NULL, NULL, '827597335/ 8447', NULL, NULL, NULL, NULL, NULL, NULL, '2019-09-13 12:04:21', NULL),
	(41, 'MARCO', NULL, 'MAPUTO', NULL, NULL, '850530281', NULL, NULL, NULL, NULL, NULL, NULL, '2019-09-13 13:14:26', NULL),
	(42, 'MACHADO', NULL, 'MAPUTO', NULL, NULL, '848233552', NULL, NULL, NULL, NULL, NULL, NULL, '2019-09-13 13:27:28', NULL),
	(43, 'CASIMIRO', NULL, 'MAPUTO', NULL, NULL, '864131248', NULL, NULL, NULL, NULL, NULL, NULL, '2019-09-13 13:58:01', NULL),
	(44, 'MAURO MENETE', NULL, 'MAPUTO', NULL, NULL, '847995800', NULL, NULL, NULL, NULL, NULL, NULL, '2019-09-13 14:28:50', NULL),
	(45, 'ZOE', NULL, 'MAPUTO', NULL, NULL, '842206145', NULL, NULL, NULL, NULL, NULL, NULL, '2019-09-13 15:51:11', NULL),
	(46, 'QUEIROS', NULL, NULL, NULL, NULL, '848130178', NULL, NULL, NULL, NULL, NULL, NULL, '2019-09-13 17:49:35', NULL),
	(47, 'BDQ', '400202321', 'MAPUTO', NULL, NULL, '843244182', NULL, NULL, NULL, NULL, NULL, NULL, '2019-09-14 08:45:16', NULL),
	(48, '360 GRAUS SOLUCOES', NULL, 'MAPUTO', NULL, NULL, '848692196', NULL, NULL, NULL, NULL, NULL, NULL, '2019-09-14 09:13:45', NULL),
	(49, 'CP', NULL, 'MAPUTO', NULL, NULL, NULL, NULL, NULL, NULL, NULL, NULL, NULL, '2019-09-14 10:46:04', NULL),
	(50, 'FREDERICO', NULL, 'MAPUTO', NULL, NULL, '849102196', NULL, NULL, NULL, NULL, NULL, NULL, '2019-09-14 10:47:11', NULL),
	(51, 'LANGA', NULL, 'MAPUTO', NULL, NULL, '842533260', NULL, NULL, NULL, NULL, NULL, NULL, '2019-09-16 09:05:09', NULL),
	(52, 'KAIRO', NULL, 'MAPUTO', NULL, NULL, '843343333', NULL, NULL, NULL, NULL, NULL, NULL, '2019-09-16 09:38:01', NULL),
	(53, 'TANTRA LDA', '400384241', 'MAPUTO', NULL, NULL, '843536000', NULL, NULL, NULL, NULL, NULL, NULL, '2019-09-16 10:17:42', NULL),
	(54, 'ARSENIO', NULL, 'MAPUTO', NULL, NULL, '848602917', NULL, NULL, NULL, NULL, NULL, NULL, '2019-09-16 14:41:05', NULL),
	(55, 'EUGENIO MAINGA', NULL, 'MAPUTO', NULL, NULL, '847187913', NULL, NULL, NULL, NULL, NULL, NULL, '2019-09-17 08:07:42', NULL),
	(56, 'K IMAGEM ', '101812405', 'MAPUTO', NULL, NULL, '843343333', NULL, NULL, NULL, NULL, NULL, NULL, '2019-09-17 09:27:45', NULL),
	(57, 'ERNESTO', NULL, 'MAPUTO', NULL, NULL, '848636632', NULL, NULL, NULL, NULL, NULL, NULL, '2019-09-17 11:48:24', NULL),
	(58, 'FERNANDO SUMBANE', NULL, 'MAPUTO', NULL, NULL, '846987822', NULL, NULL, NULL, NULL, NULL, NULL, '2019-09-17 11:51:47', NULL),
	(59, 'PELEMBE', NULL, 'MAPUTO', NULL, NULL, '844795153', NULL, NULL, NULL, NULL, NULL, NULL, '2019-09-17 11:56:58', NULL),
	(62, 'SANDRO', NULL, 'MAPUTO', NULL, NULL, '846824981', NULL, NULL, NULL, NULL, NULL, NULL, '2019-09-17 16:57:56', NULL),
	(63, 'DUARTE', NULL, 'MAPUTO', NULL, NULL, '870562223', NULL, NULL, NULL, NULL, NULL, NULL, '2019-09-18 15:17:13', NULL),
	(64, 'HILDO', NULL, 'MAPUTO', NULL, NULL, '843339000', NULL, NULL, NULL, NULL, NULL, NULL, '2019-09-19 11:20:05', NULL),
	(65, 'TIMELINE', NULL, 'MAPUTO', NULL, NULL, '843379290', NULL, NULL, NULL, NULL, NULL, NULL, '2019-09-19 13:21:40', NULL),
	(66, 'ANDRE CAMPAMBE', NULL, 'MAPUTO', NULL, NULL, '846104858', NULL, NULL, NULL, NULL, NULL, NULL, '2019-09-19 13:38:37', NULL),
	(67, 'IMO SYSTEMS', '4006005354', 'MAPUTO', NULL, NULL, '869960000', NULL, NULL, NULL, NULL, NULL, NULL, '2019-09-19 14:08:49', NULL),
	(68, 'STELIO', NULL, 'MAPUTO', NULL, NULL, '845548694', NULL, NULL, NULL, NULL, NULL, NULL, '2019-09-19 14:30:42', NULL),
	(69, 'DAN SERVICOS', NULL, 'MAPUTO', NULL, NULL, '844554588', NULL, NULL, NULL, NULL, NULL, NULL, '2019-09-20 11:16:53', NULL),
	(70, 'IPX MOZAMBIQUE S.A', '400979308', 'MAPUTO', NULL, NULL, '852630170', NULL, NULL, NULL, NULL, NULL, NULL, '2019-09-20 13:43:13', NULL),
	(71, 'DINIS GUIRRUGO', NULL, 'MAPUTO', NULL, NULL, '846691847', NULL, NULL, NULL, NULL, NULL, NULL, '2019-09-20 15:23:16', NULL),
	(72, 'PRISCIS DESIGN', NULL, 'MAPUTO', NULL, NULL, '849006075', NULL, NULL, NULL, NULL, NULL, NULL, '2019-09-23 10:07:00', NULL),
	(73, 'YARA', NULL, 'MAPUTO', NULL, NULL, '844375150', NULL, NULL, NULL, NULL, NULL, NULL, '2019-09-23 13:07:46', NULL),
	(74, 'CELIO', NULL, 'MAPUTO', NULL, NULL, '847490008', NULL, NULL, NULL, NULL, NULL, NULL, '2019-09-23 13:14:31', NULL),
	(75, 'REAL PRINT', NULL, 'MAPUTO', NULL, NULL, '845595555', NULL, NULL, NULL, NULL, NULL, NULL, '2019-09-23 14:45:41', NULL),
	(76, 'DIRCIA', NULL, 'MAPUTO', NULL, NULL, '868683020', NULL, NULL, NULL, NULL, NULL, NULL, '2019-09-24 08:52:08', NULL),
	(77, 'ELISIO', NULL, 'MAPUTO', NULL, NULL, '844734090', NULL, NULL, NULL, NULL, NULL, NULL, '2019-09-24 09:26:22', NULL),
	(78, 'PAULO MONDLANE', NULL, 'MAPUTO', NULL, NULL, '847130862', NULL, NULL, NULL, NULL, NULL, NULL, '2019-09-24 15:00:14', NULL),
	(84, 'MOVITEL', NULL, 'MAPUTO', NULL, NULL, '865377800', NULL, NULL, NULL, NULL, NULL, NULL, '2019-09-24 16:21:22', NULL),
	(89, '123', '40053977', NULL, NULL, NULL, NULL, NULL, NULL, NULL, NULL, NULL, NULL, '2019-09-24 16:14:57', NULL),
	(90, 'DERCIO', NULL, 'MAPUTO', NULL, NULL, '842528654', NULL, NULL, NULL, NULL, NULL, NULL, '2019-09-24 16:29:56', NULL),
	(91, 'MAURO', NULL, NULL, NULL, NULL, '873844140', NULL, NULL, NULL, NULL, NULL, NULL, '2019-09-25 10:14:00', NULL),
	(95, 'LUZ STUDIO', '105813066', 'MAPUTO', NULL, NULL, '844020015', NULL, NULL, NULL, NULL, NULL, NULL, '2019-09-26 10:43:59', NULL),
	(96, 'MESSIAS', NULL, 'MAPUTO', NULL, NULL, '846987388', NULL, NULL, NULL, NULL, NULL, NULL, '2019-09-26 11:05:52', NULL),
	(97, 'MUDI GRAFICA', NULL, 'MAPUTO', NULL, NULL, '845238937', NULL, NULL, NULL, NULL, NULL, NULL, '2019-09-26 15:45:12', NULL),
	(98, 'DIONISIO', NULL, 'MAPUTO', NULL, NULL, '843908653', NULL, NULL, NULL, NULL, NULL, NULL, '2019-09-27 10:47:20', NULL),
	(99, 'CHIC CHARME', NULL, 'MAPUTO', NULL, NULL, '845221606', NULL, NULL, NULL, NULL, NULL, NULL, '2019-09-27 12:27:59', NULL),
	(100, 'MANINGA', NULL, 'MAPUTO', NULL, NULL, '849008555', NULL, NULL, NULL, NULL, NULL, NULL, '2019-09-27 15:07:43', NULL),
	(101, 'LEOPOLD', NULL, 'MAPUTO', NULL, NULL, '843739719', NULL, NULL, NULL, NULL, NULL, NULL, '2019-09-27 16:18:41', NULL),
	(102, 'UMBRELLA', '105010737', 'MAPUTO', NULL, NULL, '844843748', NULL, NULL, NULL, NULL, NULL, NULL, '2019-09-27 16:55:50', NULL),
	(103, 'CELESIO', NULL, 'MAPUTO', NULL, NULL, '845942760', NULL, NULL, NULL, NULL, NULL, NULL, '2019-09-27 16:57:45', NULL),
	(104, 'JORGE FILIPE', NULL, 'MAPUTO', NULL, NULL, '849541837', NULL, NULL, NULL, NULL, NULL, NULL, '2019-09-28 11:02:01', NULL);
/*!40000 ALTER TABLE `t_customer` ENABLE KEYS */;

-- 导出  表 myorder_python.t_enumeration 结构
DROP TABLE IF EXISTS `t_enumeration`;
CREATE TABLE IF NOT EXISTS `t_enumeration` (
  `fItemID` int(11) NOT NULL AUTO_INCREMENT COMMENT '选项编号',
  `fTypeID` int(11) NOT NULL,
  `fTitle` varchar(50) NOT NULL,
  `fSpare1` varchar(50) DEFAULT NULL COMMENT '备用1',
  `fSpare2` varchar(50) DEFAULT NULL COMMENT '备用2',
  `fNote` varchar(255) DEFAULT NULL,
  `TS` timestamp NOT NULL DEFAULT CURRENT_TIMESTAMP ON UPDATE CURRENT_TIMESTAMP,
  PRIMARY KEY (`fItemID`)
) ENGINE=InnoDB AUTO_INCREMENT=100 DEFAULT CHARSET=utf8;

-- 正在导出表  myorder_python.t_enumeration 的数据：~96 rows (大约)
/*!40000 ALTER TABLE `t_enumeration` DISABLE KEYS */;
INSERT INTO `t_enumeration` (`fItemID`, `fTypeID`, `fTitle`, `fSpare1`, `fSpare2`, `fNote`, `TS`) VALUES
	(3, 5, 'PVC001', '', '', NULL, '2019-04-05 08:22:05'),
	(4, 5, 'PVC002', '', '', NULL, '2019-04-05 08:22:05'),
	(5, 5, 'PVC003', '', '', NULL, '2019-04-05 08:22:05'),
	(6, 5, 'PVC004', '', '', NULL, '2019-04-05 08:22:05'),
	(7, 5, 'PVC005', '', '', NULL, '2019-04-05 08:22:05'),
	(8, 5, 'PVC006', '', '', NULL, '2019-04-05 08:22:05'),
	(9, 5, 'PVC007', '', '', NULL, '2019-04-05 08:22:05'),
	(10, 5, 'PVC008', '', '', NULL, '2019-04-05 08:22:05'),
	(11, 5, 'PVC009', '', '', NULL, '2019-04-05 08:22:05'),
	(12, 5, 'PVC010', '', '', NULL, '2019-04-05 08:22:05'),
	(13, 5, 'VY001', '', '', NULL, '2019-04-05 08:22:05'),
	(14, 5, 'VY002', '', '', NULL, '2019-04-05 08:22:05'),
	(15, 5, 'VY003', '', '', NULL, '2019-04-05 08:22:05'),
	(16, 5, 'VY004', '', '', NULL, '2019-04-05 08:22:05'),
	(17, 5, 'VY005', '', '', NULL, '2019-04-05 08:22:05'),
	(18, 5, 'VY006', '', '', NULL, '2019-04-05 08:22:05'),
	(19, 5, 'MESP001', '', '', NULL, '2019-04-05 08:22:05'),
	(20, 5, 'MESP002', '', '', NULL, '2019-04-05 08:22:05'),
	(21, 5, 'MESP003', '', '', NULL, '2019-04-05 08:22:05'),
	(22, 5, 'MESP004', '', '', NULL, '2019-04-05 08:22:05'),
	(23, 5, 'MESP005', '', '', NULL, '2019-04-05 08:22:05'),
	(24, 5, 'MESP006', '', '', NULL, '2019-04-05 08:22:05'),
	(25, 5, 'MESP007', '', '', NULL, '2019-04-05 08:22:05'),
	(26, 5, 'MESP008', '', '', NULL, '2019-04-05 08:22:05'),
	(27, 5, 'MESP009', '', '', NULL, '2019-04-05 08:22:05'),
	(28, 5, 'MESP010', '', '', NULL, '2019-04-05 08:22:05'),
	(29, 5, 'SHP001', '', '', NULL, '2019-04-05 08:22:05'),
	(30, 5, 'SHP002', '', '', NULL, '2019-04-05 08:22:05'),
	(31, 5, 'SHP003', '', '', NULL, '2019-04-05 08:22:05'),
	(32, 5, 'SHP004', '', '', NULL, '2019-04-05 08:22:05'),
	(33, 5, 'SHP005', '', '', NULL, '2019-04-05 08:22:05'),
	(34, 5, 'SHP006', '', '', NULL, '2019-04-05 08:22:05'),
	(35, 5, 'SHP007', '', '', NULL, '2019-04-05 08:22:05'),
	(36, 5, 'SHP008', '', '', NULL, '2019-04-05 08:22:05'),
	(37, 5, 'SHP009', '', '', NULL, '2019-04-05 08:22:05'),
	(38, 5, 'SHP010', '', '', NULL, '2019-04-05 08:22:05'),
	(39, 4, '喷绘 Impressao digifal', '', '', NULL, '2019-04-05 08:22:05'),
	(40, 4, '打印  Impressao', '', '', NULL, '2019-04-05 08:22:05'),
	(41, 4, '板材打印', '', '', NULL, '2019-04-05 08:22:05'),
	(42, 4, '复印Copiar', '', '', NULL, '2019-04-05 08:22:05'),
	(43, 4, '彩色印刷 Impressão a cor', '', '', NULL, '2019-04-05 08:22:05'),
	(44, 4, '易拉宝 ROLL UP', '', '', NULL, '2019-04-05 08:22:05'),
	(45, 4, '广告牌（发光字）painel lunin', '', '', NULL, '2019-04-05 08:22:05'),
	(46, 4, '购买 Compra', '', '', NULL, '2019-04-05 08:22:05'),
	(47, 4, '其他 Outro', '', '', NULL, '2019-04-05 08:22:05'),
	(48, 1, '马普托 MAPUTO', '', '', '', '2019-07-22 14:14:35'),
	(49, 1, '南普拉 NAMPULA', '', '', NULL, '2019-04-05 08:22:05'),
	(50, 1, '贝拉 BEIRA', '', '', '', '2019-07-22 14:23:43'),
	(51, 1, '太特 TETE', '', '', NULL, '2019-04-05 08:22:05'),
	(52, 1, '南卡拉 NACALA', '', '', NULL, '2019-04-05 08:22:05'),
	(53, 1, '其他 OUTRO', '', '', NULL, '2019-04-05 08:22:05'),
	(54, 6, '80MICM', '', '', NULL, '2019-04-05 08:22:05'),
	(55, 6, '光面白底冷裱膜 80MICM', '', '', NULL, '2019-04-05 08:22:05'),
	(56, 6, '十字纹冷裱膜 SZWM', '', '', NULL, '2019-04-05 08:22:05'),
	(57, 6, '210粗纹地板膜 210MICCWDM', '', '', NULL, '2019-04-05 08:22:05'),
	(59, 3, 'Cash', '', '', NULL, '2019-04-05 08:22:05'),
	(60, 3, 'Check', '', '', NULL, '2019-04-05 08:22:05'),
	(61, 3, 'Transf', '', '', NULL, '2019-04-05 08:22:05'),
	(62, 3, 'Pos', '', '', NULL, '2019-04-05 08:22:05'),
	(63, 3, 'OUTRO', '', '', NULL, '2019-04-15 13:19:41'),
	(64, 2, 'LIVROS DE VD', '1', NULL, NULL, '2019-04-05 08:22:05'),
	(65, 2, 'RECIBOS ', '1', NULL, NULL, '2019-04-05 08:22:05'),
	(66, 2, 'FACTURA', '1', NULL, NULL, '2019-04-05 08:22:05'),
	(67, 2, 'GUIA DE REMESSA', '0', NULL, NULL, '2019-04-05 08:22:05'),
	(68, 2, 'GUIA DE TRANSPORTE', '0', NULL, NULL, '2019-04-05 08:22:05'),
	(69, 2, 'AGENDAS', '0', NULL, NULL, '2019-04-05 08:22:05'),
	(70, 2, 'SENHAS', '0', NULL, NULL, '2019-04-05 08:22:05'),
	(71, 2, 'PAPEL DE EXAME', '0', NULL, NULL, '2019-04-05 08:22:05'),
	(72, 2, 'ATESTADO MEDICO', '0', NULL, NULL, '2019-04-05 08:22:05'),
	(73, 2, 'CARTAO DE ESTUDANTE', '0', NULL, NULL, '2019-04-05 08:22:05'),
	(74, 2, 'PAPEL TIMBRADO', '0', NULL, NULL, '2019-04-05 08:22:05'),
	(75, 2, 'FOLHA DE EXERCICIO', '0', NULL, NULL, '2019-04-05 08:22:05'),
	(76, 2, 'IMPRESSO HOSPITALAR', '0', NULL, NULL, '2019-04-05 08:22:05'),
	(77, 2, 'OUTRO', '0', NULL, NULL, '2019-04-05 08:22:05'),
	(78, 7, '1 AVISTA', '1', NULL, NULL, '2019-05-05 16:59:35'),
	(79, 7, '2 AVISTA', '2', NULL, NULL, '2019-05-05 16:59:37'),
	(80, 7, '4 AVISTA', '4', NULL, NULL, '2019-05-05 16:59:39'),
	(81, 7, '6 AVISTA', '6', NULL, NULL, '2019-05-05 16:59:42'),
	(82, 8, 'A3', NULL, NULL, NULL, '2019-04-05 08:28:22'),
	(83, 8, 'A4', NULL, NULL, NULL, '2019-04-05 08:28:22'),
	(84, 8, 'A5', NULL, NULL, NULL, '2019-04-05 08:28:22'),
	(85, 8, 'B5', NULL, NULL, NULL, '2019-04-05 08:28:22'),
	(86, 9, '1', '1', NULL, NULL, '2019-05-05 16:59:51'),
	(87, 9, '2', '2', NULL, NULL, '2019-05-05 16:59:53'),
	(88, 9, '3', '3', NULL, NULL, '2019-05-05 16:59:55'),
	(89, 8, 'OUTRO', NULL, NULL, NULL, '2019-04-15 13:19:13'),
	(90, 10, 'OUTRO', NULL, NULL, NULL, '2019-04-15 13:19:28'),
	(91, 7, 'OUTRO', '0', NULL, NULL, '2019-05-05 16:59:08'),
	(92, 5, 'OUTRO', NULL, NULL, NULL, '2019-04-15 13:20:04'),
	(93, 9, '4', '4', NULL, NULL, '2019-05-05 16:59:57'),
	(94, 9, '5', '5', NULL, NULL, '2019-05-05 16:59:59'),
	(95, 9, '6', '6', NULL, NULL, '2019-05-05 17:00:02'),
	(96, 9, 'Outro', '0', NULL, NULL, '2019-05-05 17:00:37'),
	(97, 10, 'YARA', NULL, NULL, NULL, '2019-09-09 14:13:40'),
	(98, 10, 'TP', NULL, NULL, NULL, '2019-09-09 14:14:04'),
	(99, 3, 'Epesa', NULL, NULL, NULL, '2019-09-11 14:40:04');
/*!40000 ALTER TABLE `t_enumeration` ENABLE KEYS */;

-- 导出  表 myorder_python.t_enumeration_type 结构
DROP TABLE IF EXISTS `t_enumeration_type`;
CREATE TABLE IF NOT EXISTS `t_enumeration_type` (
  `fTypeID` int(11) NOT NULL AUTO_INCREMENT,
  `fTypeName` varchar(20) NOT NULL,
  `fNote` varchar(50) DEFAULT NULL,
  `TS` timestamp NOT NULL DEFAULT CURRENT_TIMESTAMP ON UPDATE CURRENT_TIMESTAMP,
  PRIMARY KEY (`fTypeID`),
  UNIQUE KEY `fTypeName` (`fTypeName`)
) ENGINE=InnoDB AUTO_INCREMENT=11 DEFAULT CHARSET=utf8;

-- 正在导出表  myorder_python.t_enumeration_type 的数据：~10 rows (大约)
/*!40000 ALTER TABLE `t_enumeration_type` DISABLE KEYS */;
INSERT INTO `t_enumeration_type` (`fTypeID`, `fTypeName`, `fNote`, `TS`) VALUES
	(1, '城市City', NULL, '2019-04-05 08:29:16'),
	(2, '产品类型Especie', NULL, '2019-04-05 08:29:32'),
	(3, '付款方式PaymentMethod', NULL, '2019-04-05 08:29:41'),
	(4, '产品名称Descrição', NULL, '0000-00-00 00:00:00'),
	(5, '物料编号 Número do mater', NULL, '0000-00-00 00:00:00'),
	(6, '腹膜型号Nome peritoneal', NULL, '0000-00-00 00:00:00'),
	(7, '每页序号数Avista', NULL, '2019-04-05 08:29:57'),
	(8, '尺寸Tamanho', NULL, '2019-04-05 08:29:04'),
	(9, '联次Nr.Copy', NULL, '2019-04-05 23:37:28'),
	(10, '销售Vendedor', NULL, '2019-04-05 23:56:19');
/*!40000 ALTER TABLE `t_enumeration_type` ENABLE KEYS */;

-- 导出  表 myorder_python.t_order 结构
DROP TABLE IF EXISTS `t_order`;
CREATE TABLE IF NOT EXISTS `t_order` (
  `fOrderID` char(20) NOT NULL COMMENT '订单号',
  `fPrice` decimal(10,2) DEFAULT NULL COMMENT '单价_印刷',
  `fCustomerID` int(11) NOT NULL COMMENT '客户编号',
  `fOrderDate` date NOT NULL COMMENT '订单日期',
  `fEspecieID` int(11) DEFAULT NULL COMMENT '印刷分类',
  `fRequiredDeliveryDate` date DEFAULT NULL COMMENT '客户要求交货日期',
  `fCategoryID` int(11) DEFAULT NULL COMMENT '类别',
  `fBrandMateriaID` int(11) DEFAULT NULL COMMENT '品牌材料',
  `fAmount` decimal(11,2) DEFAULT NULL COMMENT '金额',
  `fTax` decimal(11,2) DEFAULT NULL COMMENT '税金',
  `fPayable` decimal(11,2) DEFAULT NULL COMMENT '应付金额',
  `fDesconto` decimal(11,2) DEFAULT NULL COMMENT '折扣',
  `fColorID` int(11) DEFAULT NULL COMMENT '颜色',
  `fEntryID` int(11) DEFAULT NULL COMMENT '录入人',
  `fSubmited` bit(1) NOT NULL DEFAULT b'0' COMMENT '提交',
  `fSubmitID` int(11) DEFAULT NULL COMMENT '提交人',
  `fReviewed` bit(1) NOT NULL DEFAULT b'0' COMMENT '已审核',
  `fReviewerID` int(11) DEFAULT NULL COMMENT '审核人',
  `fConfirmed` bit(1) NOT NULL DEFAULT b'0' COMMENT '已确认',
  `fConfirmID` int(11) DEFAULT NULL COMMENT '确认人',
  `fDelivered` bit(1) NOT NULL DEFAULT b'0' COMMENT '已交付',
  `fDelivererID` int(11) DEFAULT NULL COMMENT '交付人',
  `fCanceled` bit(1) NOT NULL DEFAULT b'0' COMMENT '已作废',
  `fCancelID` int(11) DEFAULT NULL COMMENT '作废人',
  `fDeliveryDate` date DEFAULT NULL COMMENT '交付日期',
  `fNumerBegin` int(11) DEFAULT NULL COMMENT '起始编号',
  `fQuant` int(11) DEFAULT NULL COMMENT '数量',
  `fPagePerVolumn` smallint(6) DEFAULT NULL COMMENT '每本号数',
  `fNumerEnd` int(11) DEFAULT NULL COMMENT '结束编号',
  `fAvistaID` int(11) DEFAULT NULL COMMENT '每页单据数',
  `fTamanhoID` int(11) DEFAULT NULL COMMENT '尺寸',
  `fSucursal` bit(1) DEFAULT NULL COMMENT 'Sucursal 分公司',
  `fLogo` bit(1) DEFAULT b'0' COMMENT '标志',
  `fVendedorID` int(11) DEFAULT NULL COMMENT '销售人员',
  `fNrCopyID` int(11) DEFAULT NULL COMMENT '联次',
  `fContato` varchar(20) DEFAULT NULL COMMENT '联系人',
  `fCelular` varchar(15) DEFAULT NULL COMMENT '手机',
  `fTelefone` varchar(15) DEFAULT NULL COMMENT '电话',
  `fNote` varchar(255) DEFAULT NULL COMMENT '备注',
  `fDeliverViewed` bit(1) DEFAULT b'0' COMMENT '已查阅',
  `TS` timestamp NOT NULL DEFAULT CURRENT_TIMESTAMP ON UPDATE CURRENT_TIMESTAMP,
  PRIMARY KEY (`fOrderID`),
  KEY `iDelivererID` (`fDelivererID`),
  KEY `iOrderDate` (`fOrderDate`)
) ENGINE=InnoDB DEFAULT CHARSET=utf8;

-- 正在导出表  myorder_python.t_order 的数据：~157 rows (大约)
/*!40000 ALTER TABLE `t_order` DISABLE KEYS */;
INSERT INTO `t_order` (`fOrderID`, `fPrice`, `fCustomerID`, `fOrderDate`, `fEspecieID`, `fRequiredDeliveryDate`, `fCategoryID`, `fBrandMateriaID`, `fAmount`, `fTax`, `fPayable`, `fDesconto`, `fColorID`, `fEntryID`, `fSubmited`, `fSubmitID`, `fReviewed`, `fReviewerID`, `fConfirmed`, `fConfirmID`, `fDelivered`, `fDelivererID`, `fCanceled`, `fCancelID`, `fDeliveryDate`, `fNumerBegin`, `fQuant`, `fPagePerVolumn`, `fNumerEnd`, `fAvistaID`, `fTamanhoID`, `fSucursal`, `fLogo`, `fVendedorID`, `fNrCopyID`, `fContato`, `fCelular`, `fTelefone`, `fNote`, `fDeliverViewed`, `TS`) VALUES
	('222', NULL, 1, '2019-10-10', NULL, '2019-10-10', NULL, NULL, NULL, NULL, NULL, NULL, NULL, NULL, b'0', NULL, b'0', NULL, b'0', NULL, b'0', NULL, b'0', NULL, NULL, NULL, NULL, NULL, NULL, NULL, NULL, NULL, b'0', NULL, NULL, NULL, NULL, NULL, NULL, b'0', '2019-10-10 07:59:04'),
	('CP2019-0909000001', NULL, 1, '2019-09-09', NULL, '2019-09-09', NULL, NULL, 1400.00, 238.00, 1638.00, NULL, NULL, 7, b'1', NULL, b'0', NULL, b'1', 7, b'0', NULL, b'1', NULL, NULL, NULL, NULL, NULL, NULL, NULL, NULL, b'0', b'0', NULL, NULL, NULL, '877500800', NULL, NULL, b'0', '2019-09-09 15:51:26'),
	('CP2019-0909000002', NULL, 1, '2019-09-09', NULL, '2019-09-09', NULL, NULL, 1950000.00, 331500.00, 2281500.00, NULL, NULL, 7, b'1', NULL, b'0', NULL, b'0', NULL, b'0', NULL, b'1', NULL, NULL, NULL, NULL, NULL, NULL, NULL, NULL, b'0', b'0', NULL, NULL, NULL, '877500800', NULL, NULL, b'0', '2019-09-09 15:51:24'),
	('CP2019-0909000003', NULL, 1, '2019-09-09', NULL, '2019-09-09', NULL, NULL, 1950000.00, 331500.00, 2281500.00, NULL, NULL, 7, b'0', NULL, b'0', NULL, b'0', NULL, b'0', NULL, b'1', NULL, NULL, NULL, NULL, NULL, NULL, NULL, NULL, b'0', b'0', NULL, NULL, NULL, '877500800', NULL, NULL, b'0', '2019-09-09 15:51:22'),
	('CP2019-0910000004', NULL, 2, '2019-09-10', NULL, '2019-09-10', NULL, NULL, 2645.76, NULL, 2645.76, NULL, NULL, 3, b'1', NULL, b'0', NULL, b'1', 5, b'1', 6, b'0', NULL, NULL, NULL, NULL, NULL, NULL, NULL, NULL, b'0', b'0', NULL, NULL, NULL, '845470047', NULL, NULL, b'1', '2019-09-11 17:45:39'),
	('CP2019-0910000005', NULL, 5, '2019-09-10', NULL, '2019-09-10', NULL, NULL, 407.40, NULL, 407.40, NULL, NULL, 3, b'1', NULL, b'0', NULL, b'1', 5, b'1', 6, b'0', NULL, NULL, NULL, NULL, NULL, NULL, NULL, NULL, b'0', b'0', NULL, NULL, NULL, '846666552', NULL, NULL, b'1', '2019-09-10 15:28:01'),
	('CP2019-0910000006', NULL, 6, '2019-09-10', NULL, '2019-09-10', NULL, NULL, 1305.60, NULL, 1305.60, NULL, NULL, 3, b'1', NULL, b'0', NULL, b'1', 5, b'0', NULL, b'0', NULL, NULL, NULL, NULL, NULL, NULL, NULL, NULL, b'0', b'0', NULL, NULL, NULL, '842387981', NULL, NULL, b'1', '2019-09-13 09:11:27'),
	('CP2019-0910000007', NULL, 7, '2019-09-10', NULL, '2019-09-12', NULL, NULL, 35000.00, NULL, 35000.00, NULL, NULL, 3, b'1', NULL, b'0', NULL, b'1', 5, b'0', NULL, b'0', NULL, NULL, NULL, NULL, NULL, NULL, NULL, NULL, b'0', b'0', NULL, NULL, NULL, '864131148', NULL, NULL, b'1', '2019-09-13 09:11:53'),
	('CP2019-0910000008', NULL, 2, '2019-09-10', NULL, '2019-09-10', NULL, NULL, 352.35, NULL, 352.35, NULL, NULL, 3, b'1', NULL, b'0', NULL, b'1', 5, b'0', NULL, b'0', NULL, NULL, NULL, NULL, NULL, NULL, NULL, NULL, b'0', b'0', NULL, NULL, NULL, '845470047', NULL, NULL, b'1', '2019-09-13 09:12:32'),
	('CP2019-0910000009', NULL, 8, '2019-09-10', NULL, '2019-09-10', NULL, NULL, 2500.00, NULL, 2500.00, NULL, NULL, 3, b'1', NULL, b'0', NULL, b'1', 5, b'0', NULL, b'0', NULL, NULL, NULL, NULL, NULL, NULL, NULL, NULL, b'0', b'0', NULL, NULL, NULL, '844800508', NULL, NULL, b'1', '2019-09-13 09:11:59'),
	('CP2019-0910000010', NULL, 8, '2019-09-10', NULL, '2019-09-10', NULL, NULL, 3500.00, NULL, 3500.00, NULL, NULL, 3, b'1', NULL, b'0', NULL, b'1', 5, b'0', NULL, b'0', NULL, NULL, NULL, NULL, NULL, NULL, NULL, NULL, b'0', b'0', NULL, NULL, NULL, '844800508', NULL, NULL, b'1', '2019-09-13 09:12:12'),
	('CP2019-0910000011', NULL, 9, '2019-09-10', NULL, '2019-09-10', NULL, NULL, 3500.00, NULL, 3500.00, NULL, NULL, 3, b'1', NULL, b'0', NULL, b'1', 5, b'0', NULL, b'0', NULL, NULL, NULL, NULL, NULL, NULL, NULL, NULL, b'0', b'0', NULL, NULL, NULL, '844014538', NULL, NULL, b'1', '2019-09-13 09:13:04'),
	('CP2019-0910000012', NULL, 10, '2019-09-10', NULL, '2019-09-10', NULL, NULL, 1205.40, NULL, 1205.40, NULL, NULL, 3, b'1', NULL, b'0', NULL, b'1', 5, b'1', 6, b'0', NULL, NULL, NULL, NULL, NULL, NULL, NULL, NULL, b'0', b'0', NULL, NULL, NULL, '847320606', NULL, NULL, b'1', '2019-09-11 17:48:54'),
	('CP2019-0910000013', NULL, 12, '2019-09-10', NULL, '2019-09-11', NULL, NULL, 400.00, NULL, 400.00, NULL, NULL, 3, b'1', NULL, b'0', NULL, b'1', 5, b'0', NULL, b'0', NULL, NULL, NULL, NULL, NULL, NULL, NULL, NULL, b'0', b'0', NULL, NULL, NULL, '847121496', NULL, NULL, b'0', '2019-09-10 16:48:48'),
	('CP2019-0911000014', NULL, 4, '2019-09-11', NULL, '2019-09-11', NULL, NULL, 2250.00, NULL, 2250.00, NULL, NULL, 3, b'1', NULL, b'0', NULL, b'1', 5, b'1', 6, b'0', NULL, NULL, NULL, NULL, NULL, NULL, NULL, NULL, b'0', b'0', NULL, NULL, NULL, '848867498', NULL, NULL, b'1', '2019-09-11 17:48:34'),
	('CP2019-0911000015', NULL, 13, '2019-09-11', NULL, '2019-09-11', NULL, NULL, 648.00, NULL, 648.00, NULL, NULL, 3, b'1', NULL, b'0', NULL, b'1', 5, b'1', 6, b'0', NULL, NULL, NULL, NULL, NULL, NULL, NULL, NULL, b'0', b'0', NULL, NULL, NULL, '849339016', NULL, NULL, b'1', '2019-09-11 17:49:46'),
	('CP2019-0911000016', NULL, 14, '2019-09-11', NULL, '2019-09-11', NULL, NULL, 2682.00, 455.94, 3137.94, NULL, NULL, 3, b'1', NULL, b'0', NULL, b'1', 5, b'0', NULL, b'0', NULL, NULL, NULL, NULL, NULL, NULL, NULL, NULL, b'0', b'0', NULL, NULL, NULL, '844339815', NULL, NULL, b'0', '2019-09-11 11:56:57'),
	('CP2019-0911000017', NULL, 15, '2019-09-11', NULL, '2019-09-11', NULL, NULL, 740.00, NULL, 740.00, NULL, NULL, 3, b'1', NULL, b'0', NULL, b'1', 5, b'1', 6, b'0', NULL, NULL, NULL, NULL, NULL, NULL, NULL, NULL, b'0', b'0', NULL, NULL, NULL, '849281997', NULL, NULL, b'1', '2019-09-11 17:50:34'),
	('CP2019-0911000018', NULL, 16, '2019-09-11', NULL, '2019-09-11', NULL, NULL, 2850.00, NULL, 2850.00, NULL, NULL, 3, b'1', NULL, b'0', NULL, b'1', 5, b'0', NULL, b'0', NULL, NULL, NULL, NULL, NULL, NULL, NULL, NULL, b'0', b'0', NULL, NULL, NULL, '845510174', NULL, NULL, b'0', '2019-09-11 13:57:18'),
	('CP2019-0911000019', NULL, 17, '2019-09-11', NULL, '2019-09-11', NULL, NULL, 2640.00, NULL, 2640.00, NULL, NULL, 3, b'1', NULL, b'0', NULL, b'1', 5, b'0', NULL, b'0', NULL, NULL, NULL, NULL, NULL, NULL, NULL, NULL, b'0', b'0', NULL, NULL, NULL, '875448740', NULL, NULL, b'0', '2019-09-11 13:57:20'),
	('CP2019-0911000020', NULL, 18, '2019-09-11', NULL, '2019-09-11', NULL, NULL, 360.00, NULL, 360.00, NULL, NULL, 3, b'1', NULL, b'0', NULL, b'1', 5, b'0', NULL, b'0', NULL, NULL, NULL, NULL, NULL, NULL, NULL, NULL, b'0', b'0', NULL, NULL, NULL, '840144022', NULL, NULL, b'0', '2019-09-11 13:57:23'),
	('CP2019-0911000021', NULL, 19, '2019-09-11', NULL, '2019-09-11', NULL, NULL, 200.00, NULL, 200.00, NULL, NULL, 3, b'1', NULL, b'0', NULL, b'1', 5, b'1', 6, b'0', NULL, NULL, NULL, NULL, NULL, NULL, NULL, NULL, b'0', b'0', NULL, NULL, NULL, '842554341', NULL, NULL, b'1', '2019-09-11 17:46:18'),
	('CP2019-0911000022', NULL, 1, '2019-09-11', NULL, '2019-09-11', NULL, NULL, NULL, NULL, NULL, NULL, NULL, 3, b'1', NULL, b'0', NULL, b'1', 5, b'0', NULL, b'0', NULL, NULL, NULL, NULL, NULL, NULL, NULL, NULL, b'0', b'0', NULL, NULL, NULL, '877500800', NULL, NULL, b'0', '2019-09-11 16:08:56'),
	('CP2019-0911000023', NULL, 1, '2019-09-11', NULL, '2019-09-11', NULL, NULL, NULL, NULL, NULL, NULL, NULL, 3, b'1', NULL, b'0', NULL, b'1', 5, b'0', NULL, b'0', NULL, NULL, NULL, NULL, NULL, NULL, NULL, NULL, b'0', b'0', NULL, NULL, NULL, '877500800', NULL, NULL, b'0', '2019-09-11 16:09:01'),
	('CP2019-0911000024', NULL, 20, '2019-09-11', NULL, '2019-09-11', NULL, NULL, 1205.40, NULL, 1205.40, NULL, NULL, 3, b'1', NULL, b'0', NULL, b'1', 5, b'1', 6, b'0', NULL, NULL, NULL, NULL, NULL, NULL, NULL, NULL, b'0', b'0', NULL, NULL, NULL, '845409718', NULL, NULL, b'1', '2019-09-12 16:11:48'),
	('CP2019-0911000025', NULL, 21, '2019-09-11', NULL, '2019-09-11', NULL, NULL, 5560.00, NULL, 5560.00, NULL, NULL, 3, b'1', NULL, b'0', NULL, b'1', 5, b'0', NULL, b'0', NULL, NULL, NULL, NULL, NULL, NULL, NULL, NULL, b'0', b'0', NULL, NULL, NULL, '847178387', NULL, NULL, b'0', '2019-09-11 16:11:28'),
	('CP2019-0911000026', NULL, 12, '2019-09-11', NULL, '2019-09-11', NULL, NULL, 239.04, NULL, 239.04, NULL, NULL, 3, b'1', NULL, b'0', NULL, b'1', 5, b'1', 6, b'0', NULL, NULL, NULL, NULL, NULL, NULL, NULL, NULL, b'0', b'0', NULL, NULL, NULL, '847121496', NULL, NULL, b'1', '2019-09-11 17:47:47'),
	('CP2019-0911000027', NULL, 7, '2019-09-11', NULL, '2019-09-11', NULL, NULL, 5677.20, NULL, 5677.20, NULL, NULL, 3, b'1', NULL, b'0', NULL, b'1', 5, b'0', NULL, b'1', NULL, NULL, NULL, NULL, NULL, NULL, NULL, NULL, b'0', b'0', NULL, NULL, NULL, '864131148', NULL, NULL, b'0', '2019-09-17 11:04:55'),
	('CP2019-0912000028', NULL, 22, '2019-09-12', NULL, '2019-09-12', NULL, NULL, 1200.00, NULL, 1200.00, NULL, NULL, 3, b'1', NULL, b'0', NULL, b'1', 5, b'0', NULL, b'0', NULL, NULL, NULL, NULL, NULL, NULL, NULL, NULL, b'0', b'0', NULL, NULL, NULL, '844035240', NULL, NULL, b'1', '2019-09-13 11:42:10'),
	('CP2019-0912000029', NULL, 23, '2019-09-12', NULL, '2019-09-12', NULL, NULL, 2400.00, NULL, 2400.00, NULL, NULL, 3, b'1', NULL, b'0', NULL, b'1', 5, b'0', NULL, b'1', NULL, NULL, NULL, NULL, NULL, NULL, NULL, NULL, b'0', b'0', NULL, NULL, NULL, NULL, NULL, NULL, b'0', '2019-09-12 19:02:08'),
	('CP2019-0912000030', NULL, 23, '2019-09-12', NULL, '2019-09-12', NULL, NULL, 2400.00, 408.00, 2808.00, NULL, NULL, 3, b'1', NULL, b'0', NULL, b'1', 5, b'0', NULL, b'1', NULL, NULL, NULL, NULL, NULL, NULL, NULL, NULL, b'0', b'0', NULL, NULL, NULL, NULL, NULL, NULL, b'0', '2019-09-12 19:02:05'),
	('CP2019-0912000031', NULL, 24, '2019-09-12', NULL, '2019-09-12', NULL, NULL, 2400.00, NULL, 2400.00, NULL, NULL, 3, b'1', NULL, b'0', NULL, b'1', 5, b'0', NULL, b'0', NULL, NULL, NULL, NULL, NULL, NULL, NULL, NULL, b'0', b'0', NULL, NULL, NULL, '846253749', NULL, NULL, b'0', '2019-09-12 11:54:28'),
	('CP2019-0912000032', NULL, 6, '2019-09-12', NULL, '2019-09-12', NULL, NULL, 756.00, NULL, 756.00, NULL, NULL, 3, b'1', NULL, b'0', NULL, b'1', 5, b'0', NULL, b'0', NULL, NULL, NULL, NULL, NULL, NULL, NULL, NULL, b'0', b'0', NULL, NULL, NULL, '842387981', NULL, NULL, b'0', '2019-09-12 11:54:31'),
	('CP2019-0912000033', NULL, 25, '2019-09-12', NULL, '2019-09-12', NULL, NULL, 1600.00, NULL, 1600.00, NULL, NULL, 3, b'1', NULL, b'0', NULL, b'1', 5, b'0', NULL, b'0', NULL, NULL, NULL, NULL, NULL, NULL, NULL, NULL, b'0', b'0', NULL, NULL, NULL, '846246400', NULL, NULL, b'0', '2019-09-12 13:47:30'),
	('CP2019-0912000034', NULL, 27, '2019-09-12', NULL, '2019-09-12', NULL, NULL, 200.00, NULL, 200.00, NULL, NULL, 3, b'1', NULL, b'0', NULL, b'1', 5, b'0', NULL, b'0', NULL, NULL, NULL, NULL, NULL, NULL, NULL, NULL, b'0', b'0', NULL, NULL, NULL, '825504910', NULL, NULL, b'0', '2019-09-12 13:47:33'),
	('CP2019-0912000035', NULL, 28, '2019-09-12', NULL, '2019-09-12', NULL, NULL, 3565.00, NULL, 3565.00, NULL, NULL, 3, b'1', NULL, b'0', NULL, b'1', 5, b'0', NULL, b'0', NULL, NULL, NULL, NULL, NULL, NULL, NULL, NULL, b'0', b'0', NULL, NULL, NULL, '866627712', NULL, NULL, b'0', '2019-09-12 14:53:13'),
	('CP2019-0912000036', NULL, 21, '2019-09-12', NULL, '2019-09-12', NULL, NULL, 582.12, NULL, 582.12, NULL, NULL, 3, b'1', NULL, b'0', NULL, b'1', 5, b'0', NULL, b'0', NULL, NULL, NULL, NULL, NULL, NULL, NULL, NULL, b'0', b'0', NULL, NULL, NULL, '847178387', NULL, NULL, b'0', '2019-09-12 13:52:36'),
	('CP2019-0912000037', NULL, 29, '2019-09-12', NULL, '2019-09-12', NULL, NULL, 1120.00, NULL, 1120.00, NULL, NULL, 3, b'1', NULL, b'0', NULL, b'1', 5, b'0', NULL, b'0', NULL, NULL, NULL, NULL, NULL, NULL, NULL, NULL, b'0', b'0', NULL, NULL, NULL, '844848048', NULL, NULL, b'0', '2019-09-12 14:20:08'),
	('CP2019-0912000038', NULL, 30, '2019-09-12', NULL, '2019-09-12', NULL, NULL, 65000.00, NULL, 65000.00, NULL, NULL, 3, b'1', NULL, b'0', NULL, b'1', 5, b'0', NULL, b'0', NULL, NULL, NULL, NULL, NULL, NULL, NULL, NULL, b'0', b'0', NULL, NULL, NULL, '863200730', NULL, NULL, b'0', '2019-09-12 14:45:59'),
	('CP2019-0912000039', NULL, 6, '2019-09-12', NULL, '2019-09-12', NULL, NULL, 203.52, NULL, 203.52, NULL, NULL, 3, b'1', NULL, b'0', NULL, b'1', 5, b'0', NULL, b'0', NULL, NULL, NULL, NULL, NULL, NULL, NULL, NULL, b'0', b'0', NULL, NULL, NULL, '842387981', NULL, NULL, b'0', '2019-09-12 15:28:30'),
	('CP2019-0912000040', NULL, 31, '2019-09-12', NULL, '2019-09-12', NULL, NULL, 600.00, NULL, 600.00, NULL, NULL, 3, b'1', NULL, b'0', NULL, b'1', 5, b'0', NULL, b'0', NULL, NULL, NULL, NULL, NULL, NULL, NULL, NULL, b'0', b'0', NULL, NULL, NULL, '843200933', NULL, NULL, b'0', '2019-09-12 15:28:32'),
	('CP2019-0912000041', NULL, 14, '2019-09-12', NULL, '2019-09-12', NULL, NULL, 7000.00, 1190.00, 8190.00, NULL, NULL, 3, b'1', NULL, b'0', NULL, b'1', 5, b'0', NULL, b'0', NULL, NULL, NULL, NULL, NULL, NULL, NULL, NULL, b'0', b'0', NULL, NULL, NULL, '844339815', NULL, NULL, b'0', '2019-09-12 15:28:35'),
	('CP2019-0912000042', NULL, 4, '2019-09-12', NULL, '2019-09-13', NULL, NULL, 15697.50, NULL, 15697.50, NULL, NULL, 8, b'1', NULL, b'0', NULL, b'1', 5, b'0', NULL, b'0', NULL, NULL, NULL, NULL, NULL, NULL, NULL, NULL, b'0', b'0', NULL, NULL, NULL, '848867498', NULL, NULL, b'0', '2019-09-12 16:05:49'),
	('CP2019-0912000043', NULL, 32, '2019-09-12', NULL, '2019-09-12', NULL, NULL, 10150.00, NULL, 10150.00, NULL, NULL, 3, b'1', NULL, b'0', NULL, b'1', 5, b'0', NULL, b'0', NULL, NULL, NULL, NULL, NULL, NULL, NULL, NULL, b'0', b'0', NULL, NULL, NULL, NULL, NULL, NULL, b'0', '2019-09-12 16:07:17'),
	('CP2019-0912000044', NULL, 33, '2019-09-12', NULL, '2019-09-13', NULL, NULL, 7000.00, NULL, 7000.00, NULL, NULL, 3, b'1', NULL, b'0', NULL, b'1', 5, b'0', NULL, b'0', NULL, NULL, NULL, NULL, NULL, NULL, NULL, NULL, b'0', b'0', NULL, NULL, NULL, '846492820', NULL, NULL, b'0', '2019-09-12 16:07:21'),
	('CP2019-0913000045', NULL, 35, '2019-09-13', NULL, '2019-09-13', NULL, NULL, 2201.60, NULL, 2201.60, NULL, NULL, 3, b'1', NULL, b'0', NULL, b'1', 5, b'1', 6, b'0', NULL, NULL, NULL, NULL, NULL, NULL, NULL, NULL, b'0', b'0', NULL, NULL, NULL, '847436541', NULL, NULL, b'1', '2019-09-13 11:47:47'),
	('CP2019-0913000046', NULL, 36, '2019-09-13', NULL, '2019-09-13', NULL, NULL, 1400.00, NULL, 1400.00, NULL, NULL, 8, b'1', NULL, b'0', NULL, b'1', 5, b'0', NULL, b'0', NULL, NULL, NULL, NULL, NULL, NULL, NULL, NULL, b'0', b'0', NULL, NULL, NULL, '846521694', NULL, NULL, b'0', '2019-09-13 10:10:30'),
	('CP2019-0913000047', NULL, 37, '2019-09-13', NULL, '2019-09-13', NULL, NULL, 15400.00, NULL, 13860.00, 1540.00, NULL, 8, b'1', NULL, b'0', NULL, b'1', 5, b'0', NULL, b'0', NULL, NULL, NULL, NULL, NULL, NULL, NULL, NULL, b'0', b'0', NULL, NULL, NULL, '870548694', NULL, NULL, b'0', '2019-09-13 11:24:31'),
	('CP2019-0913000048', NULL, 38, '2019-09-13', NULL, '2019-09-13', NULL, NULL, 1400.00, NULL, 1400.00, NULL, NULL, 8, b'1', NULL, b'0', NULL, b'1', 5, b'1', 6, b'0', NULL, NULL, NULL, NULL, NULL, NULL, NULL, NULL, b'0', b'0', NULL, NULL, NULL, '842566093', NULL, NULL, b'1', '2019-09-13 11:47:42'),
	('CP2019-0913000049', NULL, 7, '2019-09-13', NULL, '2019-09-13', NULL, NULL, 400.00, 68.00, 468.00, NULL, NULL, 3, b'1', NULL, b'0', NULL, b'1', 5, b'0', NULL, b'0', NULL, NULL, NULL, NULL, NULL, NULL, NULL, NULL, b'0', b'0', NULL, NULL, NULL, '864131148', NULL, NULL, b'0', '2019-09-13 11:43:09'),
	('CP2019-0913000050', NULL, 39, '2019-09-13', NULL, '2019-09-13', NULL, NULL, 16000.00, NULL, 15500.00, 500.00, NULL, 3, b'1', NULL, b'0', NULL, b'1', 5, b'0', NULL, b'0', NULL, NULL, NULL, NULL, NULL, NULL, NULL, NULL, b'0', b'0', NULL, NULL, NULL, '846440003', NULL, NULL, b'1', '2019-09-13 11:45:23'),
	('CP2019-0913000051', NULL, 40, '2019-09-13', NULL, '2019-09-13', NULL, NULL, 4900.00, NULL, 4900.00, NULL, NULL, 3, b'1', NULL, b'0', NULL, b'1', 5, b'0', NULL, b'0', NULL, NULL, NULL, NULL, NULL, NULL, NULL, NULL, b'0', b'0', NULL, NULL, NULL, '827597335/ 8447', NULL, NULL, b'0', '2019-09-13 12:46:54'),
	('CP2019-0913000052', NULL, 41, '2019-09-13', NULL, '2019-09-13', NULL, NULL, 450.00, NULL, 450.00, NULL, NULL, 8, b'1', NULL, b'0', NULL, b'1', 5, b'0', NULL, b'0', NULL, NULL, NULL, NULL, NULL, NULL, NULL, NULL, b'0', b'0', NULL, NULL, NULL, '850530281', NULL, NULL, b'0', '2019-09-13 14:06:07'),
	('CP2019-0913000053', NULL, 42, '2019-09-13', NULL, '2019-09-13', NULL, NULL, 900.00, NULL, 900.00, NULL, NULL, 8, b'1', NULL, b'0', NULL, b'1', 5, b'0', NULL, b'0', NULL, NULL, NULL, NULL, NULL, NULL, NULL, NULL, b'0', b'0', NULL, NULL, NULL, '848233552', NULL, NULL, b'0', '2019-09-13 14:06:11'),
	('CP2019-0913000054', NULL, 37, '2019-09-13', NULL, '2019-09-13', NULL, NULL, 200.00, NULL, 200.00, NULL, NULL, 8, b'1', NULL, b'0', NULL, b'1', 5, b'0', NULL, b'0', NULL, NULL, NULL, NULL, NULL, NULL, NULL, NULL, b'0', b'0', NULL, NULL, NULL, '870548694', NULL, NULL, b'0', '2019-09-13 14:12:41'),
	('CP2019-0913000055', NULL, 43, '2019-09-13', NULL, '2019-09-13', NULL, NULL, 1728.00, NULL, 1728.00, NULL, NULL, 8, b'1', NULL, b'0', NULL, b'1', 5, b'0', NULL, b'0', NULL, NULL, NULL, NULL, NULL, NULL, NULL, NULL, b'0', b'0', NULL, NULL, NULL, '864131248', NULL, NULL, b'0', '2019-09-13 14:12:45'),
	('CP2019-0913000056', NULL, 44, '2019-09-13', NULL, '2019-09-13', NULL, NULL, 441.00, NULL, 441.00, NULL, NULL, 8, b'1', NULL, b'0', NULL, b'1', 5, b'0', NULL, b'0', NULL, NULL, NULL, NULL, NULL, NULL, NULL, NULL, b'0', b'0', NULL, NULL, NULL, '847995800', NULL, NULL, b'0', '2019-09-13 14:36:26'),
	('CP2019-0913000057', NULL, 5, '2019-09-13', NULL, '2019-09-13', NULL, NULL, 3257.80, NULL, 3257.80, NULL, NULL, 3, b'1', NULL, b'0', NULL, b'1', 5, b'0', NULL, b'0', NULL, NULL, NULL, NULL, NULL, NULL, NULL, NULL, b'0', b'0', NULL, NULL, NULL, '846666552', NULL, NULL, b'1', '2019-09-16 15:40:17'),
	('CP2019-0913000058', NULL, 45, '2019-09-13', NULL, '2019-09-13', NULL, NULL, 830.08, NULL, 830.08, NULL, NULL, 8, b'1', NULL, b'0', NULL, b'1', 5, b'0', NULL, b'0', NULL, NULL, NULL, NULL, NULL, NULL, NULL, NULL, b'0', b'0', NULL, NULL, NULL, '842206145', NULL, NULL, b'0', '2019-09-13 16:14:05'),
	('CP2019-0913000059', NULL, 29, '2019-09-13', NULL, '2019-09-14', NULL, NULL, 2000.00, NULL, 2000.00, NULL, NULL, 3, b'1', NULL, b'0', NULL, b'1', 5, b'0', NULL, b'0', NULL, NULL, NULL, NULL, NULL, NULL, NULL, NULL, b'0', b'0', NULL, NULL, NULL, '844848048', NULL, NULL, b'0', '2019-09-14 09:09:05'),
	('CP2019-0913000060', NULL, 46, '2019-09-13', NULL, '2019-09-13', NULL, NULL, 20250.00, NULL, 20000.00, 250.00, NULL, 2, b'1', NULL, b'0', NULL, b'1', 2, b'0', NULL, b'0', NULL, NULL, NULL, NULL, NULL, NULL, NULL, NULL, b'0', b'0', NULL, NULL, NULL, '848130178', NULL, NULL, b'0', '2019-09-13 18:00:30'),
	('CP2019-0914000061', NULL, 27, '2019-09-14', NULL, '2019-09-14', NULL, NULL, 1800.00, NULL, 1800.00, NULL, NULL, 8, b'1', NULL, b'0', NULL, b'1', 5, b'0', NULL, b'0', NULL, NULL, NULL, NULL, NULL, NULL, NULL, NULL, b'0', b'0', NULL, NULL, NULL, '825504910', NULL, NULL, b'0', '2019-09-14 09:33:09'),
	('CP2019-0914000062', NULL, 47, '2019-09-14', NULL, '2019-09-14', NULL, NULL, 24500.00, 4165.00, 28665.00, NULL, NULL, 8, b'1', NULL, b'0', NULL, b'1', 5, b'0', NULL, b'0', NULL, NULL, NULL, NULL, NULL, NULL, NULL, NULL, b'0', b'0', NULL, NULL, NULL, '843244182', NULL, NULL, b'0', '2019-09-14 09:33:12'),
	('CP2019-0914000063', NULL, 48, '2019-09-14', NULL, '2019-09-14', NULL, NULL, 3600.00, NULL, 3600.00, NULL, NULL, 8, b'1', NULL, b'0', NULL, b'1', 5, b'0', NULL, b'0', NULL, NULL, NULL, NULL, NULL, NULL, NULL, NULL, b'0', b'0', NULL, NULL, NULL, '848692196', NULL, NULL, b'0', '2019-09-14 09:33:15'),
	('CP2019-0914000064', NULL, 27, '2019-09-14', NULL, '2019-09-14', NULL, NULL, 8400.00, NULL, 8400.00, NULL, NULL, 8, b'1', NULL, b'0', NULL, b'1', 5, b'0', NULL, b'0', NULL, NULL, NULL, NULL, NULL, NULL, NULL, NULL, b'0', b'0', NULL, NULL, NULL, '825504910', NULL, NULL, b'0', '2019-09-14 10:52:18'),
	('CP2019-0914000065', NULL, 50, '2019-09-14', NULL, '2019-09-14', NULL, NULL, 200.00, NULL, 200.00, NULL, NULL, 8, b'1', NULL, b'0', NULL, b'1', 5, b'0', NULL, b'0', NULL, NULL, NULL, NULL, NULL, NULL, NULL, NULL, b'0', b'0', NULL, NULL, NULL, '849102196', NULL, NULL, b'0', '2019-09-14 11:41:38'),
	('CP2019-0914000066', NULL, 7, '2019-09-14', NULL, '2019-09-14', NULL, NULL, 400.00, 68.00, 468.00, NULL, NULL, 8, b'1', NULL, b'0', NULL, b'1', 5, b'0', NULL, b'0', NULL, NULL, NULL, NULL, NULL, NULL, NULL, NULL, b'0', b'0', NULL, NULL, NULL, '864131148', NULL, NULL, b'0', '2019-09-14 12:18:40'),
	('CP2019-0916000067', NULL, 51, '2019-09-16', NULL, '2019-09-16', NULL, NULL, 600.00, NULL, 600.00, NULL, NULL, 3, b'1', NULL, b'0', NULL, b'1', 5, b'0', NULL, b'0', NULL, NULL, NULL, NULL, NULL, NULL, NULL, NULL, b'0', b'0', NULL, NULL, NULL, '842533260', NULL, NULL, b'0', '2019-09-16 09:13:55'),
	('CP2019-0916000068', NULL, 52, '2019-09-16', NULL, '2019-09-16', NULL, NULL, 6000.00, NULL, 6000.00, NULL, NULL, 3, b'1', NULL, b'0', NULL, b'1', 5, b'0', NULL, b'0', NULL, NULL, NULL, NULL, NULL, NULL, NULL, NULL, b'0', b'0', NULL, NULL, NULL, '843343333', NULL, NULL, b'0', '2019-09-16 10:19:11'),
	('CP2019-0916000069', NULL, 47, '2019-09-16', NULL, '2019-09-16', NULL, NULL, 3600.00, 612.00, 4212.00, NULL, NULL, 8, b'1', NULL, b'0', NULL, b'1', 5, b'0', NULL, b'0', NULL, NULL, NULL, NULL, NULL, NULL, NULL, NULL, b'0', b'0', NULL, NULL, NULL, '843244182', NULL, NULL, b'0', '2019-09-16 10:19:16'),
	('CP2019-0916000070', NULL, 39, '2019-09-16', NULL, '2019-09-16', NULL, NULL, 300.00, NULL, 300.00, NULL, NULL, 3, b'1', NULL, b'0', NULL, b'1', 5, b'0', NULL, b'0', NULL, NULL, NULL, NULL, NULL, NULL, NULL, NULL, b'0', b'0', NULL, NULL, NULL, '846440003', NULL, NULL, b'0', '2019-09-16 10:19:39'),
	('CP2019-0916000071', NULL, 53, '2019-09-16', NULL, '2019-09-16', NULL, NULL, 30300.00, 5151.00, 35451.00, NULL, NULL, 3, b'1', NULL, b'0', NULL, b'0', NULL, b'0', NULL, b'1', NULL, NULL, NULL, NULL, NULL, NULL, NULL, NULL, b'0', b'0', NULL, NULL, NULL, '843536000', NULL, NULL, b'0', '2019-09-16 11:17:08'),
	('CP2019-0916000072', NULL, 7, '2019-09-16', NULL, '2019-09-16', NULL, NULL, 2520.00, 428.40, 2948.40, NULL, NULL, 8, b'1', NULL, b'0', NULL, b'1', 5, b'0', NULL, b'0', NULL, NULL, NULL, NULL, NULL, NULL, NULL, NULL, b'0', b'0', NULL, NULL, NULL, '864131148', NULL, NULL, b'0', '2019-09-16 11:16:37'),
	('CP2019-0916000073', NULL, 5, '2019-09-16', NULL, '2019-09-16', NULL, NULL, 1400.00, NULL, 1400.00, NULL, NULL, 8, b'1', NULL, b'0', NULL, b'1', 5, b'0', NULL, b'0', NULL, NULL, NULL, NULL, NULL, NULL, NULL, NULL, b'0', b'0', NULL, NULL, NULL, '846666552', NULL, NULL, b'1', '2019-09-16 15:40:01'),
	('CP2019-0916000074', NULL, 39, '2019-09-16', NULL, '2019-09-16', NULL, NULL, 1200.00, 0.00, 1200.00, 0.00, NULL, 8, b'1', NULL, b'0', NULL, b'1', 5, b'0', NULL, b'0', NULL, NULL, NULL, NULL, NULL, NULL, NULL, NULL, b'0', b'0', NULL, NULL, NULL, '846440003', NULL, NULL, b'0', '2019-09-16 14:59:58'),
	('CP2019-0916000075', NULL, 54, '2019-09-16', NULL, '2019-09-16', NULL, NULL, 3000.00, 0.00, 3000.00, NULL, NULL, 8, b'1', NULL, b'0', NULL, b'1', 5, b'0', NULL, b'0', NULL, NULL, NULL, NULL, NULL, NULL, NULL, NULL, b'0', b'0', NULL, NULL, NULL, '848602917', NULL, NULL, b'0', '2019-09-16 16:19:36'),
	('CP2019-0916000076', NULL, 33, '2019-09-16', NULL, '2019-09-16', NULL, NULL, 5500.00, 0.00, 5500.00, 0.00, NULL, 3, b'1', NULL, b'0', NULL, b'1', 5, b'0', NULL, b'0', NULL, NULL, NULL, NULL, NULL, NULL, NULL, NULL, b'0', b'0', NULL, NULL, NULL, '846492820', NULL, NULL, b'0', '2019-09-16 16:32:23'),
	('CP2019-0917000077', NULL, 55, '2019-09-17', NULL, '2019-09-17', NULL, NULL, 2057.00, 0.00, 2057.00, NULL, NULL, 3, b'1', NULL, b'0', NULL, b'1', 5, b'0', NULL, b'0', NULL, NULL, NULL, NULL, NULL, NULL, NULL, NULL, b'0', b'0', NULL, NULL, NULL, '847187913', NULL, NULL, b'0', '2019-09-17 09:03:20'),
	('CP2019-0917000078', NULL, 56, '2019-09-17', NULL, '2019-09-17', NULL, NULL, 1770.00, 0.00, 1770.00, 0.00, NULL, 8, b'1', NULL, b'0', NULL, b'1', 5, b'0', NULL, b'0', NULL, NULL, NULL, NULL, NULL, NULL, NULL, NULL, b'0', b'0', NULL, NULL, NULL, '843343333', NULL, NULL, b'0', '2019-09-17 10:31:25'),
	('CP2019-0917000079', NULL, 57, '2019-09-17', NULL, '2019-09-17', NULL, NULL, 200.00, 0.00, 200.00, NULL, NULL, 8, b'1', NULL, b'0', NULL, b'1', 5, b'0', NULL, b'0', NULL, NULL, NULL, NULL, NULL, NULL, NULL, NULL, b'0', b'0', NULL, NULL, NULL, '848636632', NULL, NULL, b'0', '2019-09-17 12:17:51'),
	('CP2019-0917000080', NULL, 58, '2019-09-17', NULL, '2019-09-18', NULL, NULL, 45000.00, 0.00, 45000.00, 0.00, NULL, 3, b'1', NULL, b'0', NULL, b'1', 5, b'0', NULL, b'0', NULL, NULL, NULL, NULL, NULL, NULL, NULL, NULL, b'0', b'0', NULL, NULL, NULL, '846987822', NULL, NULL, b'0', '2019-09-17 12:17:54'),
	('CP2019-0917000081', NULL, 59, '2019-09-17', NULL, '2019-09-17', NULL, NULL, 1192.80, 0.00, 1192.80, NULL, NULL, 8, b'1', NULL, b'0', NULL, b'1', 5, b'0', NULL, b'0', NULL, NULL, NULL, NULL, NULL, NULL, NULL, NULL, b'0', b'0', NULL, NULL, NULL, '844795153', NULL, NULL, b'0', '2019-09-17 12:17:57'),
	('CP2019-0917000082', NULL, 58, '2019-09-17', NULL, '2019-09-19', NULL, NULL, 25000.00, 0.00, 25000.00, 0.00, NULL, 3, b'1', NULL, b'0', NULL, b'1', 5, b'0', NULL, b'0', NULL, NULL, NULL, NULL, NULL, NULL, NULL, NULL, b'0', b'0', NULL, NULL, NULL, '846987822', NULL, NULL, b'0', '2019-09-17 14:25:40'),
	('CP2019-0917000083', NULL, 12, '2019-09-17', NULL, '2019-09-17', NULL, NULL, 17600.00, 0.00, 17600.00, NULL, NULL, 8, b'1', NULL, b'0', NULL, b'1', 5, b'0', NULL, b'0', NULL, NULL, NULL, NULL, NULL, NULL, NULL, NULL, b'0', b'0', NULL, NULL, NULL, '847121496', NULL, NULL, b'0', '2019-09-17 13:34:01'),
	('CP2019-0917000084', NULL, 29, '2019-09-17', NULL, '2019-09-18', NULL, NULL, 5804.00, 0.00, 5804.00, NULL, NULL, 3, b'1', NULL, b'0', NULL, b'1', 5, b'0', NULL, b'0', NULL, NULL, NULL, NULL, NULL, NULL, NULL, NULL, b'0', b'0', NULL, NULL, NULL, '844848048', NULL, NULL, b'0', '2019-09-17 17:09:07'),
	('CP2019-0917000085', NULL, 43, '2019-09-17', NULL, '2019-09-18', NULL, NULL, 1400.00, 0.00, 1400.00, NULL, NULL, 8, b'1', NULL, b'0', NULL, b'1', 5, b'0', NULL, b'0', NULL, NULL, NULL, NULL, NULL, NULL, NULL, NULL, b'0', b'0', NULL, NULL, NULL, '864131248', NULL, NULL, b'0', '2019-09-17 17:09:12'),
	('CP2019-0917000086', NULL, 62, '2019-09-17', NULL, '2019-09-18', NULL, NULL, 12402.00, 0.00, 12402.00, 0.00, NULL, 3, b'1', NULL, b'0', NULL, b'1', 5, b'0', NULL, b'0', NULL, NULL, NULL, NULL, NULL, NULL, NULL, NULL, b'0', b'0', NULL, NULL, NULL, '846824981', NULL, NULL, b'0', '2019-09-17 17:09:14'),
	('CP2019-0918000087', NULL, 42, '2019-09-18', NULL, '2019-09-18', NULL, NULL, 1800.00, 0.00, 1800.00, NULL, NULL, 8, b'1', NULL, b'0', NULL, b'1', 5, b'0', NULL, b'0', NULL, NULL, NULL, NULL, NULL, NULL, NULL, NULL, b'0', b'0', NULL, NULL, NULL, '848233552', NULL, NULL, b'0', '2019-09-18 10:35:43'),
	('CP2019-0918000088', NULL, 7, '2019-09-18', NULL, '2019-09-18', NULL, NULL, 1800.00, 306.00, 2106.00, NULL, NULL, 8, b'1', NULL, b'0', NULL, b'1', 5, b'0', NULL, b'0', NULL, NULL, NULL, NULL, NULL, NULL, NULL, NULL, b'0', b'0', NULL, NULL, NULL, '864131148', NULL, NULL, b'0', '2019-09-18 13:45:16'),
	('CP2019-0918000089', NULL, 29, '2019-09-18', NULL, '2019-09-18', NULL, NULL, 2304.00, 0.00, 2304.00, NULL, NULL, 8, b'1', NULL, b'0', NULL, b'1', 5, b'0', NULL, b'0', NULL, NULL, NULL, NULL, NULL, NULL, NULL, NULL, b'0', b'0', NULL, NULL, NULL, '844848048', NULL, NULL, b'0', '2019-09-18 13:45:19'),
	('CP2019-0918000090', NULL, 56, '2019-09-18', NULL, '2019-09-18', NULL, NULL, 1500.00, 0.00, 1500.00, 0.00, NULL, 8, b'1', NULL, b'0', NULL, b'1', 5, b'0', NULL, b'0', NULL, NULL, NULL, NULL, NULL, NULL, NULL, NULL, b'0', b'0', NULL, NULL, NULL, '843343333', NULL, NULL, b'0', '2019-09-18 15:25:56'),
	('CP2019-0918000091', NULL, 63, '2019-09-18', NULL, '2019-09-18', NULL, NULL, 2520.00, 0.00, 2520.00, NULL, NULL, 8, b'1', NULL, b'0', NULL, b'1', 5, b'0', NULL, b'0', NULL, NULL, NULL, NULL, NULL, NULL, NULL, NULL, b'0', b'0', NULL, NULL, NULL, '870562223', NULL, NULL, b'0', '2019-09-18 16:02:08'),
	('CP2019-0918000092', NULL, 40, '2019-09-18', NULL, '2019-09-18', NULL, NULL, 1400.00, 0.00, 1400.00, NULL, NULL, 8, b'1', NULL, b'0', NULL, b'1', 5, b'0', NULL, b'0', NULL, NULL, NULL, NULL, NULL, NULL, NULL, NULL, b'0', b'0', NULL, NULL, NULL, '827597335/ 8447', NULL, NULL, b'0', '2019-09-18 16:02:11'),
	('CP2019-0918000093', NULL, 40, '2019-09-18', NULL, '2019-09-18', NULL, NULL, 6900.00, 0.00, 6900.00, NULL, NULL, 8, b'1', NULL, b'0', NULL, b'1', 5, b'0', NULL, b'0', NULL, NULL, NULL, NULL, NULL, NULL, NULL, NULL, b'0', b'0', NULL, NULL, NULL, '827597335/ 8447', NULL, NULL, b'0', '2019-09-18 16:22:07'),
	('CP2019-0919000094', NULL, 46, '2019-09-19', NULL, '2019-09-19', NULL, NULL, 3500.00, 0.00, 3500.00, NULL, NULL, 3, b'1', NULL, b'0', NULL, b'1', 5, b'0', NULL, b'0', NULL, NULL, NULL, NULL, NULL, NULL, NULL, NULL, b'0', b'0', NULL, NULL, NULL, '848130178', NULL, NULL, b'0', '2019-09-19 10:35:53'),
	('CP2019-0919000095', NULL, 1, '2019-09-19', NULL, '2019-09-19', NULL, NULL, 0.00, 0.00, 0.00, 0.00, NULL, 3, b'1', NULL, b'0', NULL, b'1', 5, b'0', NULL, b'0', NULL, NULL, NULL, NULL, NULL, NULL, NULL, NULL, b'0', b'0', NULL, NULL, NULL, '877500800', NULL, NULL, b'0', '2019-09-19 11:41:18'),
	('CP2019-0919000096', NULL, 11, '2019-09-19', NULL, '2019-09-19', NULL, NULL, 384.00, 0.00, 384.00, NULL, NULL, 8, b'1', NULL, b'0', NULL, b'1', 5, b'0', NULL, b'0', NULL, NULL, NULL, NULL, NULL, NULL, NULL, NULL, b'0', b'0', NULL, NULL, NULL, '844644553', NULL, NULL, b'0', '2019-09-19 11:41:15'),
	('CP2019-0919000097', NULL, 64, '2019-09-19', NULL, '2019-09-19', NULL, NULL, 1400.00, 0.00, 1400.00, 0.00, NULL, 3, b'1', NULL, b'0', NULL, b'1', 5, b'0', NULL, b'0', NULL, NULL, NULL, NULL, NULL, NULL, NULL, NULL, b'0', b'0', NULL, NULL, NULL, '843339000', NULL, NULL, b'0', '2019-09-19 11:41:21'),
	('CP2019-0919000098', NULL, 56, '2019-09-19', NULL, '2019-09-19', NULL, NULL, 2100.00, 0.00, 2100.00, NULL, NULL, 3, b'1', NULL, b'0', NULL, b'1', 5, b'0', NULL, b'0', NULL, NULL, NULL, NULL, NULL, NULL, NULL, NULL, b'0', b'0', NULL, NULL, NULL, '843343333', NULL, NULL, b'0', '2019-09-19 14:55:39'),
	('CP2019-0919000099', NULL, 65, '2019-09-19', NULL, '2019-09-19', NULL, NULL, 2500.00, 0.00, 2500.00, NULL, NULL, 8, b'1', NULL, b'0', NULL, b'1', 5, b'0', NULL, b'0', NULL, NULL, NULL, NULL, NULL, NULL, NULL, NULL, b'0', b'0', NULL, NULL, NULL, '843379290', NULL, NULL, b'0', '2019-09-19 14:56:07'),
	('CP2019-0919000100', NULL, 66, '2019-09-19', NULL, '2019-09-19', NULL, NULL, 888.00, 0.00, 888.00, NULL, NULL, 8, b'1', NULL, b'0', NULL, b'1', 5, b'0', NULL, b'0', NULL, NULL, NULL, NULL, NULL, NULL, NULL, NULL, b'0', b'0', NULL, NULL, NULL, '846104858', NULL, NULL, b'0', '2019-09-19 14:56:37'),
	('CP2019-0919000101', NULL, 67, '2019-09-19', NULL, '2019-09-19', NULL, NULL, 1200.00, 204.00, 1404.00, 0.00, NULL, 8, b'1', NULL, b'0', NULL, b'1', 5, b'0', NULL, b'0', NULL, NULL, NULL, NULL, NULL, NULL, NULL, NULL, b'0', b'0', NULL, NULL, NULL, '869960000', NULL, NULL, b'0', '2019-09-19 14:57:07'),
	('CP2019-0919000102', NULL, 68, '2019-09-19', NULL, '2019-09-19', NULL, NULL, 1800.00, 0.00, 1800.00, NULL, NULL, 8, b'1', NULL, b'0', NULL, b'1', 5, b'0', NULL, b'0', NULL, NULL, NULL, NULL, NULL, NULL, NULL, NULL, b'0', b'0', NULL, NULL, NULL, '845548694', NULL, NULL, b'0', '2019-09-19 14:57:34'),
	('CP2019-0919000103', NULL, 37, '2019-09-19', NULL, '2019-09-19', NULL, NULL, 5285.00, 0.00, 5285.00, NULL, NULL, 8, b'1', NULL, b'0', NULL, b'1', 5, b'0', NULL, b'0', NULL, NULL, NULL, NULL, NULL, NULL, NULL, NULL, b'0', b'0', NULL, NULL, NULL, '870548694', NULL, NULL, b'0', '2019-09-19 14:57:57'),
	('CP2019-0919000104', NULL, 40, '2019-09-19', NULL, '2019-09-19', NULL, NULL, 2100.00, 0.00, 2100.00, NULL, NULL, 8, b'1', NULL, b'0', NULL, b'1', 5, b'0', NULL, b'0', NULL, NULL, NULL, NULL, NULL, NULL, NULL, NULL, b'0', b'0', NULL, NULL, NULL, '827597335/ 8447', NULL, NULL, b'0', '2019-09-19 16:17:49'),
	('CP2019-0919000105', NULL, 37, '2019-09-19', NULL, '2019-09-19', NULL, NULL, 422.40, 0.00, 422.40, NULL, NULL, 8, b'1', NULL, b'0', NULL, b'1', 5, b'0', NULL, b'0', NULL, NULL, NULL, NULL, NULL, NULL, NULL, NULL, b'0', b'0', NULL, NULL, NULL, '870548694', NULL, NULL, b'0', '2019-09-19 16:18:28'),
	('CP2019-0920000106', NULL, 69, '2019-09-20', NULL, '2019-09-20', NULL, NULL, 384.00, 0.00, 384.00, NULL, NULL, 8, b'1', NULL, b'0', NULL, b'1', 5, b'0', NULL, b'0', NULL, NULL, NULL, NULL, NULL, NULL, NULL, NULL, b'0', b'0', NULL, NULL, NULL, '844554588', NULL, NULL, b'0', '2019-09-20 11:54:29'),
	('CP2019-0920000107', NULL, 68, '2019-09-20', NULL, '2019-09-20', NULL, NULL, 3500.00, 0.00, 3500.00, NULL, NULL, 8, b'1', NULL, b'0', NULL, b'1', 5, b'0', NULL, b'0', NULL, NULL, NULL, NULL, NULL, NULL, NULL, NULL, b'0', b'0', NULL, NULL, NULL, '845548694', NULL, NULL, b'0', '2019-09-20 14:05:17'),
	('CP2019-0920000108', NULL, 70, '2019-09-20', NULL, '2019-09-20', NULL, NULL, 1400.00, 238.00, 1638.00, NULL, NULL, 3, b'1', NULL, b'0', NULL, b'1', 5, b'0', NULL, b'0', NULL, NULL, NULL, NULL, NULL, NULL, NULL, NULL, b'0', b'0', NULL, NULL, NULL, '852630170', NULL, NULL, b'0', '2019-09-20 14:07:15'),
	('CP2019-0920000109', NULL, 41, '2019-09-20', NULL, '2019-09-20', NULL, NULL, 798.00, 0.00, 798.00, NULL, NULL, 8, b'1', NULL, b'0', NULL, b'1', 5, b'0', NULL, b'0', NULL, NULL, NULL, NULL, NULL, NULL, NULL, NULL, b'0', b'0', NULL, NULL, NULL, '850530281', NULL, NULL, b'0', '2019-09-20 15:09:36'),
	('CP2019-0920000110', NULL, 71, '2019-09-20', NULL, '2019-09-20', NULL, NULL, 640.00, 0.00, 640.00, NULL, NULL, 8, b'1', NULL, b'0', NULL, b'1', 5, b'0', NULL, b'0', NULL, NULL, NULL, NULL, NULL, NULL, NULL, NULL, b'0', b'0', NULL, NULL, NULL, '846691847', NULL, NULL, b'0', '2019-09-20 15:50:36'),
	('CP2019-0920000111', NULL, 2, '2019-09-20', NULL, '2019-09-21', NULL, NULL, 1800.00, 0.00, 1800.00, NULL, NULL, 8, b'1', NULL, b'0', NULL, b'1', 5, b'0', NULL, b'0', NULL, NULL, NULL, NULL, NULL, NULL, NULL, NULL, b'0', b'0', NULL, NULL, NULL, '845470047', NULL, NULL, b'0', '2019-09-20 16:31:11'),
	('CP2019-0923000112', NULL, 72, '2019-09-23', NULL, '2019-09-23', NULL, NULL, 5000.00, 0.00, 5000.00, NULL, NULL, 8, b'1', NULL, b'0', NULL, b'1', 5, b'0', NULL, b'0', NULL, NULL, NULL, NULL, NULL, NULL, NULL, NULL, b'0', b'0', NULL, NULL, NULL, '849006075', NULL, NULL, b'0', '2019-09-23 10:48:09'),
	('CP2019-0923000113', NULL, 73, '2019-09-23', NULL, '2019-09-23', NULL, NULL, 200.00, 0.00, 200.00, 0.00, NULL, 3, b'1', NULL, b'0', NULL, b'1', 5, b'0', NULL, b'0', NULL, NULL, NULL, NULL, NULL, NULL, NULL, NULL, b'0', b'0', NULL, NULL, NULL, '844375150', NULL, NULL, b'0', '2019-09-23 13:45:07'),
	('CP2019-0923000114', NULL, 74, '2019-09-23', NULL, '2019-09-23', NULL, NULL, 396.48, 0.00, 396.48, NULL, NULL, 8, b'1', NULL, b'0', NULL, b'1', 5, b'0', NULL, b'0', NULL, NULL, NULL, NULL, NULL, NULL, NULL, NULL, b'0', b'0', NULL, NULL, NULL, '847490008', NULL, NULL, b'0', '2019-09-23 13:51:37'),
	('CP2019-0923000115', NULL, 43, '2019-09-23', NULL, '2019-09-23', NULL, NULL, 1400.00, 0.00, 1400.00, NULL, NULL, 8, b'1', NULL, b'0', NULL, b'1', 5, b'0', NULL, b'0', NULL, NULL, NULL, NULL, NULL, NULL, NULL, NULL, b'0', b'0', NULL, NULL, NULL, '864131248', NULL, NULL, b'0', '2019-09-23 14:54:51'),
	('CP2019-0923000116', NULL, 75, '2019-09-23', NULL, '2019-09-23', NULL, NULL, 2100.00, 0.00, 2100.00, NULL, NULL, 8, b'1', NULL, b'0', NULL, b'1', 5, b'0', NULL, b'0', NULL, NULL, NULL, NULL, NULL, NULL, NULL, NULL, b'0', b'0', NULL, NULL, NULL, '845595555', NULL, NULL, b'0', '2019-09-23 14:59:56'),
	('CP2019-0923000117', NULL, 3, '2019-09-23', NULL, '2019-09-24', NULL, NULL, 49560.00, 8425.20, 57985.20, NULL, NULL, 8, b'1', NULL, b'0', NULL, b'1', 5, b'0', NULL, b'0', NULL, NULL, NULL, NULL, NULL, NULL, NULL, NULL, b'0', b'0', NULL, NULL, NULL, '873066544', NULL, NULL, b'0', '2019-09-23 15:37:05'),
	('CP2019-0923000118', NULL, 40, '2019-09-23', NULL, '2019-09-23', NULL, NULL, 6900.00, 0.00, 6900.00, NULL, NULL, 8, b'1', NULL, b'0', NULL, b'1', 5, b'0', NULL, b'0', NULL, NULL, NULL, NULL, NULL, NULL, NULL, NULL, b'0', b'0', NULL, NULL, NULL, '827597335/ 8447', NULL, NULL, b'0', '2019-09-23 16:32:24'),
	('CP2019-0924000119', NULL, 27, '2019-09-24', NULL, '2019-09-24', NULL, NULL, 2000.00, 0.00, 2000.00, NULL, NULL, 8, b'1', NULL, b'0', NULL, b'1', 5, b'0', NULL, b'0', NULL, NULL, NULL, NULL, NULL, NULL, NULL, NULL, b'0', b'0', NULL, NULL, NULL, '825504910', NULL, NULL, b'0', '2019-09-24 08:43:09'),
	('CP2019-0924000120', NULL, 76, '2019-09-24', NULL, '2019-09-24', NULL, NULL, 400.00, 0.00, 400.00, NULL, NULL, 8, b'1', NULL, b'0', NULL, b'1', 5, b'0', NULL, b'0', NULL, NULL, NULL, NULL, NULL, NULL, NULL, NULL, b'0', b'0', NULL, NULL, NULL, '868683020', NULL, NULL, b'0', '2019-09-24 09:31:49'),
	('CP2019-0924000121', NULL, 77, '2019-09-24', NULL, '2019-09-24', NULL, NULL, 560.00, 0.00, 560.00, NULL, NULL, 8, b'1', NULL, b'0', NULL, b'1', 5, b'0', NULL, b'0', NULL, NULL, NULL, NULL, NULL, NULL, NULL, NULL, b'0', b'0', NULL, NULL, NULL, '844734090', NULL, NULL, b'0', '2019-09-24 09:36:28'),
	('CP2019-0924000122', NULL, 66, '2019-09-24', NULL, '2019-09-24', NULL, NULL, 348.00, 0.00, 348.00, NULL, NULL, 8, b'1', NULL, b'0', NULL, b'1', 5, b'0', NULL, b'0', NULL, NULL, NULL, NULL, NULL, NULL, NULL, NULL, b'0', b'0', NULL, NULL, NULL, '846104858', NULL, NULL, b'0', '2019-09-24 13:19:58'),
	('CP2019-0924000123', NULL, 36, '2019-09-24', NULL, '2019-09-24', NULL, NULL, 4400.00, 0.00, 4400.00, NULL, NULL, 8, b'1', NULL, b'0', NULL, b'1', 5, b'0', NULL, b'0', NULL, NULL, NULL, NULL, NULL, NULL, NULL, NULL, b'0', b'0', NULL, NULL, NULL, '846521694', NULL, NULL, b'0', '2019-09-24 14:09:00'),
	('CP2019-0924000124', NULL, 68, '2019-09-24', NULL, '2019-09-24', NULL, NULL, 480.00, 0.00, 480.00, NULL, NULL, 8, b'1', NULL, b'0', NULL, b'1', 5, b'0', NULL, b'0', NULL, NULL, NULL, NULL, NULL, NULL, NULL, NULL, b'0', b'0', NULL, NULL, NULL, '845548694', NULL, NULL, b'0', '2019-09-24 14:09:40'),
	('CP2019-0924000125', NULL, 42, '2019-09-24', NULL, '2019-09-24', NULL, NULL, 5162.00, 0.00, 5162.00, NULL, NULL, 8, b'1', NULL, b'0', NULL, b'1', 5, b'0', NULL, b'0', NULL, NULL, NULL, NULL, NULL, NULL, NULL, NULL, b'0', b'0', NULL, NULL, NULL, '848233552', NULL, NULL, b'0', '2019-09-24 14:28:00'),
	('CP2019-0924000126', NULL, 11, '2019-09-24', NULL, '2019-09-24', NULL, NULL, 336.00, 0.00, 336.00, NULL, NULL, 8, b'1', NULL, b'0', NULL, b'1', 5, b'0', NULL, b'0', NULL, NULL, NULL, NULL, NULL, NULL, NULL, NULL, b'0', b'0', NULL, NULL, NULL, '844644553', NULL, NULL, b'0', '2019-09-24 17:09:19'),
	('CP2019-0924000127', NULL, 78, '2019-09-24', NULL, '2019-09-24', NULL, NULL, 400.00, 0.00, 400.00, NULL, NULL, 8, b'1', NULL, b'0', NULL, b'1', 5, b'0', NULL, b'0', NULL, NULL, NULL, NULL, NULL, NULL, NULL, NULL, b'0', b'0', NULL, NULL, NULL, '847130862', NULL, NULL, b'0', '2019-09-24 17:09:25'),
	('CP2019-0924000128', NULL, 51, '2019-09-24', NULL, '2019-09-26', NULL, NULL, 600.00, 0.00, 600.00, NULL, NULL, 3, b'1', NULL, b'0', NULL, b'1', 5, b'0', NULL, b'0', NULL, NULL, NULL, NULL, NULL, NULL, NULL, NULL, b'0', b'0', NULL, NULL, NULL, '842533260', NULL, NULL, b'0', '2019-09-24 17:09:30'),
	('CP2019-0924000129', NULL, 84, '2019-09-24', NULL, '2019-09-26', NULL, NULL, 52500.00, 8925.00, 61425.00, NULL, NULL, 8, b'1', NULL, b'0', NULL, b'1', 5, b'0', NULL, b'0', NULL, NULL, NULL, NULL, NULL, NULL, NULL, NULL, b'0', b'0', NULL, NULL, NULL, '865377800', NULL, NULL, b'0', '2019-09-24 17:09:35'),
	('CP2019-0924000130', NULL, 90, '2019-09-24', NULL, '2019-09-26', NULL, NULL, 7574.88, 0.00, 7574.88, 0.00, NULL, 8, b'1', NULL, b'0', NULL, b'1', 5, b'0', NULL, b'0', NULL, NULL, NULL, NULL, NULL, NULL, NULL, NULL, b'0', b'0', NULL, NULL, NULL, '842528654', NULL, NULL, b'0', '2019-09-24 17:09:40'),
	('CP2019-0926000131', NULL, 42, '2019-09-26', NULL, '2019-09-26', NULL, NULL, 638.28, 0.00, 638.28, NULL, NULL, 8, b'1', NULL, b'0', NULL, b'1', 5, b'0', NULL, b'0', NULL, NULL, NULL, NULL, NULL, NULL, NULL, NULL, b'0', b'0', NULL, NULL, NULL, '848233552', NULL, NULL, b'0', '2019-09-26 09:56:36'),
	('CP2019-0926000132', NULL, 95, '2019-09-26', NULL, '2019-09-26', NULL, NULL, 13000.00, 0.00, 13000.00, NULL, NULL, 3, b'1', NULL, b'0', NULL, b'1', 5, b'0', NULL, b'0', NULL, NULL, NULL, NULL, NULL, NULL, NULL, NULL, b'0', b'0', NULL, NULL, NULL, '844020015', NULL, NULL, b'0', '2019-09-26 11:41:14'),
	('CP2019-0926000133', NULL, 96, '2019-09-26', NULL, '2019-09-26', NULL, NULL, 2784.00, 0.00, 2784.00, 0.00, NULL, 3, b'1', NULL, b'0', NULL, b'1', 5, b'0', NULL, b'0', NULL, NULL, NULL, NULL, NULL, NULL, NULL, NULL, b'0', b'0', NULL, NULL, NULL, '846987388', NULL, NULL, b'0', '2019-09-26 11:41:44'),
	('CP2019-0926000134', NULL, 64, '2019-09-26', NULL, '2019-09-26', NULL, NULL, 240.00, 0.00, 240.00, 0.00, NULL, 3, b'1', NULL, b'0', NULL, b'1', 5, b'0', NULL, b'0', NULL, NULL, NULL, NULL, NULL, NULL, NULL, NULL, b'0', b'0', NULL, NULL, NULL, '843339000', NULL, NULL, b'0', '2019-09-26 13:56:07'),
	('CP2019-0926000135', NULL, 43, '2019-09-26', NULL, '2019-09-26', NULL, NULL, 1280.00, 0.00, 1280.00, NULL, NULL, 8, b'1', NULL, b'0', NULL, b'1', 5, b'0', NULL, b'0', NULL, NULL, NULL, NULL, NULL, NULL, NULL, NULL, b'0', b'0', NULL, NULL, NULL, '864131248', NULL, NULL, b'0', '2019-09-26 16:00:19'),
	('CP2019-0926000136', NULL, 2, '2019-09-26', NULL, '2019-09-26', NULL, NULL, 1200.00, 0.00, 1200.00, NULL, NULL, 8, b'1', NULL, b'0', NULL, b'1', 5, b'0', NULL, b'0', NULL, NULL, NULL, NULL, NULL, NULL, NULL, NULL, b'0', b'0', NULL, NULL, NULL, '845470047', NULL, NULL, b'0', '2019-09-26 16:00:22'),
	('CP2019-0926000137', NULL, 97, '2019-09-26', NULL, '2019-09-26', NULL, NULL, 1400.00, 0.00, 1400.00, NULL, NULL, 8, b'1', NULL, b'0', NULL, b'1', 5, b'0', NULL, b'0', NULL, NULL, NULL, NULL, NULL, NULL, NULL, NULL, b'0', b'0', NULL, NULL, NULL, '845238937', NULL, NULL, b'0', '2019-09-26 16:00:26'),
	('CP2019-0926000138', NULL, 91, '2019-09-26', NULL, '2019-10-02', NULL, NULL, 975000.00, 0.00, 975000.00, 0.00, NULL, 2, b'1', NULL, b'0', NULL, b'1', 2, b'0', NULL, b'0', NULL, NULL, NULL, NULL, NULL, NULL, NULL, NULL, b'0', b'0', NULL, NULL, NULL, '873844140', NULL, NULL, b'0', '2019-09-26 17:57:19'),
	('CP2019-0927000139', NULL, 54, '2019-09-27', NULL, '2019-09-27', NULL, NULL, 2100.00, 0.00, 2100.00, 0.00, NULL, 8, b'1', NULL, b'0', NULL, b'1', 5, b'0', NULL, b'0', NULL, NULL, NULL, NULL, NULL, NULL, NULL, NULL, b'0', b'0', NULL, NULL, NULL, '848602917', NULL, NULL, b'0', '2019-09-27 10:40:33'),
	('CP2019-0927000140', NULL, 56, '2019-09-27', NULL, '2019-09-27', NULL, NULL, 6000.00, 0.00, 6000.00, NULL, NULL, 8, b'1', NULL, b'0', NULL, b'1', 5, b'0', NULL, b'0', NULL, NULL, NULL, NULL, NULL, NULL, NULL, NULL, b'0', b'0', NULL, NULL, NULL, '843343333', NULL, NULL, b'0', '2019-09-27 10:41:01'),
	('CP2019-0927000141', NULL, 13, '2019-09-27', NULL, '2019-09-27', NULL, NULL, 1900.96, 0.00, 1900.96, NULL, NULL, 8, b'1', NULL, b'0', NULL, b'1', 5, b'0', NULL, b'0', NULL, NULL, NULL, NULL, NULL, NULL, NULL, NULL, b'0', b'0', NULL, NULL, NULL, '849339016', NULL, NULL, b'0', '2019-09-27 10:41:26'),
	('CP2019-0927000142', NULL, 98, '2019-09-27', NULL, '2019-09-27', NULL, NULL, 2376.00, 0.00, 2000.00, 376.00, NULL, 8, b'1', NULL, b'0', NULL, b'1', 5, b'0', NULL, b'0', NULL, NULL, NULL, NULL, NULL, NULL, NULL, NULL, b'0', b'0', NULL, NULL, NULL, '843908653', NULL, NULL, b'0', '2019-09-27 11:43:14'),
	('CP2019-0927000143', NULL, 99, '2019-09-27', NULL, '2019-09-27', NULL, NULL, 3672.00, 0.00, 3672.00, NULL, NULL, 3, b'1', NULL, b'0', NULL, b'1', 5, b'0', NULL, b'0', NULL, NULL, NULL, NULL, NULL, NULL, NULL, NULL, b'0', b'0', NULL, NULL, NULL, '845221606', NULL, NULL, b'0', '2019-09-27 13:42:41'),
	('CP2019-0927000144', NULL, 90, '2019-09-27', NULL, '2019-09-27', NULL, NULL, 11640.56, 0.00, 11640.56, NULL, NULL, 3, b'1', NULL, b'0', NULL, b'1', 5, b'0', NULL, b'0', NULL, NULL, NULL, NULL, NULL, NULL, NULL, NULL, b'0', b'0', NULL, NULL, NULL, '842528654', NULL, NULL, b'0', '2019-09-27 13:43:04'),
	('CP2019-0927000145', NULL, 16, '2019-09-27', NULL, '2019-09-27', NULL, NULL, 358.44, 0.00, 358.44, NULL, NULL, 8, b'1', NULL, b'0', NULL, b'1', 5, b'0', NULL, b'0', NULL, NULL, NULL, NULL, NULL, NULL, NULL, NULL, b'0', b'0', NULL, NULL, NULL, '845510174', NULL, NULL, b'0', '2019-09-27 13:44:21'),
	('CP2019-0927000146', NULL, 45, '2019-09-27', NULL, '2019-09-27', NULL, NULL, 848.00, 0.00, 848.00, 0.00, NULL, 8, b'1', NULL, b'0', NULL, b'1', 5, b'0', NULL, b'0', NULL, NULL, NULL, NULL, NULL, NULL, NULL, NULL, b'0', b'0', NULL, NULL, NULL, '842206145', NULL, NULL, b'0', '2019-09-27 14:16:06'),
	('CP2019-0927000147', NULL, 36, '2019-09-27', NULL, '2019-09-27', NULL, NULL, 640.00, 0.00, 640.00, NULL, NULL, 8, b'1', NULL, b'0', NULL, b'1', 5, b'0', NULL, b'0', NULL, NULL, NULL, NULL, NULL, NULL, NULL, NULL, b'0', b'0', NULL, NULL, NULL, '846521694', NULL, NULL, b'0', '2019-09-27 15:26:00'),
	('CP2019-0927000148', NULL, 100, '2019-09-27', NULL, '2019-09-27', NULL, NULL, 625.00, 0.00, 500.00, 125.00, NULL, 8, b'1', NULL, b'0', NULL, b'1', 5, b'0', NULL, b'0', NULL, NULL, NULL, NULL, NULL, NULL, NULL, NULL, b'0', b'0', NULL, NULL, NULL, '849008555', NULL, NULL, b'0', '2019-09-27 15:26:34'),
	('CP2019-0927000149', NULL, 16, '2019-09-27', NULL, '2019-09-27', NULL, NULL, 784.00, 0.00, 784.00, 0.00, NULL, 8, b'1', NULL, b'0', NULL, b'1', 5, b'0', NULL, b'0', NULL, NULL, NULL, NULL, NULL, NULL, NULL, NULL, b'0', b'0', NULL, NULL, NULL, '845510174', NULL, NULL, b'0', '2019-09-27 15:50:58'),
	('CP2019-0927000150', NULL, 48, '2019-09-27', NULL, '2019-09-27', NULL, NULL, 2376.00, 0.00, 2376.00, NULL, NULL, 8, b'1', NULL, b'0', NULL, b'1', 5, b'0', NULL, b'0', NULL, NULL, NULL, NULL, NULL, NULL, NULL, NULL, b'0', b'0', NULL, NULL, NULL, '848692196', NULL, NULL, b'0', '2019-09-27 15:52:34'),
	('CP2019-0927000151', NULL, 37, '2019-09-27', NULL, '2019-09-27', NULL, NULL, 1500.00, 0.00, 1500.00, NULL, NULL, 3, b'1', NULL, b'0', NULL, b'1', 5, b'0', NULL, b'0', NULL, NULL, NULL, NULL, NULL, NULL, NULL, NULL, b'0', b'0', NULL, NULL, NULL, '870548694', NULL, NULL, b'0', '2019-09-27 16:50:08'),
	('CP2019-0927000152', NULL, 101, '2019-09-27', NULL, '2019-09-27', NULL, NULL, 6701.94, 0.00, 6500.00, 201.94, NULL, 8, b'1', NULL, b'0', NULL, b'1', 5, b'0', NULL, b'0', NULL, NULL, NULL, NULL, NULL, NULL, NULL, NULL, b'0', b'0', NULL, NULL, NULL, '843739719', NULL, NULL, b'0', '2019-09-27 16:50:31'),
	('CP2019-0927000153', NULL, 102, '2019-09-27', NULL, '2019-09-27', NULL, NULL, 3500.00, 595.00, 4095.00, NULL, NULL, 3, b'1', NULL, b'0', NULL, b'1', 5, b'0', NULL, b'0', NULL, NULL, NULL, NULL, NULL, NULL, NULL, NULL, b'0', b'0', NULL, NULL, NULL, '844843748', NULL, NULL, b'0', '2019-09-27 17:08:47'),
	('CP2019-0927000154', NULL, 103, '2019-09-27', NULL, '2019-09-28', NULL, NULL, 800.00, 0.00, 800.00, NULL, NULL, 8, b'1', NULL, b'0', NULL, b'1', 5, b'0', NULL, b'0', NULL, NULL, NULL, NULL, NULL, NULL, NULL, NULL, b'0', b'0', NULL, NULL, NULL, '845942760', NULL, NULL, b'0', '2019-09-27 17:08:50'),
	('CP2019-0928000155', NULL, 76, '2019-09-28', NULL, '2019-09-28', NULL, NULL, 5142.72, 0.00, 5142.72, NULL, NULL, 8, b'1', NULL, b'0', NULL, b'1', 5, b'0', NULL, b'0', NULL, NULL, NULL, NULL, NULL, NULL, NULL, NULL, b'0', b'0', NULL, NULL, NULL, '868683020', NULL, NULL, b'0', '2019-09-28 08:55:58'),
	('CP2019-0928000156', NULL, 7, '2019-09-28', NULL, '2019-09-28', NULL, NULL, 288.00, 0.00, 288.00, 0.00, NULL, 8, b'1', NULL, b'0', NULL, b'1', 5, b'0', NULL, b'0', NULL, NULL, NULL, NULL, NULL, NULL, NULL, NULL, b'0', b'0', NULL, NULL, NULL, '864131148', NULL, NULL, b'0', '2019-09-28 08:57:17'),
	('CP2019-0928000157', NULL, 37, '2019-09-28', NULL, '2019-09-28', NULL, NULL, 1500.00, 0.00, 1500.00, NULL, NULL, 8, b'1', NULL, b'0', NULL, b'1', 5, b'0', NULL, b'0', NULL, NULL, NULL, NULL, NULL, NULL, NULL, NULL, b'0', b'0', NULL, NULL, NULL, '870548694', NULL, NULL, b'0', '2019-09-28 09:30:33'),
	('CP2019-0928000158', NULL, 4, '2019-09-28', NULL, '2019-09-30', NULL, NULL, 12500.00, 2125.00, 14625.00, 0.00, NULL, 8, b'0', NULL, b'0', NULL, b'0', NULL, b'0', NULL, b'0', NULL, NULL, NULL, NULL, NULL, NULL, NULL, NULL, b'0', b'0', NULL, NULL, NULL, '848867498', NULL, NULL, b'0', '2019-09-28 10:59:02'),
	('CP2019-0928000159', NULL, 104, '2019-09-28', NULL, '2019-09-28', NULL, NULL, 344.04, 0.00, 344.04, NULL, NULL, 8, b'0', NULL, b'0', NULL, b'0', NULL, b'0', NULL, b'0', NULL, NULL, NULL, NULL, NULL, NULL, NULL, NULL, b'0', b'0', NULL, NULL, NULL, '849541837', NULL, NULL, b'0', '2019-09-28 11:02:59'),
	('CP2019-0930000160', NULL, 5, '2019-09-30', NULL, '2019-09-18', NULL, NULL, 1.00, 0.17, 1.17, NULL, NULL, 2, b'0', NULL, b'0', NULL, b'0', NULL, b'0', NULL, b'0', NULL, NULL, NULL, NULL, NULL, NULL, NULL, NULL, b'0', b'0', NULL, NULL, NULL, '846666552', NULL, NULL, b'0', '2019-09-30 12:22:03'),
	('CP2019-1010000161', NULL, 5, '2019-10-10', NULL, '2019-10-07', NULL, NULL, 4.00, 0.68, 4.68, NULL, NULL, 2, b'0', NULL, b'0', NULL, b'0', NULL, b'0', NULL, b'0', NULL, NULL, NULL, NULL, NULL, NULL, NULL, NULL, b'0', b'0', NULL, NULL, '12', '846666552', NULL, NULL, b'0', '2019-10-10 14:12:37'),
	('CP2019-1010000162', NULL, 5, '2019-10-10', NULL, '2019-10-07', NULL, NULL, 4.00, 0.68, 4.68, NULL, NULL, 2, b'0', NULL, b'0', NULL, b'0', NULL, b'0', NULL, b'0', NULL, NULL, NULL, NULL, NULL, NULL, NULL, NULL, b'0', b'0', NULL, NULL, '12', '846666552', NULL, NULL, b'0', '2019-10-10 14:12:42'),
	('CP2019-1010000163', NULL, 5, '2019-10-10', NULL, '2019-10-07', NULL, NULL, 4.00, 0.68, 4.68, NULL, NULL, 2, b'0', NULL, b'0', NULL, b'0', NULL, b'0', NULL, b'0', NULL, NULL, NULL, NULL, NULL, NULL, NULL, NULL, b'0', b'0', NULL, NULL, '12', '846666552', NULL, NULL, b'0', '2019-10-10 14:12:56'),
	('jkfdskf', NULL, 3, '2019-10-10', NULL, '2019-10-09', NULL, NULL, 1.00, 0.17, 1.17, NULL, NULL, 2, b'0', NULL, b'0', NULL, b'0', NULL, b'0', NULL, b'0', NULL, NULL, NULL, NULL, NULL, NULL, NULL, NULL, b'0', b'0', NULL, NULL, '112321', '873066544', NULL, NULL, b'0', '2019-10-10 17:48:33'),
	('PO2019-1010000001', NULL, 6, '2019-10-10', NULL, '2019-10-09', NULL, NULL, 1.00, 0.17, 1.17, NULL, NULL, 2, b'0', NULL, b'0', NULL, b'0', NULL, b'0', NULL, b'0', NULL, NULL, NULL, NULL, NULL, NULL, NULL, NULL, b'0', b'0', NULL, NULL, NULL, '842387981', NULL, NULL, b'0', '2019-10-10 14:15:57'),
	('PO2019-1010000002', NULL, 3, '2019-10-10', NULL, '2019-10-09', NULL, NULL, 1.00, 0.17, 1.17, NULL, NULL, 2, b'0', NULL, b'0', NULL, b'0', NULL, b'0', NULL, b'0', NULL, NULL, NULL, NULL, NULL, NULL, NULL, NULL, b'0', b'0', NULL, NULL, '112321', '873066544', NULL, NULL, b'0', '2019-10-10 14:16:09'),
	('TP2019-0909000001', 550.00, 1, '2019-09-09', 64, '2019-09-09', NULL, NULL, 5500.00, 935.00, 6435.00, NULL, NULL, 7, b'1', NULL, b'0', NULL, b'1', 7, b'0', NULL, b'1', NULL, NULL, 1001, 10, 50, 3000, 80, 83, b'0', b'0', 98, 88, NULL, '877500800', NULL, NULL, b'0', '2019-09-09 15:51:19'),
	('TP2019-0909000003', 400.00, 1, '2019-09-09', 65, '2019-09-09', NULL, NULL, 2000.00, 340.00, 2340.00, NULL, NULL, 7, b'0', NULL, b'0', NULL, b'0', NULL, b'0', NULL, b'1', NULL, NULL, 501, 5, 50, 750, 78, 84, b'0', b'0', 98, 88, NULL, '877500800', NULL, NULL, b'0', '2019-09-09 15:51:16'),
	('TP2019-0912000004', 200.00, 23, '2019-09-12', 77, '2019-09-12', NULL, NULL, 2400.00, NULL, 2400.00, NULL, NULL, 3, b'0', NULL, b'0', NULL, b'0', NULL, b'0', NULL, b'1', NULL, NULL, NULL, 12, 150, NULL, 78, 84, b'0', b'0', 97, 87, NULL, NULL, NULL, 'PAPEL NCR FB/CF(AZUL) SEM NUMERACAO ', b'0', '2019-09-12 19:00:26'),
	('TP2019-0912000005', 350.00, 26, '2019-09-12', 64, '2019-09-12', NULL, NULL, 3500.00, 595.00, 4095.00, NULL, NULL, 2, b'0', NULL, b'0', NULL, b'0', NULL, b'0', NULL, b'1', NULL, NULL, 1, 10, 50, 500, 78, 84, b'0', b'0', 98, 88, NULL, '870708888', NULL, NULL, b'0', '2019-09-12 13:48:48'),
	('TP2019-0912000006', 200.00, 26, '2019-09-12', 66, '2019-09-20', NULL, NULL, 1200.00, 204.00, 1404.00, NULL, NULL, 2, b'1', NULL, b'0', NULL, b'1', 2, b'0', NULL, b'0', NULL, NULL, 1, 6, 50, 500, 78, 84, b'0', b'0', 98, 88, NULL, '870708888', NULL, NULL, b'0', '2019-09-14 13:22:25'),
	('TP2019-0912000007', 200.00, 26, '2019-09-12', 65, '2019-09-12', NULL, NULL, 1200.00, 204.00, 1404.00, NULL, NULL, 2, b'1', NULL, b'0', NULL, b'1', 2, b'0', NULL, b'0', NULL, NULL, 1, 6, 50, 300, 78, 84, b'0', b'0', 90, 88, NULL, '870708888', NULL, NULL, b'0', '2019-09-14 13:22:23'),
	('TP2019-0912000008', 200.00, 26, '2019-09-12', 64, '2019-09-12', NULL, NULL, 1200.00, 204.00, 1404.00, NULL, NULL, 2, b'1', NULL, b'0', NULL, b'0', NULL, b'0', NULL, b'1', NULL, NULL, 1, 6, 50, 300, 78, 84, b'0', b'0', 90, 88, NULL, '870708888', NULL, NULL, b'0', '2019-09-14 11:35:30'),
	('TP2019-0912000009', 200.00, 26, '2019-09-12', 106, '2019-09-12', NULL, NULL, 1200.00, NULL, 1200.00, NULL, NULL, 2, b'1', NULL, b'0', NULL, b'1', 2, b'0', NULL, b'0', NULL, NULL, NULL, 6, 50, NULL, 78, 84, b'0', b'0', 90, 88, NULL, '870708888', NULL, NULL, b'0', '2019-09-14 13:22:21'),
	('TP2019-0912000010', 200.00, 34, '2019-09-12', 77, '2019-09-15', NULL, NULL, 2400.00, NULL, 2400.00, NULL, NULL, 2, b'1', NULL, b'0', NULL, b'1', 2, b'0', NULL, b'0', NULL, NULL, NULL, 12, 75, NULL, 78, 84, b'0', b'0', 90, 87, '866868888/861868888', NULL, NULL, NULL, b'0', '2019-09-14 10:27:12'),
	('TP2019-0912000011', 200.00, 34, '2019-09-12', 66, '2019-09-12', NULL, NULL, 1200.00, 204.00, 1404.00, NULL, NULL, 2, b'1', NULL, b'0', NULL, b'1', 2, b'0', NULL, b'0', NULL, NULL, 1, 6, 50, 300, 78, 84, b'0', b'0', 90, 88, '866868888/861868888', NULL, NULL, NULL, b'0', '2019-09-14 10:26:14'),
	('TP2019-0912000012', 200.00, 34, '2019-09-12', 65, '2019-09-12', NULL, NULL, 1200.00, 204.00, 1404.00, NULL, NULL, 2, b'1', NULL, b'0', NULL, b'1', 2, b'0', NULL, b'0', NULL, NULL, 1, 6, 50, 300, 78, 84, b'0', b'0', 90, 88, '866868888/861868888', NULL, NULL, NULL, b'0', '2019-09-14 10:26:26'),
	('TP2019-0912000013', 200.00, 26, '2019-09-12', 107, '2019-09-12', NULL, NULL, 1200.00, NULL, 1200.00, NULL, NULL, 2, b'1', NULL, b'0', NULL, b'1', 2, b'0', NULL, b'0', NULL, NULL, NULL, 6, 75, NULL, 78, 84, b'0', b'0', 90, 87, NULL, '870708888', NULL, NULL, b'0', '2019-09-14 13:22:19'),
	('TP2019-0913000014', 400.00, 40, '2019-09-13', 65, '2019-09-14', NULL, NULL, 2400.00, NULL, 2400.00, NULL, NULL, 3, b'1', NULL, b'0', NULL, b'1', 5, b'0', NULL, b'0', NULL, NULL, 101, 6, 3, 118, 78, 89, b'0', b'0', 97, 88, NULL, '827597335/ 8447', NULL, 'Com desenho do cliente', b'0', '2019-09-13 12:46:58'),
	('TP2019-0914000015', 200.00, 26, '2019-09-14', 108, '2019-09-14', NULL, NULL, 1200.00, NULL, 1200.00, NULL, NULL, 2, b'1', NULL, b'0', NULL, b'1', 5, b'0', NULL, b'0', NULL, NULL, NULL, 6, 75, NULL, 78, 84, b'0', b'0', 90, 87, NULL, '870708888', NULL, NULL, b'0', '2019-09-14 11:14:31'),
	('TP2019-0914000016', 200.00, 49, '2019-09-14', 106, '2019-09-14', NULL, NULL, 1200.00, NULL, 1200.00, NULL, NULL, 2, b'1', NULL, b'0', NULL, b'1', 5, b'0', NULL, b'0', NULL, NULL, NULL, 6, 50, NULL, 78, 84, b'0', b'0', 90, 88, NULL, NULL, NULL, NULL, b'0', '2019-09-14 11:15:30'),
	('TP2019-0914000017', 200.00, 26, '2019-09-14', 64, '2019-09-14', NULL, NULL, 2400.00, 408.00, 2808.00, NULL, NULL, 2, b'1', NULL, b'0', NULL, b'1', 5, b'0', NULL, b'0', NULL, NULL, 1, 12, 50, 600, 78, 84, b'0', b'0', 90, 88, NULL, '870708888', NULL, NULL, b'0', '2019-09-14 11:41:34');
/*!40000 ALTER TABLE `t_order` ENABLE KEYS */;

-- 导出  表 myorder_python.t_order_detail 结构
DROP TABLE IF EXISTS `t_order_detail`;
CREATE TABLE IF NOT EXISTS `t_order_detail` (
  `fID` int(11) NOT NULL AUTO_INCREMENT,
  `fOrderID` char(20) DEFAULT NULL,
  `fQuant` smallint(6) DEFAULT NULL,
  `fProductName` varchar(50) DEFAULT NULL,
  `fLength` decimal(10,3) DEFAULT NULL,
  `fWidth` decimal(10,3) DEFAULT NULL,
  `fPrice` decimal(11,2) DEFAULT NULL,
  `fAmount` decimal(11,2) NOT NULL,
  `TS` timestamp NOT NULL DEFAULT CURRENT_TIMESTAMP ON UPDATE CURRENT_TIMESTAMP,
  PRIMARY KEY (`fID`)
) ENGINE=InnoDB AUTO_INCREMENT=215 DEFAULT CHARSET=utf8;

-- 正在导出表  myorder_python.t_order_detail 的数据：~153 rows (大约)
/*!40000 ALTER TABLE `t_order_detail` DISABLE KEYS */;
INSERT INTO `t_order_detail` (`fID`, `fOrderID`, `fQuant`, `fProductName`, `fLength`, `fWidth`, `fPrice`, `fAmount`, `TS`) VALUES
	(2, 'CP2019-0909000001', 200, 'IMP Cartao de visita laminado F/V', 1.000, 1.000, 7.00, 1400.00, '2019-09-09 14:11:41'),
	(3, 'CP2019-0909000002', 1500, ' IMP DE VINNL', 1.300, 2.500, 400.00, 1950000.00, '2019-09-09 14:17:44'),
	(4, 'CP2019-0909000003', 1500, ' IMP DE VINNL', 1.300, 2.500, 400.00, 1950000.00, '2019-09-09 15:03:32'),
	(5, 'CP2019-0910000004', 3, 'IMP/ CORTE E LAMINACAO DE VINYL', 1.039, 1.059, 800.00, 2645.76, '2019-09-10 08:36:18'),
	(6, 'CP2019-0910000005', 1, 'IMP/ DE VINIL', 1.250, 0.450, 400.00, 225.00, '2019-09-10 10:17:14'),
	(7, 'CP2019-0910000005', 1, 'IMP/ DE VINIL', 0.760, 0.595, 400.00, 182.40, '2019-09-10 10:17:14'),
	(8, 'CP2019-0910000006', 1, 'IMP/ DE VINIL', 1.015, 3.204, 400.00, 1305.60, '2019-09-10 10:27:12'),
	(9, 'CP2019-0910000007', 100, ' PROD/ DE BLOCOS A4 DUPLIC./ PAPEL NCR', 1.000, 1.000, 350.00, 35000.00, '2019-09-10 11:36:57'),
	(10, 'CP2019-0910000008', 1, 'IMP/ E LAMINACAO DE VINIL', 0.866, 0.539, 750.00, 352.35, '2019-09-10 11:50:17'),
	(11, 'CP2019-0910000009', 1, 'IMP/ EM PANO DE BANDEIRAS 1.192*3.351', 1.000, 1.000, 2500.00, 2500.00, '2019-09-10 13:50:52'),
	(12, 'CP2019-0910000010', 1, 'COMPRA DE BASE DE ROLL UP 05', 1.000, 1.000, 3500.00, 3500.00, '2019-09-10 14:47:49'),
	(13, 'CP2019-0910000011', 1, 'IMP/ DE ROLL UP EXECUTIVO 06', 1.000, 1.000, 3500.00, 3500.00, '2019-09-10 16:09:59'),
	(14, 'CP2019-0910000012', 1, 'IMP/ DE VINYL', 2.050, 1.470, 400.00, 1205.40, '2019-09-10 16:13:51'),
	(15, 'CP2019-0910000013', 1, 'IMP/ DE BANNER PRETO C/ 4 ILHOSES', 1.000, 1.000, 400.00, 400.00, '2019-09-10 16:36:11'),
	(16, 'CP2019-0911000014', 30, 'IMP/ E CORTE DE PANO DE BANDEIRA 0.269* 0.14*', 1.000, 1.000, 75.00, 2250.00, '2019-09-11 11:09:47'),
	(17, 'CP2019-0911000015', 1, 'IMP/ DE VINYL', 1.800, 0.900, 400.00, 648.00, '2019-09-11 11:16:50'),
	(18, 'CP2019-0911000016', 1, 'IMP/ DE BANNER P/ BACKDROP SEM ESTRUTURA', 2.980, 2.250, 400.00, 2682.00, '2019-09-11 11:44:02'),
	(19, 'CP2019-0911000017', 1, 'IMP/ DE BANNER PRETO C/ 4 ILHOSES', 1.850, 1.000, 400.00, 740.00, '2019-09-11 13:13:59'),
	(20, 'CP2019-0911000018', 15, 'IMP/ DE BANDEIRAS C/ COSTURA 0.60* 0.40*', 1.000, 1.000, 190.00, 2850.00, '2019-09-11 13:26:34'),
	(21, 'CP2019-0911000019', 40, 'IMP/ DE PAPEL DE FOTO 0.30* 0.40*', 1.000, 1.000, 66.00, 2640.00, '2019-09-11 13:36:18'),
	(22, 'CP2019-0911000020', 5, 'IMP/ DE VINYL', 0.720, 0.250, 400.00, 360.00, '2019-09-11 13:41:19'),
	(23, 'CP2019-0911000021', 1, 'IMP/ DE VINIL', 0.500, 1.000, 400.00, 200.00, '2019-09-11 14:49:43'),
	(24, 'CP2019-0911000022', 650, ' IMP/ A4 F/V 115 GRMS', 1.000, 1.000, 0.00, 0.00, '2019-09-11 15:24:05'),
	(26, 'CP2019-0911000023', 100, 'IMP/ A3 150 GRMS 1 FACE', 1.000, 1.000, 0.00, 0.00, '2019-09-11 15:29:17'),
	(27, 'CP2019-0911000023', 25, 'IMP/ DE CONVITE A4 1 FACE', 1.000, 1.000, 0.00, 0.00, '2019-09-11 15:32:42'),
	(28, 'CP2019-0911000024', 1, 'IMP/ DE VINIL', 1.470, 2.050, 400.00, 1205.40, '2019-09-11 15:48:51'),
	(29, 'CP2019-0911000025', 1, 'IMP/ DE VINIL', 3.000, 0.580, 400.00, 696.00, '2019-09-11 15:59:45'),
	(30, 'CP2019-0911000025', 4, 'IMP/ DE VINIL', 0.650, 0.350, 400.00, 364.00, '2019-09-11 16:00:45'),
	(31, 'CP2019-0911000025', 1, 'PROD/ DE ROLL UP 05', 1.000, 1.000, 4500.00, 4500.00, '2019-09-11 16:01:36'),
	(32, 'CP2019-0911000026', 1, 'IMP/ DE VINYL', 0.297, 0.420, 400.00, 50.40, '2019-09-11 16:15:00'),
	(33, 'CP2019-0911000026', 1, 'IMP/ DE VINYL', 1.000, 0.200, 400.00, 80.00, '2019-09-11 16:17:59'),
	(34, 'CP2019-0911000026', 1, 'IMP/ DE VINYL', 0.970, 0.280, 400.00, 108.64, '2019-09-11 16:17:59'),
	(35, 'CP2019-0911000027', 2, 'IMP/ DE VINYL', 4.150, 1.240, 400.00, 4116.80, '2019-09-11 16:48:50'),
	(36, 'CP2019-0911000027', 2, 'IMP/ DE VINYL', 4.150, 0.470, 400.00, 1560.40, '2019-09-11 16:48:50'),
	(37, 'CP2019-0912000028', 1, 'IMP/ DE BANDEIRA C/ COSTURA 1.35*0.90', 1.000, 1.000, 1200.00, 1200.00, '2019-09-12 11:09:29'),
	(38, 'CP2019-0912000029', 12, 'IMP/ DE LIVROS NCR DUPLICADO', 1.000, 1.000, 200.00, 2400.00, '2019-09-12 11:24:15'),
	(39, 'CP2019-0912000030', 6, 'IMP/ DE FATURAS', 1.000, 1.000, 200.00, 1200.00, '2019-09-12 11:25:11'),
	(40, 'CP2019-0912000030', 6, 'IMP/ DE RECIBOS', 1.000, 1.000, 200.00, 1200.00, '2019-09-12 11:25:11'),
	(41, 'CP2019-0912000031', 1, 'IMP/ DE BANNER PRETO C/ 4 ILHOSES', 2.000, 1.000, 400.00, 800.00, '2019-09-12 11:32:03'),
	(42, 'CP2019-0912000031', 1, 'IMP/ DE BANNER PRETO C/ 4 ILHOSES', 2.000, 2.000, 400.00, 1600.00, '2019-09-12 11:32:03'),
	(43, 'CP2019-0912000032', 30, 'IMP/ DE VINYL', 0.210, 0.297, 400.00, 756.00, '2019-09-12 11:36:05'),
	(45, 'CP2019-0912000033', 2, 'IMP/ DE BANNER PRETO C/ 12 ILHOSES P/ CADA', 2.000, 1.000, 400.00, 1600.00, '2019-09-12 12:09:19'),
	(46, 'CP2019-0912000034', 2, 'IMP/ DE VINIL', 0.500, 0.500, 400.00, 200.00, '2019-09-12 12:30:27'),
	(47, 'CP2019-0912000035', 1, 'IMP/ DE BANNER PRETO', 3.000, 2.300, 350.00, 2415.00, '2019-09-12 13:16:32'),
	(48, 'CP2019-0912000035', 115, 'IMP/ DE CONVITES F/V C/ DOBRA NO CENT.', 1.000, 1.000, 10.00, 1150.00, '2019-09-12 13:16:32'),
	(49, 'CP2019-0912000036', 126, 'IMP/ DE STICKERS', 0.106, 0.071, 600.00, 582.12, '2019-09-12 13:39:31'),
	(50, 'CP2019-0912000037', 2, 'IMP/ DE BANNER PRETO C/ 4 ILHOSES P/ CADA', 2.000, 0.800, 350.00, 1120.00, '2019-09-12 13:55:47'),
	(51, 'CP2019-0912000038', 100, 'IMP/ DE BANDEIRAS C/ MARGEM DE 10 CM 1.20*0.90', 1.000, 1.000, 650.00, 65000.00, '2019-09-12 14:23:53'),
	(52, 'CP2019-0912000039', 53, 'IMP/ DE STICKERS', 0.080, 0.080, 600.00, 203.52, '2019-09-12 14:49:24'),
	(53, 'CP2019-0912000040', 1, 'IMP/ DE VINIL E RECORTE', 1.000, 1.000, 600.00, 600.00, '2019-09-12 15:05:04'),
	(54, 'CP2019-0912000041', 2, 'PROD/ DE ROLL UP 06', 1.000, 1.000, 3500.00, 7000.00, '2019-09-12 15:08:27'),
	(55, 'CP2019-0912000042', 23, 'IMP/ DE BANDEIRAS C/ COSTURA', 1.500, 0.700, 650.00, 15697.50, '2019-09-12 15:29:27'),
	(56, 'CP2019-0912000043', 3500, 'IMP/ DE FLYER A4 F/V', 1.000, 1.000, 2.90, 10150.00, '2019-09-12 15:43:45'),
	(57, 'CP2019-0912000044', 2, 'PROD/ DE ROLL UP 06', 1.000, 1.000, 3500.00, 7000.00, '2019-09-12 15:56:31'),
	(58, 'CP2019-0913000045', 42, 'IMP/ DE STICKERS', 0.201, 0.040, 600.00, 201.60, '2019-09-13 09:29:11'),
	(59, 'CP2019-0913000045', 1, 'IMP/ DE BANNER PRETO C/ 4 ILHOSES', 2.500, 2.000, 400.00, 2000.00, '2019-09-13 09:30:08'),
	(60, 'CP2019-0913000046', 1, 'IMP/ DE BANNER PRETO C/ 4 ILHOSES', 3.500, 1.000, 400.00, 1400.00, '2019-09-13 09:55:40'),
	(61, 'CP2019-0913000047', 5, 'IMP/ DE VINYL ', 2.200, 2.700, 400.00, 11880.00, '2019-09-13 10:08:38'),
	(62, 'CP2019-0913000047', 2, 'IMP/ DE VINYL', 2.200, 2.000, 400.00, 3520.00, '2019-09-13 10:08:38'),
	(63, 'CP2019-0913000048', 200, 'IMP/ DE CARTOES DE VISITA LAM MATT F/V', 1.000, 1.000, 7.00, 1400.00, '2019-09-13 10:17:52'),
	(64, 'CP2019-0913000049', 20, 'IMP/ DE IDENT. DE MESAS A5 C/ L. MATT 300GRMS', 1.000, 1.000, 20.00, 400.00, '2019-09-13 11:07:16'),
	(65, 'CP2019-0913000050', 4, 'PROD/ DE ROLL UP COMPLETO', 1.000, 1.000, 2500.00, 10000.00, '2019-09-13 11:37:24'),
	(66, 'CP2019-0913000050', 4, 'PROD/ DE ROLL UP SEM IMPRESSAO', 1.000, 1.000, 1500.00, 6000.00, '2019-09-13 11:37:24'),
	(67, 'CP2019-0913000051', 600, 'IMP/ DE CARTOES DE VISITA 1 FACEC/ L. MATT', 1.000, 1.000, 7.00, 4200.00, '2019-09-13 12:20:32'),
	(68, 'CP2019-0913000051', 100, 'IMP/ DE CARTOES DE VISITA F/V C/ L. MATT', 1.000, 1.000, 7.00, 700.00, '2019-09-13 12:20:32'),
	(69, 'CP2019-0913000052', 1, 'IMP/ DE BANNER PRETO C/ 4 ILHOSES', 1.500, 1.000, 300.00, 450.00, '2019-09-13 13:16:12'),
	(70, 'CP2019-0913000053', 1, 'IMP/ DE BANNER PRETO C/ MARGM DE 5CM', 1.500, 1.500, 400.00, 900.00, '2019-09-13 13:29:26'),
	(71, 'CP2019-0913000054', 1, 'IMP/ DE BANNER PRETO C/ 4 ILHOSES', 1.000, 0.500, 400.00, 200.00, '2019-09-13 13:49:03'),
	(72, 'CP2019-0913000055', 6, 'IMP/ DE VINYL', 1.200, 0.600, 400.00, 1728.00, '2019-09-13 13:59:21'),
	(73, 'CP2019-0913000056', 150, 'IMP/ DE STIKERS', 0.065, 0.065, 600.00, 441.00, '2019-09-13 14:30:03'),
	(74, 'CP2019-0913000057', 400, 'IMP/ DE CARTOES DE VISITA F/V C/ L. MATT', 1.000, 1.000, 7.00, 2800.00, '2019-09-13 15:50:45'),
	(75, 'CP2019-0913000057', 1, 'IMP/ DE VINIL', 0.600, 0.205, 400.00, 50.40, '2019-09-13 15:50:45'),
	(76, 'CP2019-0913000057', 1, 'IMP/ DE VINIL', 0.595, 0.760, 400.00, 182.40, '2019-09-13 15:51:10'),
	(77, 'CP2019-0913000058', 1, 'IMP/ DE BANNER PRETO C/ 4 ILHOSES', 1.400, 1.300, 400.00, 728.00, '2019-09-13 15:52:52'),
	(78, 'CP2019-0913000057', 1, 'IMP/ DE VINIL', 0.450, 1.250, 400.00, 225.00, '2019-09-13 15:52:55'),
	(79, 'CP2019-0913000058', 1, 'IMP/ DE VINYL', 0.880, 0.290, 400.00, 102.08, '2019-09-13 15:53:36'),
	(80, 'CP2019-0913000059', 2, 'IMP/ DE BANDEIRAS C/ COSTURA 1.35*0.90', 1.000, 1.000, 1000.00, 2000.00, '2019-09-13 16:16:36'),
	(81, 'CP2019-0913000060', 300, 'IMP DE VINNL ', 0.300, 0.900, 250.00, 20250.00, '2019-09-13 17:58:16'),
	(82, 'CP2019-0914000061', 1, 'IMP/ DE ROLL UP 07', 1.000, 1.000, 1800.00, 1800.00, '2019-09-14 08:36:37'),
	(83, 'CP2019-0914000062', 7, 'IMP/ DE ROLL UP EXECUTIVO 06', 1.000, 1.000, 3500.00, 24500.00, '2019-09-14 08:47:39'),
	(84, 'CP2019-0914000063', 2, 'IMP/ DE ROLL UP NORMAL 07', 1.000, 1.000, 1800.00, 3600.00, '2019-09-14 09:15:00'),
	(85, 'CP2019-0914000064', 1, 'IMP/ DE BANNER PRETO C/ 4 ILHOSES', 3.500, 1.000, 400.00, 1400.00, '2019-09-14 09:55:23'),
	(86, 'CP2019-0914000064', 2, 'IMP/ DE ROLL UP EXECUTIVA 06', 1.000, 1.000, 3500.00, 7000.00, '2019-09-14 10:03:14'),
	(87, 'CP2019-0914000065', 50, 'IMP/ A4 ', 1.000, 1.000, 4.00, 200.00, '2019-09-14 10:49:12'),
	(88, 'CP2019-0914000066', 1, 'IMP/ DE VINYL ', 1.000, 1.000, 400.00, 400.00, '2019-09-14 11:42:53'),
	(89, 'CP2019-0916000067', 1, 'IMP/ DE VINIL', 1.500, 1.000, 400.00, 600.00, '2019-09-16 09:06:16'),
	(90, 'CP2019-0916000068', 1, 'COMPRA DE ROLO DE VINIL', 1.000, 1.000, 6000.00, 6000.00, '2019-09-16 09:38:53'),
	(91, 'CP2019-0916000069', 1, 'IMP/ DE BANNER PRETO ', 3.000, 3.000, 400.00, 3600.00, '2019-09-16 09:58:43'),
	(92, 'CP2019-0916000070', 1, 'IMP/ DE BANNER PRETO C/ 4 ILHOSES', 1.500, 0.500, 400.00, 300.00, '2019-09-16 10:03:40'),
	(93, 'CP2019-0916000071', 800, 'IMP/ DE MENU A3 F/V 80G PAPEL NORMAL', 1.000, 1.000, 14.00, 11200.00, '2019-09-16 10:20:49'),
	(94, 'CP2019-0916000071', 400, 'IMP/ DE MENU A3 F/V 80G PAPEL NORMAL', 1.000, 1.000, 14.00, 5600.00, '2019-09-16 10:20:49'),
	(95, 'CP2019-0916000071', 300, 'IMP/ DE MENU 0.21*0.21 200G C/ LAMIN', 1.000, 1.000, 45.00, 13500.00, '2019-09-16 10:20:49'),
	(96, 'CP2019-0916000072', 50, 'IMP/ DE VINYL', 0.297, 0.420, 400.00, 2520.00, '2019-09-16 10:23:17'),
	(97, 'CP2019-0916000073', 200, 'IMP/ DE CARTOES DE VISITA F/V LAM MATT', 1.000, 1.000, 7.00, 1400.00, '2019-09-16 11:27:04'),
	(98, 'CP2019-0916000074', 1, 'IMP/ DE BANNER PRETO C/ 4 ILHOSES', 3.000, 1.000, 400.00, 1200.00, '2019-09-16 14:02:11'),
	(99, 'CP2019-0916000075', 2, 'COMPRA DE BASE DE ROLL UP 07', 1.000, 1.000, 1500.00, 3000.00, '2019-09-16 14:44:59'),
	(100, 'CP2019-0916000076', 2, 'IMP/ DE PVC P/ ROLL UP 06', 1.000, 1.000, 1250.00, 2500.00, '2019-09-16 15:51:59'),
	(101, 'CP2019-0916000076', 1, 'IMP/ DE BANNER PRETO P/ BACKDROP 3.0*2.25', 1.000, 1.000, 3000.00, 3000.00, '2019-09-16 15:51:59'),
	(102, 'CP2019-0917000077', 1, 'IMP/ DE CONTRAVISION', 1.700, 2.200, 550.00, 2057.00, '2019-09-17 08:08:44'),
	(103, 'CP2019-0917000078', 1, 'IMP/ DE BANNER PRETO C/ MARGENS 5CM', 2.950, 1.500, 400.00, 1770.00, '2019-09-17 09:31:07'),
	(104, 'CP2019-0917000079', 1, 'IMP/ DE BANNER PRETO ', 1.000, 0.500, 400.00, 200.00, '2019-09-17 11:49:53'),
	(105, 'CP2019-0917000080', 100, 'IMP/ DE BANDEIRA PART. FRELIMO 1.20*0.80 C/ COSTUR', 1.000, 1.000, 300.00, 30000.00, '2019-09-17 12:11:08'),
	(106, 'CP2019-0917000080', 50, 'IMP/ DE BANDEIRA DE PRESIDENTE 1.20*0.80 C/ COSTUR', 1.000, 1.000, 300.00, 15000.00, '2019-09-17 12:11:08'),
	(107, 'CP2019-0917000081', 1, 'IMP/ DE BANNER PRETO C/ 6 ILHOSES', 2.100, 1.420, 400.00, 1192.80, '2019-09-17 11:59:31'),
	(108, 'CP2019-0917000082', 5000, 'IMP/ A3', 1.000, 1.000, 5.00, 25000.00, '2019-09-17 12:18:54'),
	(109, 'CP2019-0917000083', 7, 'COMPRA DE BASE DE ROLL UP 06', 1.000, 1.000, 2300.00, 16100.00, '2019-09-17 12:24:51'),
	(110, 'CP2019-0917000083', 1, 'IMP/ DE BANNER PRETO C/ 4 ILHOSES', 2.500, 1.500, 400.00, 1500.00, '2019-09-17 12:24:51'),
	(111, 'CP2019-0917000084', 1, 'PROD/ DE ROLL UP 06', 1.000, 1.000, 3500.00, 3500.00, '2019-09-17 16:06:42'),
	(112, 'CP2019-0917000084', 1, 'IMP/ DE BANNER PRETO', 2.400, 2.400, 400.00, 2304.00, '2019-09-17 16:06:42'),
	(113, 'CP2019-0917000085', 200, 'IMP/ DE CARTOES DE VISITA F/V', 1.000, 1.000, 7.00, 1400.00, '2019-09-17 16:07:20'),
	(114, 'CP2019-0917000086', 2, 'IMP/ DE VINIL', 6.350, 2.150, 400.00, 10922.00, '2019-09-17 16:59:37'),
	(115, 'CP2019-0917000086', 1, 'IMP/ DE VINIL', 2.000, 1.850, 400.00, 1480.00, '2019-09-17 17:01:23'),
	(116, 'CP2019-0918000087', 1, 'IMP/ DE ROLL UP NORMAL 07', 1.000, 1.000, 1800.00, 1800.00, '2019-09-18 08:28:20'),
	(117, 'CP2019-0918000088', 300, 'IMP/ DE FLYERS A5 1 FACE 150GRAMAS', 1.000, 1.000, 6.00, 1800.00, '2019-09-18 09:34:55'),
	(118, 'CP2019-0918000089', 1, 'IMP/ DE BANNER PRETO ', 2.400, 2.400, 400.00, 2304.00, '2019-09-18 10:39:43'),
	(119, 'CP2019-0918000090', 1, ' IMP/ DE TEARDROP 0,699* 2,798*', 1.000, 1.000, 1500.00, 1500.00, '2019-09-18 14:53:05'),
	(120, 'CP2019-0918000091', 360, 'IMP/ DE CARTOES DE VISITA F/V LAM MATT', 1.000, 1.000, 7.00, 2520.00, '2019-09-18 15:20:29'),
	(121, 'CP2019-0918000092', 100, 'IMP/ DE CARTOES DE VISITA F/V LAM MATT', 1.000, 1.000, 7.00, 700.00, '2019-09-18 15:45:13'),
	(122, 'CP2019-0918000092', 100, 'IMP/ DE CARTOES DE VISITA 1FACE MATT', 1.000, 1.000, 7.00, 700.00, '2019-09-18 15:45:13'),
	(123, 'CP2019-0918000093', 3, 'COMPRA DE BASE DE ROLL UP 06', 1.000, 1.000, 2300.00, 6900.00, '2019-09-18 16:09:11'),
	(124, 'CP2019-0919000094', 1, 'PROD/ DE ROLL UP 06', 1.000, 1.000, 3500.00, 3500.00, '2019-09-19 08:06:01'),
	(125, 'CP2019-0919000095', 1000, 'IMP/ DE FLYERS A4 F/V 150 GRMS C/ LAMIN', 1.000, 1.000, 0.00, 0.00, '2019-09-19 08:30:51'),
	(126, 'CP2019-0919000096', 1, 'IMP/ DE BANNER PRETO C/ 4 ILHOSES', 0.800, 1.200, 400.00, 384.00, '2019-09-19 10:49:28'),
	(127, 'CP2019-0919000097', 200, 'IMP/ DE CARTOES DE VISITA F/V C/ LAM. MATT', 1.000, 1.000, 7.00, 1400.00, '2019-09-19 11:30:10'),
	(128, 'CP2019-0919000098', 300, 'IMP/ DE CARTOES DE VISITA F/V C/ LAM. MATT', 1.000, 1.000, 7.00, 2100.00, '2019-09-19 12:14:10'),
	(129, 'CP2019-0919000099', 1, 'IMP/ DE VINYL ', 2.500, 2.500, 400.00, 2500.00, '2019-09-19 13:22:40'),
	(130, 'CP2019-0919000100', 50, 'IMP/ DE STIKERS', 0.200, 0.060, 600.00, 360.00, '2019-09-19 13:43:02'),
	(131, 'CP2019-0919000100', 40, 'IMP/ DE STIKERS', 0.100, 0.100, 600.00, 240.00, '2019-09-19 13:43:02'),
	(132, 'CP2019-0919000100', 30, 'IMP/ DE STIKERS', 0.050, 0.050, 600.00, 45.00, '2019-09-19 13:43:02'),
	(133, 'CP2019-0919000100', 25, 'IMP/ DE STIKERS', 0.270, 0.060, 600.00, 243.00, '2019-09-19 13:43:02'),
	(134, 'CP2019-0919000101', 1, 'IMP/ DE BANNER PRETO C/ 6 ILHOSES', 1.500, 2.000, 400.00, 1200.00, '2019-09-19 14:11:11'),
	(135, 'CP2019-0919000102', 1, 'IMP/ DE BANNER PRETO C/ 6 ILHOSES', 3.000, 2.000, 300.00, 1800.00, '2019-09-19 14:31:47'),
	(136, 'CP2019-0919000103', 125, 'IMP/ DE A3 300GRAMAS', 1.000, 1.000, 35.00, 4375.00, '2019-09-19 14:41:25'),
	(137, 'CP2019-0919000103', 13, 'IMP/ DE A3 F/V 300GRAMAS', 1.000, 1.000, 70.00, 910.00, '2019-09-19 14:41:25'),
	(138, 'CP2019-0919000104', 300, 'IMP/ DE CARTOES DE VISITA F/V MATT', 1.000, 1.000, 7.00, 2100.00, '2019-09-19 15:36:59'),
	(139, 'CP2019-0919000105', 176, 'IMP/ DE STIKERS', 0.080, 0.050, 600.00, 422.40, '2019-09-19 15:39:30'),
	(140, 'CP2019-0920000106', 2, 'IMP/ DE BANNER PRETO C/ 4 ILHOSES CADA', 0.800, 0.600, 400.00, 384.00, '2019-09-20 11:18:54'),
	(141, 'CP2019-0920000107', 1, 'COMPRA DE ROLO DE VINYL 1.27', 1.000, 1.000, 3500.00, 3500.00, '2019-09-20 13:01:55'),
	(142, 'CP2019-0920000108', 200, 'IMP/ DE CARTOES DE VISITA F/V C/ LAM. MATT', 1.000, 1.000, 7.00, 1400.00, '2019-09-20 13:44:25'),
	(143, 'CP2019-0920000109', 1, 'IMP/ DE BANNER PRETO C/ 4 ILHOSES', 2.000, 1.330, 300.00, 798.00, '2019-09-20 14:53:44'),
	(144, 'CP2019-0920000110', 1, 'IMP/ DE BANNER PRETO C/ 6 ILHOSES', 0.800, 2.000, 400.00, 640.00, '2019-09-20 15:24:33'),
	(145, 'CP2019-0920000111', 1, 'IMP/ DE ROLL UP NORMAL 07', 1.000, 1.000, 1800.00, 1800.00, '2019-09-20 16:25:46'),
	(146, 'CP2019-0923000112', 2, 'COMPRA DE BASE DE ROLL UL 06', 1.000, 1.000, 2500.00, 5000.00, '2019-09-23 10:08:10'),
	(147, 'CP2019-0923000113', 1, 'CORTE DE VINIL 0.46*0.66', 1.000, 1.000, 200.00, 200.00, '2019-09-23 13:34:16'),
	(148, 'CP2019-0923000114', 2, 'IMP/ DE BANNER PRETO C/ 4 ILHOSES', 0.594, 0.841, 400.00, 396.48, '2019-09-23 13:16:47'),
	(149, 'CP2019-0923000115', 200, 'IMP/ DE CARTOES DE VISITA F/V LAM MATT', 1.000, 1.000, 7.00, 1400.00, '2019-09-23 13:55:49'),
	(150, 'CP2019-0923000116', 300, 'IMP/ DE CARTOES DE VISITA F/V LAM MATT', 1.000, 1.000, 7.00, 2100.00, '2019-09-23 14:47:07'),
	(151, 'CP2019-0923000117', 500, 'IMP/ DE VINYL', 0.420, 0.594, 400.00, 49560.00, '2019-09-23 15:25:33'),
	(152, 'CP2019-0923000118', 3, 'COMPRA DE BASE DE ROLL UP 06', 1.000, 1.000, 2300.00, 6900.00, '2019-09-23 16:09:56'),
	(153, 'CP2019-0924000119', 1, 'IMP/ DE BANNER PRETO C/ 4 ILHOSES', 5.000, 1.000, 400.00, 2000.00, '2019-09-24 08:33:01'),
	(154, 'CP2019-0924000120', 1, 'IMP/ DE BANNER PRETO C/ 4 ILHOSES ', 1.000, 1.000, 400.00, 400.00, '2019-09-24 08:53:15'),
	(155, 'CP2019-0924000121', 1, 'IMP/ DE VINYL', 1.000, 1.400, 400.00, 560.00, '2019-09-24 09:27:08'),
	(156, 'CP2019-0924000122', 1, 'IMP/ DE VINYL', 1.000, 0.868, 400.00, 348.00, '2019-09-24 11:27:25'),
	(157, 'CP2019-0924000123', 2, 'IMP/ E PEODUCAO DE MOLDURA 0.594* 0.841*', 1.000, 1.000, 2200.00, 4400.00, '2019-09-24 12:05:39'),
	(158, 'CP2019-0924000124', 1, 'IMP/ DE BANNER PRETO C/ 4 ILHOSES', 1.600, 1.000, 300.00, 480.00, '2019-09-24 13:35:39'),
	(159, 'CP2019-0924000125', 1, 'IMP/ DE VINYL C/ MARGENS DE 5CM', 8.900, 1.450, 400.00, 5162.00, '2019-09-24 14:16:15'),
	(160, 'CP2019-0924000126', 1, 'IMP/ DE BANNER PRETO C/ 4 ILHOSES', 1.400, 0.600, 400.00, 336.00, '2019-09-24 14:41:04'),
	(161, 'CP2019-0924000127', 1, 'IMP/ DE BANNER PRETO C/ 4 ILHOSES', 1.000, 1.000, 400.00, 400.00, '2019-09-24 15:01:00'),
	(162, 'CP2019-0924000128', 1, 'IMP/ DE VINIL', 1.500, 1.000, 400.00, 600.00, '2019-09-24 16:12:09'),
	(163, 'CP2019-0924000129', 35, 'IMP/ DE ROLL UP NORMAL 07', 1.000, 1.000, 1500.00, 52500.00, '2019-09-24 16:15:35'),
	(164, 'CP2019-0924000130', 1, 'IMP/ DE CONTRAVISION', 1.100, 2.140, 550.00, 1294.70, '2019-09-24 16:32:25'),
	(165, 'CP2019-0924000130', 1, 'IMP/ DE CONTRAVISION', 1.145, 2.150, 550.00, 1359.88, '2019-09-24 16:32:25'),
	(166, 'CP2019-0924000130', 1, 'IMP/ DE CONTRAVISION', 1.100, 2.150, 550.00, 1300.75, '2019-09-24 16:35:18'),
	(167, 'CP2019-0924000130', 1, 'IMP/ DE CONTRAVISION', 1.120, 2.150, 550.00, 1324.40, '2019-09-24 16:35:18'),
	(168, 'CP2019-0924000130', 1, 'IMP/ DE CONTRAVISION', 1.150, 2.140, 550.00, 1353.55, '2019-09-24 16:35:18'),
	(169, 'CP2019-0924000130', 1, 'IMP/ DE CONTRAVISION', 0.802, 2.140, 550.00, 941.60, '2019-09-24 16:35:18'),
	(170, 'CP2019-0926000131', 1, 'IMP/ DE BANNER PRETO C/ 4 ILHOSES', 1.970, 1.080, 300.00, 638.28, '2019-09-26 09:36:29'),
	(171, 'CP2019-0926000132', 1, 'PROD/ DE BACKDROP 2.98*2.25', 1.000, 1.000, 13000.00, 13000.00, '2019-09-26 10:45:38'),
	(172, 'CP2019-0926000133', 1, 'IMP/ DE BANNER BRANCO C/ MARGEM DE 5CM', 5.800, 0.801, 600.00, 2784.00, '2019-09-26 11:07:30'),
	(173, 'CP2019-0926000134', 2, 'IMP/ DE BANNER PRETO C/ 4 ILHOSES CADA', 1.000, 0.300, 400.00, 240.00, '2019-09-26 11:42:23'),
	(174, 'CP2019-0926000135', 2, 'IMP/ DE BANNER PRETO', 0.800, 2.000, 400.00, 1280.00, '2019-09-26 14:50:15'),
	(175, 'CP2019-0926000136', 1, 'IMP/ DE BANNER PRETO C/ 4 ILHOSES', 3.000, 1.000, 400.00, 1200.00, '2019-09-26 15:15:44'),
	(176, 'CP2019-0926000137', 200, 'IMP/ DE CARTOES DE VISITA F/V LAM MATT', 1.000, 1.000, 7.00, 1400.00, '2019-09-26 15:46:08'),
	(177, 'CP2019-0926000138', 2000, 'IMPRESSÃO DE BANDEIRA 1.30M*0.80M', 1.000, 1.000, 487.50, 975000.00, '2019-09-26 17:54:32'),
	(178, 'CP2019-0926000138', NULL, '', NULL, NULL, NULL, 0.00, '2019-09-26 17:54:32'),
	(180, 'CP2019-0927000139', 300, 'IMP/ DE CARTOES DE VISITA F/V LAM MATT', 1.000, 1.000, 7.00, 2100.00, '2019-09-27 09:05:11'),
	(181, 'CP2019-0927000140', 1, 'COMPRA DE ROLO DE VINIL 1.37', 1.000, 1.000, 6000.00, 6000.00, '2019-09-27 09:39:42'),
	(182, 'CP2019-0927000141', 1, 'IMP/ DE VINYL', 2.180, 2.180, 400.00, 1900.96, '2019-09-27 09:59:29'),
	(183, 'CP2019-0927000142', 1, 'IMP/ DE VINYL', 2.200, 2.700, 400.00, 2376.00, '2019-09-27 11:00:42'),
	(184, 'CP2019-0927000143', 1, 'IMP/ DE BANNER BRANCO C/ MARGEM 10CM', 1.200, 1.200, 450.00, 648.00, '2019-09-27 12:30:42'),
	(185, 'CP2019-0927000143', 1, 'IMP/ DE BANNER BRANCO C/ MARGEM 10CM', 1.200, 1.200, 450.00, 648.00, '2019-09-27 12:30:42'),
	(186, 'CP2019-0927000143', 1, 'IMP/ DE BANNER BRANCO C/ MARGEM 10CM', 4.400, 1.200, 450.00, 2376.00, '2019-09-27 12:30:42'),
	(187, 'CP2019-0927000144', 1, 'IMP/ DE VINIL', 1.060, 0.880, 400.00, 373.12, '2019-09-27 13:14:12'),
	(188, 'CP2019-0927000144', 1, 'IMP/ DE VINIL', 0.890, 0.660, 400.00, 234.96, '2019-09-27 13:14:12'),
	(189, 'CP2019-0927000144', 8, 'IMP/ DE VINIL', 1.060, 1.970, 400.00, 6682.24, '2019-09-27 13:14:12'),
	(190, 'CP2019-0927000144', 6, 'IMP/ DE VINIL', 1.060, 1.711, 400.00, 4350.24, '2019-09-27 13:14:12'),
	(191, 'CP2019-0927000145', 1, 'IMP/ DE CONTRAVISION', 1.330, 0.490, 550.00, 358.44, '2019-09-27 13:14:59'),
	(192, 'CP2019-0927000146', 1, 'IMP/ DE BANNER PRETO C/ 5 ILHOSES', 1.400, 1.300, 400.00, 728.00, '2019-09-27 13:31:53'),
	(193, 'CP2019-0927000146', 1, 'IMP/ DE VINYL', 1.000, 0.300, 400.00, 120.00, '2019-09-27 13:32:25'),
	(194, 'CP2019-0927000147', 1, 'IMP/ DE VINYL TRANSPARENTE', 1.000, 0.800, 800.00, 640.00, '2019-09-27 14:29:11'),
	(195, 'CP2019-0927000148', 25, 'IMP/ DE INDENTIFICARES DE MESA A4', 1.000, 1.000, 25.00, 625.00, '2019-09-27 15:09:18'),
	(196, 'CP2019-0927000149', 1, 'IMP/ DE BANNER PRETO C/ 4 ILHOSES', 0.800, 1.200, 400.00, 384.00, '2019-09-27 15:19:38'),
	(197, 'CP2019-0927000149', 1, 'IMP/ DE BANNER PRETO C/ 4 ILHOSES', 1.000, 1.000, 400.00, 400.00, '2019-09-27 15:19:38'),
	(198, 'CP2019-0927000150', 1, 'IMP/ DE VINYL', 2.200, 2.700, 400.00, 2376.00, '2019-09-27 15:35:28'),
	(199, 'CP2019-0927000151', 250, 'IMP/ DE FLYERS A5 F 150 GRMS', 1.000, 1.000, 6.00, 1500.00, '2019-09-27 16:25:13'),
	(200, 'CP2019-0927000152', 1, 'IMP/ DE BANNER BRANCO C/ COSTURA', 5.670, 1.970, 600.00, 6701.94, '2019-09-27 16:26:42'),
	(201, 'CP2019-0927000153', 1, 'IMP/ DE ROLL UP 06', 1.000, 1.000, 3500.00, 3500.00, '2019-09-27 16:57:09'),
	(202, 'CP2019-0927000154', 100, 'IMP/ DE FLYERS A6', 1.000, 1.000, 8.00, 800.00, '2019-09-27 16:58:30'),
	(203, 'CP2019-0928000155', 1, 'IMP/ DE VINYL', 1.316, 9.743, 400.00, 5142.72, '2019-09-28 08:18:39'),
	(204, 'CP2019-0928000156', 100, 'IMP/ DE STIKERS', 0.120, 0.037, 600.00, 288.00, '2019-09-28 08:42:07'),
	(205, 'CP2019-0928000157', 250, 'IMP/ DE FLYERS A5 1 FACE 150GRAMAS', 1.000, 1.000, 6.00, 1500.00, '2019-09-28 08:55:23'),
	(206, 'CP2019-0928000158', 25, 'IMP/ DE BANDEIRAS C/ COSTURA 1.2m*08m', 1.000, 1.000, 500.00, 12500.00, '2019-09-28 10:59:02'),
	(207, 'CP2019-0928000159', 1, 'IMP/ DE BANNER PRETO C/ 4 ILHOSES', 1.406, 0.606, 400.00, 344.04, '2019-09-28 11:02:59'),
	(214, 'CP2019-0930000160', 1, '1', 1.000, 1.000, 1.00, 1.00, '2019-09-30 12:22:03');
/*!40000 ALTER TABLE `t_order_detail` ENABLE KEYS */;

-- 导出  表 myorder_python.t_product_information 结构
DROP TABLE IF EXISTS `t_product_information`;
CREATE TABLE IF NOT EXISTS `t_product_information` (
  `fID` int(11) NOT NULL AUTO_INCREMENT,
  `fProductName` varchar(250) CHARACTER SET utf8 NOT NULL,
  `fSpesc` varchar(50) CHARACTER SET utf8 DEFAULT NULL,
  `fWidth` varchar(20) CHARACTER SET utf8 DEFAULT NULL,
  `fLength` varchar(20) CHARACTER SET utf8 DEFAULT NULL,
  `fUint` varchar(10) CHARACTER SET utf8 DEFAULT NULL,
  `fNote` varchar(250) CHARACTER SET utf8 DEFAULT NULL,
  `fCurrentQuantity` decimal(13,3) NOT NULL DEFAULT '0.000',
  `fMinimumStock` decimal(13,3) NOT NULL DEFAULT '0.000',
  `fCancel` tinyint(4) NOT NULL DEFAULT '0',
  `TS` timestamp NOT NULL DEFAULT CURRENT_TIMESTAMP,
  PRIMARY KEY (`fID`)
) ENGINE=InnoDB AUTO_INCREMENT=106 DEFAULT CHARSET=utf8mb4 COLLATE=utf8mb4_unicode_ci;

-- 正在导出表  myorder_python.t_product_information 的数据：~105 rows (大约)
/*!40000 ALTER TABLE `t_product_information` DISABLE KEYS */;
INSERT INTO `t_product_information` (`fID`, `fProductName`, `fSpesc`, `fWidth`, `fLength`, `fUint`, `fNote`, `fCurrentQuantity`, `fMinimumStock`, `fCancel`, `TS`) VALUES
	(1, 'CTP板 Chapa de CTP', '', '', '', '包', '', 0.000, 0.000, 0, '0000-00-00 00:00:00'),
	(2, 'PS板 Chapa  positivas ( PS)', '', '', '', '包', '', 0.000, 0.000, 0, '0000-00-00 00:00:00'),
	(3, 'PS显影液 Revelador', '', '', '', '瓶', '', 0.000, 0.000, 0, '0000-00-00 00:00:00'),
	(4, '洁板剂 Plate cleaner', '', '', '', '瓶', '印刷', 0.000, 0.000, 0, '0000-00-00 00:00:00'),
	(5, '还原清洗剂 blanket rejuvenator (caucho)', '', '', '', '瓶', '1箱+6瓶', -4.000, 0.000, 0, '0000-00-00 00:00:00'),
	(6, '印刷机油墨 白 Tinta branca officet', '2.5 kg', '', '', '罐', '', -8.000, 0.000, 0, '0000-00-00 00:00:00'),
	(7, '印刷机油墨 黑 Tinta preta officet', '2.5 kg', '', '', '罐', '1 montra', 0.000, 0.000, 0, '0000-00-00 00:00:00'),
	(8, '印刷机油墨 蓝 Tinta azul ciao officet', '2.5 kg', '', '', '罐', '1 montra', 0.000, 0.000, 0, '0000-00-00 00:00:00'),
	(9, '印刷机油墨 黄 Tinta amarela officet', '2.5 kg', '', '', '罐', '1 montra', 0.000, 0.000, 0, '0000-00-00 00:00:00'),
	(10, '印刷机油墨 红 Tinta magenta officet', '2.5 kg', '', '', '罐', '1 montra', 0.000, 0.000, 0, '0000-00-00 00:00:00'),
	(11, '普通喷绘机墨水 红 Tinta rolaund(magenta)', '', '', '', '瓶', '', 0.000, 0.000, 0, '0000-00-00 00:00:00'),
	(12, '普通喷绘机墨水 蓝 Tinta rolaund (azul ciao)', '', '', '', '瓶', '', 0.000, 0.000, 0, '0000-00-00 00:00:00'),
	(13, '普通喷绘机墨水 黄 Tinta rolaund (amarelo)', '', '', '', '瓶', '', 0.000, 0.000, 0, '0000-00-00 00:00:00'),
	(14, '普通喷绘机墨水 黑 Tinta rolaud (preto)', '', '', '', '瓶', '', 0.000, 0.000, 0, '0000-00-00 00:00:00'),
	(15, '旗帜机油墨 红 Tinta cartucho (magenta)', '', '', '', '罐', '', 0.000, 0.000, 0, '0000-00-00 00:00:00'),
	(16, '旗帜机油墨 黑 Tinta cartucho (preto)', '', '', '', '罐', '', 0.000, 0.000, 0, '0000-00-00 00:00:00'),
	(17, '旗帜机油墨 黄 Tinta cartucho (amarelo)', '', '', '', '罐', '', 0.000, 0.000, 0, '0000-00-00 00:00:00'),
	(18, '旗帜机油墨 蓝 Tinta cartucho( azul ciao)', '', '', '', '罐', '', 0.000, 0.000, 0, '0000-00-00 00:00:00'),
	(19, '铁门型架 Estrutura de backdrop', '', '', '', '套', '1 montra', 0.000, 0.000, 0, '0000-00-00 00:00:00'),
	(20, '拉伸膜（过塑膜） Papel aderrente', '', '', '', '卷', '', 0.000, 0.000, 0, '0000-00-00 00:00:00'),
	(21, '硫酸纸', '', '', '', '', '', 0.000, 0.000, 0, '0000-00-00 00:00:00'),
	(22, '印衣服打印卷材 Rolo de estampar(pequena)', '', '', '', '卷', '', 0.000, 0.000, 0, '0000-00-00 00:00:00'),
	(23, '转印膜 Rolo de estampar(grande)', '', '', '', '卷', '', 0.000, 0.000, 0, '0000-00-00 00:00:00'),
	(24, 'BOPP预涂膜 光面腹膜 Laminacao', '', '', '', '卷', '', 0.000, 0.000, 0, '0000-00-00 00:00:00'),
	(25, 'BOPP预涂膜 哑面腹膜', '', '', '', '', '', 0.000, 0.000, 0, '0000-00-00 00:00:00'),
	(26, '大喷绘机墨水 黄 Tinta (amarelo)', '', '', '', '瓶', '', 0.000, 0.000, 0, '0000-00-00 00:00:00'),
	(27, '大喷绘机墨水 黑 Tinta (preto)', '', '', '', '瓶', '', 0.000, 0.000, 0, '0000-00-00 00:00:00'),
	(28, '大喷绘机墨水 蓝 Tinta (azul ciao)', '', '', '', '瓶', '', 0.000, 0.000, 0, '0000-00-00 00:00:00'),
	(29, '大喷绘机墨水 红 Tinta (Magenta)', '', '', '', '瓶', '', 0.000, 0.000, 0, '0000-00-00 00:00:00'),
	(30, '豪华单屏易拉宝（最常用）06 Roll up base 06', '', '', '', '套', '', 0.000, 0.000, 0, '0000-00-00 00:00:00'),
	(31, '豪华单屏易拉宝（最好的 Roll up(Bom)', '', '', '', '套', '黑色袋子/4500mt', 0.000, 0.000, 0, '0000-00-00 00:00:00'),
	(32, '标准易拉宝（黑袋）07 Roll up standard (pasta preta)', '', '', '', 'pcs', '', 0.000, 0.000, 0, '0000-00-00 00:00:00'),
	(33, '标准易拉宝（黑袋）蓝色边', '', '', '', 'pcs', '', 0.000, 0.000, 0, '0000-00-00 00:00:00'),
	(34, '豪华易拉宝（黄色袋子） Roll up standard (pasta laranja)', '', '', '', 'pcs', '', 0.000, 0.000, 0, '0000-00-00 00:00:00'),
	(35, '铁拉网 Rede de puxar de ferro', '', '', '', '套', '', 0.000, 0.000, 0, '0000-00-00 00:00:00'),
	(36, '不干胶', '', '', '', '箱', '', 0.000, 0.000, 0, '0000-00-00 00:00:00'),
	(37, '毕业证书筒 Certificado de graduacao (canudo)', '', '', '', 'caixa', '每箱大概140个', 0.000, 0.000, 0, '0000-00-00 00:00:00'),
	(38, '3.4米旗杆 Tripé (3 metros/40) 4头', '', '', '', 'pcs', '', 0.000, 0.000, 0, '0000-00-00 00:00:00'),
	(39, '3.4米旗杆 Tripé (3 metros/40) 3头', '', '', '', 'pcs', '', 0.000, 0.000, 0, '0000-00-00 00:00:00'),
	(40, '旗杆小 Tripé', '', '', '', 'pcs', '', 0.000, 0.000, 0, '0000-00-00 00:00:00'),
	(41, '栏杆 Separador', '', '', '', 'pcs', '外加10条', 0.000, 0.000, 0, '0000-00-00 00:00:00'),
	(42, '栏杆底座/铝 Base de bandeira', '', '', '', 'pcs', '', 0.000, 0.000, 0, '0000-00-00 00:00:00'),
	(43, '绘图纸 Papel de desenho', '', '', '', 'caixa', '', 0.000, 0.000, 0, '0000-00-00 00:00:00'),
	(44, '装订圈 Argolas para encadernacao de livros', '', '', '', 'caixa', '加4小盒', 0.000, 0.000, 0, '0000-00-00 00:00:00'),
	(45, '热熔胶 Adesivos', '', '', '', 'Saco', '', 0.000, 0.000, 0, '0000-00-00 00:00:00'),
	(46, '装订机 Maquina de encadernar', '', '', '', 'PCS', '', 0.000, 0.000, 0, '0000-00-00 00:00:00'),
	(47, '斜纹地板膜 Filme de chao(20180225)', '', '1.27', '50', '卷', '', 0.000, 0.000, 0, '0000-00-00 00:00:00'),
	(48, '五米注水旗杆 Pau de subir bandeira(5 metros)', '', '', '', '件', '163*11*11cm', 0.000, 0.000, 0, '0000-00-00 00:00:00'),
	(49, '三米旗杆 Vinil pequeno', '', '', '', '件', '165*14*11cm', 0.000, 0.000, 0, '0000-00-00 00:00:00'),
	(50, '艺彩专业冷裱膜 50 MIC', '', '1.37', '50', '件', '1.37*50m', 0.000, 0.000, 0, '0000-00-00 00:00:00'),
	(51, '户外写真耗材 150G哑PP背胶 150G-PP', '', '1.27', '50', '件', '150G-PP', 0.000, 0.000, 0, '0000-00-00 00:00:00'),
	(52, '十字纹冷裱膜  Vinnil n? de barra 20180717', '', '1.07', '50', '卷', '', 0.000, 0.000, 0, '0000-00-00 00:00:00'),
	(53, '210G双哑PP纸 Vinnil n? de barra 20180419', '', '0.914', '50', '件', '', 0.000, 0.000, 0, '0000-00-00 00:00:00'),
	(54, '单向透视膜 Van virgem', '', '', '', '件', '', 0.000, 0.000, 0, '0000-00-00 00:00:00'),
	(55, 'NAME：TGB-140 TGB-140', '', '1.27', '50', '件', '1.27*50M', 0.000, 0.000, 0, '0000-00-00 00:00:00'),
	(56, '2236 PVC 2236 PVC', '', '1.27', '50', '件', '1.27*50M', 0.000, 0.000, 0, '0000-00-00 00:00:00'),
	(57, '208G  20180310', '', '1.52', '50', '件', '', 0.000, 0.000, 0, '0000-00-00 00:00:00'),
	(58, '弱溶剂哑面化纤油画布 CD-240ECH Vinnil CD-240ECH', '', '0.914', '30', '卷', '', 0.000, 0.000, 0, '0000-00-00 00:00:00'),
	(59, '弱溶剂半透闪点静电贴 KD051 Vinnil 20180717', '', '1.22', '50', '卷', '', 0.000, 0.000, 0, '0000-00-00 00:00:00'),
	(60, '弱溶剂透明静电贴 KF001 Vinnil 20180716', '', '1.52', '50', '卷', '', 0.000, 0.000, 0, '0000-00-00 00:00:00'),
	(61, '弱溶剂白色PVC静电贴 KF002 Vinnil KF002', '', '1.52', '50', '卷', '', 0.000, 0.000, 0, '0000-00-00 00:00:00'),
	(62, '粗纹环保背胶油画布 YD-5003B Vinnil YD-5003B', '', '1.37', '45', '卷', '', 0.000, 0.000, 0, '0000-00-00 00:00:00'),
	(63, '弱溶剂无纺双透布  Pano', '', '1.52', '50', '卷', '', 0.000, 0.000, 0, '0000-00-00 00:00:00'),
	(64, '弱溶剂超透PVC贴 ECO-240MP Vinnil 20180716', '', '1.52', '50', '卷', 'FORA', 0.000, 0.000, 0, '0000-00-00 00:00:00'),
	(65, '弱溶剂灰背PVC胶片 PF-330SG/易拉宝打印材料 Material para roll up', '', '0.914', '50', '卷', '', 0.000, 0.000, 0, '0000-00-00 00:00:00'),
	(66, '210MIC粗纹地板膜 Vinnil 20180614', '', '1.27', '50', '卷', '', 0.000, 0.000, 0, '0000-00-00 00:00:00'),
	(67, '超透冷袜膜 Vinil(20180611)', '', '1.27', '100', '卷', '', 0.000, 0.000, 0, '0000-00-00 00:00:00'),
	(68, '注水旗座 大 80*40*80cm', '', '', '', '件', '80*40*80cm', 0.000, 0.000, 0, '0000-00-00 00:00:00'),
	(69, '注水旗座 小 Tampa da base de bandeira', '', '', '', '件', '外加18套', 0.000, 0.000, 0, '0000-00-00 00:00:00'),
	(70, '铝拉网 Rede de puxar de aluminio', '', '', '', '件', '', 0.000, 0.000, 0, '0000-00-00 00:00:00'),
	(71, '无缝背胶晶彩反光膜  Vinil', '', '1.24', '50', '件', '', 0.000, 0.000, 0, '0000-00-00 00:00:00'),
	(72, '晶彩格（背胶） Vinil', '', '1.24', '50', '件', '', 0.000, 0.000, 0, '0000-00-00 00:00:00'),
	(73, '弱溶剂光面化纤油画布 Vinnil', '', '', '', '件', '0.914*50m', 0.000, 0.000, 0, '0000-00-00 00:00:00'),
	(74, '弱溶剂哑面化纤油画布 Vinnil', '', '', '', '件', '0.914*50m', 0.000, 0.000, 0, '0000-00-00 00:00:00'),
	(75, '黑袋沙子旁 Vinil 20180718', '', '1.37', '50', '卷', '', 0.000, 0.000, 0, '0000-00-00 00:00:00'),
	(76, '2020vinnil  Vinil 20180416', '', '1.37', '50', '卷', '', 0.000, 0.000, 0, '0000-00-00 00:00:00'),
	(77, '2020vinnil 1.27*50)', '', '', '', '', '', 0.000, 0.000, 0, '0000-00-00 00:00:00'),
	(78, '2020vinnil 20180417 Top baner (70G FIAG FABRIC)', '', '1.2', '257', '卷', '一共39卷', 0.000, 0.000, 0, '0000-00-00 00:00:00'),
	(79, '2020vinnil  Top baner(70G FIAG FABRIC)', '', '1.2', '239', '', '', 0.000, 0.000, 0, '0000-00-00 00:00:00'),
	(80, '70G FIAG FABRIC 旗织机卷材 Top baner (70G FIAG FABRIC)', '', '1.2', '260', '', '', 0.000, 0.000, 0, '0000-00-00 00:00:00'),
	(81, '70G FIAG FABRIC 旗织机卷材 Top baner(70G FIAG FABRIC)', '', '1.2', '226', '', '', 0.000, 0.000, 0, '0000-00-00 00:00:00'),
	(82, '70G FIAG FABRIC 旗织机卷材 Top baner (70G FIAG FABRIC)', '', '1.2', '214', '', '', 0.000, 0.000, 0, '0000-00-00 00:00:00'),
	(83, '70G FIAG FABRIC 旗织机卷材 Top baner (70G FIAG FABRIC)', '', '1.2', '236', '', '', 0.000, 0.000, 0, '0000-00-00 00:00:00'),
	(84, '70G FIAG FABRIC 旗织机卷材 Top baner(145G TIENT F?BRIC)', '', '1.5', '150', '', '', 0.000, 0.000, 0, '0000-00-00 00:00:00'),
	(85, '70G FIAG FABRIC 旗织机卷材 Top baner(145G TIENT F?BRIC)', '', '1.5', '152', '', '', 0.000, 0.000, 0, '0000-00-00 00:00:00'),
	(86, '旗帜布 145G tent fabric  Top baner(145G TIENT F?BRIC)', '', '1.5', '153', '', '', 0.000, 0.000, 0, '0000-00-00 00:00:00'),
	(87, '旗帜布 145G tent fabric  Top baner (145G TIENT FABRIC)', '', '1.5', '142', '', '', 0.000, 0.000, 0, '0000-00-00 00:00:00'),
	(88, '旗帜布 145G tent fabric  Top baner (145G TIENT FABRIC)', '', '1.5', '182', '', '', 0.000, 0.000, 0, '0000-00-00 00:00:00'),
	(89, '旗帜布 145G tent fabric  Top baner(95G GIOSSY SATIN)', '', '1.5', '200', '', '', 0.000, 0.000, 0, '0000-00-00 00:00:00'),
	(90, '旗帜布 145G tent fabric  Top baner ((110G WAR IMOTTONG FABRIC)', '', '1.5', '115', '', '', 0.000, 0.000, 0, '0000-00-00 00:00:00'),
	(91, '旗帜布 95g giossy satin Top baner (110G WAR IMOTTONG FABRIC)', '', '1.5', '101', '', '', 0.000, 0.000, 0, '0000-00-00 00:00:00'),
	(92, '旗帜布 110g war[ lmottomg fabric Top baner (110G WAR IMOTTONG FABRIC)', '', '1.5', '122', '', '', 0.000, 0.000, 0, '0000-00-00 00:00:00'),
	(93, '旗帜布 110g war[ lmottomg fabric Top baner (110G WAR IMOTTONG FABRIC)', '', '1.5', '136', '', '', 0.000, 0.000, 0, '0000-00-00 00:00:00'),
	(94, '110g war[ lmottomg fabric Top baner ( 110G)', '', '1.6', '120', '', '', 0.000, 0.000, 0, '0000-00-00 00:00:00'),
	(95, '旗帜布 110g war[ lmottomg fabric Top baner ( 110G)', '', '1.6', '136', '', '', 0.000, 0.000, 0, '0000-00-00 00:00:00'),
	(96, '旗帜布 110g 轻编旗帜布 Top baner ( 110G )', '', '1.6', '128', '', '', 0.000, 0.000, 0, '0000-00-00 00:00:00'),
	(97, '旗帜布 110g 轻编旗帜布 Top baner ( 110G)', '', '1.6', '171', '', '', 0.000, 0.000, 0, '0000-00-00 00:00:00'),
	(98, '旗帜布 110g 轻编旗帜布 Top baner (600D OXFORD FABRIC)', '', '1.5', '80', '', '', 0.000, 0.000, 0, '0000-00-00 00:00:00'),
	(99, '旗帜布 110g 轻编旗帜布 Top baner (120G MESH)', '', '1.6', '100', '', '', 0.000, 0.000, 0, '0000-00-00 00:00:00'),
	(100, '账蓬 3*3', '', '', '', '个', '', 0.000, 0.000, 0, '0000-00-00 00:00:00'),
	(101, '账蓬 3*6', '', '', '', '个', '', 0.000, 0.000, 0, '0000-00-00 00:00:00'),
	(102, '卷材薄纸 KT BOARD', '', '', '', '卷', '', 0.000, 0.000, 0, '0000-00-00 00:00:00'),
	(103, '未知名 Mesa de promocao', '', '', '', '卷', '', 0.000, 0.000, 0, '0000-00-00 00:00:00'),
	(104, '双面亮光板', '', '', '', '', '', 0.000, 0.000, 0, '0000-00-00 00:00:00'),
	(105, '广告桌/架子', '', '', '', '', '\r\n', 0.000, 0.000, 0, '0000-00-00 00:00:00');
/*!40000 ALTER TABLE `t_product_information` ENABLE KEYS */;

-- 导出  表 myorder_python.t_product_outbound_order 结构
DROP TABLE IF EXISTS `t_product_outbound_order`;
CREATE TABLE IF NOT EXISTS `t_product_outbound_order` (
  `fOrderID` char(20) NOT NULL COMMENT '订单号',
  `fPrice` decimal(10,2) DEFAULT NULL COMMENT '单价',
  `fCustomerID` int(11) NOT NULL COMMENT '客户编号',
  `fOrderDate` date NOT NULL COMMENT '订单日期',
  `fRequiredDeliveryDate` date DEFAULT NULL COMMENT '客户要求交货日期',
  `fAmount` decimal(11,2) DEFAULT NULL COMMENT '金额',
  `fTax` decimal(11,2) DEFAULT NULL COMMENT '税金',
  `fPayable` decimal(11,2) DEFAULT NULL COMMENT '应付金额',
  `fDesconto` decimal(11,2) DEFAULT NULL COMMENT '折扣',
  `fEntryID` int(11) DEFAULT NULL COMMENT '录入人',
  `fSubmited` bit(1) NOT NULL DEFAULT b'0' COMMENT '提交',
  `fSubmitID` int(11) DEFAULT NULL COMMENT '提交人',
  `fReviewed` bit(1) NOT NULL DEFAULT b'0' COMMENT '已审核',
  `fReviewerID` int(11) DEFAULT NULL COMMENT '审核人',
  `fConfirmed` bit(1) NOT NULL DEFAULT b'0' COMMENT '已确认',
  `fConfirmID` int(11) DEFAULT NULL COMMENT '确认人',
  `fDelivered` bit(1) NOT NULL DEFAULT b'0' COMMENT '已交付',
  `fDelivererID` int(11) DEFAULT NULL COMMENT '交付人',
  `fCanceled` bit(1) NOT NULL DEFAULT b'0' COMMENT '已作废',
  `fCancelID` int(11) DEFAULT NULL COMMENT '作废人',
  `fDeliveryDate` date DEFAULT NULL COMMENT '交付日期',
  `fQuant` int(11) DEFAULT NULL COMMENT '数量',
  `fSucursal` bit(1) DEFAULT NULL COMMENT 'Sucursal 分公司',
  `fVendedorID` int(11) DEFAULT NULL COMMENT '销售人员',
  `fContato` varchar(20) DEFAULT NULL COMMENT '联系人',
  `fCelular` varchar(15) DEFAULT NULL COMMENT '手机',
  `fTelefone` varchar(15) DEFAULT NULL COMMENT '电话',
  `fNote` varchar(255) DEFAULT NULL COMMENT '备注',
  `TS` timestamp NOT NULL DEFAULT CURRENT_TIMESTAMP ON UPDATE CURRENT_TIMESTAMP,
  PRIMARY KEY (`fOrderID`),
  KEY `iDelivererID` (`fDelivererID`),
  KEY `iOrderDate` (`fOrderDate`)
) ENGINE=InnoDB DEFAULT CHARSET=utf8;

-- 正在导出表  myorder_python.t_product_outbound_order 的数据：~2 rows (大约)
/*!40000 ALTER TABLE `t_product_outbound_order` DISABLE KEYS */;
INSERT INTO `t_product_outbound_order` (`fOrderID`, `fPrice`, `fCustomerID`, `fOrderDate`, `fRequiredDeliveryDate`, `fAmount`, `fTax`, `fPayable`, `fDesconto`, `fEntryID`, `fSubmited`, `fSubmitID`, `fReviewed`, `fReviewerID`, `fConfirmed`, `fConfirmID`, `fDelivered`, `fDelivererID`, `fCanceled`, `fCancelID`, `fDeliveryDate`, `fQuant`, `fSucursal`, `fVendedorID`, `fContato`, `fCelular`, `fTelefone`, `fNote`, `TS`) VALUES
	('PO2019-1010000003', NULL, 3, '2019-10-10', '2019-10-08', 2.00, 0.34, 2.34, NULL, 2, b'1', NULL, b'0', NULL, b'0', NULL, b'0', NULL, b'0', NULL, NULL, NULL, b'0', NULL, '1', '873066544', NULL, NULL, '2019-10-14 11:31:38'),
	('PO2019-1014000004', NULL, 10, '2019-10-14', '2019-10-15', 4.00, 0.68, 4.68, NULL, 2, b'1', NULL, b'0', NULL, b'0', NULL, b'0', NULL, b'0', NULL, NULL, NULL, b'0', NULL, '1231', '847320606', NULL, NULL, '2019-10-14 12:24:13');
/*!40000 ALTER TABLE `t_product_outbound_order` ENABLE KEYS */;

-- 导出  表 myorder_python.t_product_outbound_order_detail 结构
DROP TABLE IF EXISTS `t_product_outbound_order_detail`;
CREATE TABLE IF NOT EXISTS `t_product_outbound_order_detail` (
  `fID` int(11) NOT NULL AUTO_INCREMENT,
  `fOrderID` char(20) DEFAULT NULL,
  `fQuant` smallint(6) DEFAULT NULL,
  `fProductID` int(11) DEFAULT NULL,
  `fPrice` decimal(11,2) DEFAULT NULL,
  `fNote` char(50) DEFAULT NULL,
  `fAmount` decimal(11,2) NOT NULL,
  `TS` timestamp NOT NULL DEFAULT CURRENT_TIMESTAMP ON UPDATE CURRENT_TIMESTAMP,
  PRIMARY KEY (`fID`)
) ENGINE=InnoDB AUTO_INCREMENT=8 DEFAULT CHARSET=utf8;

-- 正在导出表  myorder_python.t_product_outbound_order_detail 的数据：~7 rows (大约)
/*!40000 ALTER TABLE `t_product_outbound_order_detail` DISABLE KEYS */;
INSERT INTO `t_product_outbound_order_detail` (`fID`, `fOrderID`, `fQuant`, `fProductID`, `fPrice`, `fNote`, `fAmount`, `TS`) VALUES
	(1, 'CP2019-1010000161', 2, 6, 2.00, NULL, 4.00, '2019-10-10 14:12:37'),
	(2, 'CP2019-1010000162', 2, 6, 2.00, NULL, 4.00, '2019-10-10 14:12:42'),
	(3, 'CP2019-1010000163', 2, 6, 2.00, NULL, 4.00, '2019-10-10 14:12:56'),
	(4, 'PO2019-1010000001', 1, 5, 1.00, NULL, 1.00, '2019-10-10 14:15:57'),
	(5, 'PO2019-1010000002', 1, 5, 1.00, NULL, 1.00, '2019-10-10 14:16:09'),
	(6, 'PO2019-1010000003', 1, 6, 2.00, NULL, 2.00, '2019-10-10 17:55:55'),
	(7, 'PO2019-1014000004', 2, 5, 2.00, NULL, 4.00, '2019-10-14 12:22:57');
/*!40000 ALTER TABLE `t_product_outbound_order_detail` ENABLE KEYS */;

-- 导出  表 myorder_python.t_product_warehousereceipt_order 结构
DROP TABLE IF EXISTS `t_product_warehousereceipt_order`;
CREATE TABLE IF NOT EXISTS `t_product_warehousereceipt_order` (
  `fOrderID` char(20) NOT NULL COMMENT '订单号',
  `fPrice` decimal(10,2) DEFAULT NULL COMMENT '单价',
  `fSupplierID` int(11) NOT NULL COMMENT '客户编号',
  `fOrderDate` date NOT NULL COMMENT '订单日期',
  `fWarehousingDate` date DEFAULT NULL COMMENT '入库日期',
  `fAmount` decimal(11,2) DEFAULT NULL COMMENT '金额',
  `fTax` decimal(11,2) DEFAULT NULL COMMENT '税金',
  `fPayable` decimal(11,2) DEFAULT NULL COMMENT '应付金额',
  `fDesconto` decimal(11,2) DEFAULT NULL COMMENT '折扣',
  `fEntryID` int(11) DEFAULT NULL COMMENT '录入人',
  `fSubmited` bit(1) NOT NULL DEFAULT b'0' COMMENT '提交',
  `fSubmitID` int(11) DEFAULT NULL COMMENT '提交人',
  `fCanceled` bit(1) NOT NULL DEFAULT b'0' COMMENT '已作废',
  `fCancelID` int(11) DEFAULT NULL COMMENT '作废人',
  `fContato` varchar(20) DEFAULT NULL COMMENT '联系人',
  `fCelular` varchar(15) DEFAULT NULL COMMENT '手机',
  `fTelefone` varchar(15) DEFAULT NULL COMMENT '电话',
  `fNote` varchar(255) DEFAULT NULL COMMENT '备注',
  `TS` timestamp NOT NULL DEFAULT CURRENT_TIMESTAMP ON UPDATE CURRENT_TIMESTAMP,
  PRIMARY KEY (`fOrderID`),
  KEY `iOrderDate` (`fOrderDate`)
) ENGINE=InnoDB DEFAULT CHARSET=utf8;

-- 正在导出表  myorder_python.t_product_warehousereceipt_order 的数据：~0 rows (大约)
/*!40000 ALTER TABLE `t_product_warehousereceipt_order` DISABLE KEYS */;
/*!40000 ALTER TABLE `t_product_warehousereceipt_order` ENABLE KEYS */;

-- 导出  表 myorder_python.t_product_warehousereceipt_order_detail 结构
DROP TABLE IF EXISTS `t_product_warehousereceipt_order_detail`;
CREATE TABLE IF NOT EXISTS `t_product_warehousereceipt_order_detail` (
  `fID` int(11) NOT NULL AUTO_INCREMENT,
  `fOrderID` char(20) DEFAULT NULL,
  `fQuant` smallint(6) DEFAULT NULL,
  `fProductID` int(11) DEFAULT NULL,
  `fPrice` decimal(11,2) DEFAULT NULL,
  `fNote` char(50) DEFAULT NULL,
  `fAmount` decimal(11,2) NOT NULL,
  `TS` timestamp NOT NULL DEFAULT CURRENT_TIMESTAMP ON UPDATE CURRENT_TIMESTAMP,
  PRIMARY KEY (`fID`)
) ENGINE=InnoDB DEFAULT CHARSET=utf8;

-- 正在导出表  myorder_python.t_product_warehousereceipt_order_detail 的数据：~0 rows (大约)
/*!40000 ALTER TABLE `t_product_warehousereceipt_order_detail` DISABLE KEYS */;
/*!40000 ALTER TABLE `t_product_warehousereceipt_order_detail` ENABLE KEYS */;

-- 导出  表 myorder_python.t_quotation 结构
DROP TABLE IF EXISTS `t_quotation`;
CREATE TABLE IF NOT EXISTS `t_quotation` (
  `fOrderID` char(20) NOT NULL COMMENT '订单号',
  `fPrice` decimal(10,0) DEFAULT NULL COMMENT '单价_印刷',
  `fCustomerID` int(11) NOT NULL COMMENT '客户编号',
  `fOrderDate` date NOT NULL COMMENT '订单日期',
  `fEspecieID` int(11) DEFAULT NULL COMMENT '印刷分类',
  `fRequiredDeliveryDate` date DEFAULT NULL COMMENT '客户要求交货日期',
  `fCategoryID` int(11) DEFAULT NULL COMMENT '类别',
  `fBrandMateriaID` int(11) DEFAULT NULL COMMENT '品牌材料',
  `fAmount` decimal(11,2) DEFAULT NULL COMMENT '金额',
  `fTax` decimal(11,2) DEFAULT NULL COMMENT '税金',
  `fPayable` decimal(11,2) DEFAULT NULL COMMENT '应付金额',
  `fDesconto` decimal(11,2) DEFAULT NULL COMMENT '折扣',
  `fColorID` int(11) DEFAULT NULL COMMENT '颜色',
  `fEntryID` int(11) DEFAULT NULL COMMENT '录入人',
  `fSubmited` bit(1) NOT NULL DEFAULT b'0' COMMENT '提交',
  `fSubmitID` int(11) DEFAULT NULL COMMENT '提交人',
  `fReviewed` bit(1) NOT NULL DEFAULT b'0' COMMENT '已审核',
  `fReviewerID` int(11) DEFAULT NULL COMMENT '审核人',
  `fConfirmed` bit(1) NOT NULL DEFAULT b'0' COMMENT '已确认',
  `fConfirmID` int(11) DEFAULT NULL COMMENT '确认人',
  `fDelivered` bit(1) NOT NULL DEFAULT b'0' COMMENT '已交付',
  `fDelivererID` int(11) DEFAULT NULL COMMENT '交付人',
  `fCanceled` bit(1) NOT NULL DEFAULT b'0' COMMENT '已作废',
  `fCancelID` int(11) DEFAULT NULL COMMENT '作废人',
  `fDeliveryDate` date DEFAULT NULL COMMENT '交付日期',
  `fNumerBegin` int(11) DEFAULT NULL COMMENT '起始编号',
  `fQuant` int(11) DEFAULT NULL COMMENT '数量',
  `fPagePerVolumn` tinyint(4) DEFAULT NULL COMMENT '每本号数',
  `fNumerEnd` int(11) DEFAULT NULL COMMENT '结束编号',
  `fAvistaID` int(11) DEFAULT NULL COMMENT '每页单据数',
  `fTamanhoID` int(11) DEFAULT NULL COMMENT '尺寸',
  `fSucursal` bit(1) DEFAULT NULL COMMENT 'Sucursal 分公司',
  `fLogo` bit(1) DEFAULT b'0' COMMENT '标志',
  `fVendedorID` int(11) DEFAULT NULL COMMENT '销售人员',
  `fNrCopyID` int(11) DEFAULT NULL COMMENT '联次',
  `fContato` varchar(20) DEFAULT NULL COMMENT '联系人',
  `fCelular` varchar(15) DEFAULT NULL COMMENT '手机',
  `fTelefone` varchar(15) DEFAULT NULL COMMENT '电话',
  `fNote` varchar(255) DEFAULT NULL COMMENT '备注',
  `fDeliverViewed` bit(1) DEFAULT b'0' COMMENT '生产部已查阅',
  `fCreatedOrder` bit(1) DEFAULT b'0' COMMENT '已生成订单',
  `TS` timestamp NOT NULL DEFAULT CURRENT_TIMESTAMP ON UPDATE CURRENT_TIMESTAMP,
  PRIMARY KEY (`fOrderID`),
  KEY `iDelivererID` (`fDelivererID`),
  KEY `iOrderDate` (`fOrderDate`)
) ENGINE=InnoDB DEFAULT CHARSET=utf8;

-- 正在导出表  myorder_python.t_quotation 的数据：~0 rows (大约)
/*!40000 ALTER TABLE `t_quotation` DISABLE KEYS */;
/*!40000 ALTER TABLE `t_quotation` ENABLE KEYS */;

-- 导出  表 myorder_python.t_quotation_detail 结构
DROP TABLE IF EXISTS `t_quotation_detail`;
CREATE TABLE IF NOT EXISTS `t_quotation_detail` (
  `fID` int(11) NOT NULL AUTO_INCREMENT,
  `fOrderID` varchar(50) DEFAULT NULL,
  `fQuant` smallint(6) DEFAULT NULL,
  `fProductName` varchar(50) DEFAULT NULL,
  `fLength` decimal(10,3) DEFAULT NULL,
  `fWidth` decimal(10,3) DEFAULT NULL,
  `fPrice` decimal(11,2) DEFAULT NULL,
  `fAmount` decimal(11,2) DEFAULT NULL,
  `TS` timestamp NOT NULL DEFAULT CURRENT_TIMESTAMP ON UPDATE CURRENT_TIMESTAMP,
  PRIMARY KEY (`fID`)
) ENGINE=InnoDB AUTO_INCREMENT=19 DEFAULT CHARSET=utf8;

-- 正在导出表  myorder_python.t_quotation_detail 的数据：~16 rows (大约)
/*!40000 ALTER TABLE `t_quotation_detail` DISABLE KEYS */;
INSERT INTO `t_quotation_detail` (`fID`, `fOrderID`, `fQuant`, `fProductName`, `fLength`, `fWidth`, `fPrice`, `fAmount`, `TS`) VALUES
	(2, 'QS2019-0909000001', NULL, '', NULL, NULL, NULL, NULL, '2019-09-09 15:52:30'),
	(3, 'QS2019-0925000002', 2000, 'IMPRESSÃO DE BANDEIRA 1.30M*0.80M', 1.000, 1.000, 487.50, 975000.00, '2019-09-26 17:54:28'),
	(4, 'QS2019-0925000002', NULL, '', NULL, NULL, NULL, NULL, '2019-09-26 09:59:58'),
	(5, 'QS2019-0926000003', 3, 'IMP/ DE CONTRAVISION COM MONTAGEM', 1.500, 1.150, 900.00, 4657.50, '2019-09-26 15:43:29'),
	(6, 'QS2019-0926000003', 2, 'IMP/ DE CONTRAVISION COM MONTAGEM', 0.950, 0.830, 900.00, 1419.30, '2019-09-26 15:43:29'),
	(7, 'QS2019-0926000003', 1, 'PRODUCAO DE KT-BOARD', 2.700, 2.500, 1250.00, 8437.50, '2019-09-26 10:52:21'),
	(8, 'QS2019-0926000003', 1, 'IMP/ DE VINYL COM MONTAGEM', 0.500, 0.700, 900.00, 315.00, '2019-09-26 15:43:29'),
	(10, 'QS2019-0926000004', 2, 'IMP/ DE CONTRAVISION E MONTAGEM', 1.800, 1.860, 900.00, 6026.40, '2019-09-26 16:20:31'),
	(11, 'QS2019-0926000004', 1, 'IMP/ DE CONTRAVISION E MONTAGEM', 1.130, 1.870, 900.00, 1901.79, '2019-09-26 16:20:31'),
	(12, 'QS2019-0926000004', 1, 'IMP/ DE CONTRAVISION E MONTAGEM', 0.860, 1.150, 900.00, 890.10, '2019-09-26 16:20:31'),
	(13, 'QS2019-0926000004', 1, 'IMP/ DE CONTRAVISION E MONTAGEM', 0.830, 0.860, 900.00, 642.42, '2019-09-26 16:20:31'),
	(14, 'QS2019-0926000004', 1, 'PRODUCAO DE KT-BOARD', 2.500, 3.000, 1250.00, 9375.00, '2019-09-26 11:25:49'),
	(15, 'QS2019-0926000004', 1, 'IMP/ DE VINYL E MONTAGEM', 0.450, 0.550, 900.00, 222.75, '2019-09-26 16:20:31'),
	(16, 'QS2019-0926000005', 3, 'PROD DE LETREIRO 5.5* 3* C/MONT E DESLOC', 1.000, 1.000, 74250.00, 222750.00, '2019-09-26 16:11:29'),
	(17, 'QS2019-0926000005', NULL, '', NULL, NULL, NULL, NULL, '2019-09-26 16:11:29'),
	(18, 'QS2019-1011000006', 2, '2', 2.000, 2.000, 2.00, 16.00, '2019-10-11 20:06:58');
/*!40000 ALTER TABLE `t_quotation_detail` ENABLE KEYS */;

-- 导出  表 myorder_python.t_receivables 结构
DROP TABLE IF EXISTS `t_receivables`;
CREATE TABLE IF NOT EXISTS `t_receivables` (
  `fID` int(11) NOT NULL AUTO_INCREMENT,
  `fCustomerID` int(11) NOT NULL,
  `fPaymentMethodID` int(11) NOT NULL COMMENT '收款方式',
  `fReceiptDate` date NOT NULL COMMENT '收款日期',
  `fAmountCollected` decimal(11,2) NOT NULL COMMENT '金额',
  `fPayeeID` int(11) NOT NULL COMMENT '收款人',
  `fNote` varchar(255) DEFAULT NULL COMMENT '备注',
  `TS` timestamp NULL DEFAULT CURRENT_TIMESTAMP ON UPDATE CURRENT_TIMESTAMP,
  `fOrderID` char(20) DEFAULT NULL COMMENT '对应单号',
  PRIMARY KEY (`fID`)
) ENGINE=InnoDB AUTO_INCREMENT=170 DEFAULT CHARSET=utf8;

-- 正在导出表  myorder_python.t_receivables 的数据：~169 rows (大约)
/*!40000 ALTER TABLE `t_receivables` DISABLE KEYS */;
INSERT INTO `t_receivables` (`fID`, `fCustomerID`, `fPaymentMethodID`, `fReceiptDate`, `fAmountCollected`, `fPayeeID`, `fNote`, `TS`, `fOrderID`) VALUES
	(1, 1, 61, '2019-09-09', 1638.00, 7, NULL, '2019-09-16 12:02:17', 'CP2019-0909000001'),
	(2, 6, 59, '2019-09-10', 1305.60, 5, NULL, '2019-09-16 12:02:17', 'CP2019-0910000006'),
	(3, 5, 59, '2019-09-10', 407.40, 5, NULL, '2019-09-16 12:02:17', 'CP2019-0910000005'),
	(4, 2, 61, '2019-09-10', 2645.76, 5, 'MPESA BOSS', '2019-09-16 12:02:17', 'CP2019-0910000004'),
	(5, 1, 63, '2019-09-10', -1638.00, 5, NULL, '2019-09-10 12:01:26', NULL),
	(6, 2, 61, '2019-09-10', 352.35, 5, 'MPESA BOSS', '2019-09-16 12:02:17', 'CP2019-0910000008'),
	(7, 8, 61, '2019-09-10', 2500.00, 5, 'MPESA BOSS', '2019-09-16 12:02:17', 'CP2019-0910000009'),
	(8, 8, 59, '2019-09-10', 3500.00, 5, NULL, '2019-09-16 12:02:17', 'CP2019-0910000011'),
	(9, 10, 59, '2019-09-10', 1205.40, 5, 'DIBOTO', '2019-09-16 12:02:17', 'CP2019-0910000012'),
	(10, 9, 61, '2019-09-10', 3500.00, 5, 'MPESA BOSS', '2019-09-16 12:02:17', 'CP2019-0910000011'),
	(11, 12, 63, '2019-09-10', 400.00, 5, NULL, '2019-09-16 12:02:17', 'CP2019-0910000013'),
	(12, 4, 59, '2019-09-11', 2250.00, 5, NULL, '2019-09-16 12:02:17', 'CP2019-0911000014'),
	(13, 13, 61, '2019-09-11', 648.00, 5, 'MPESA BOSS', '2019-09-16 12:02:17', 'CP2019-0911000015'),
	(14, 14, 61, '2019-09-11', 3137.94, 5, NULL, '2019-09-16 12:02:17', 'CP2019-0911000016'),
	(15, 16, 61, '2019-09-11', 2850.00, 5, 'MPESA BOSS', '2019-09-16 12:02:17', 'CP2019-0911000018'),
	(16, 15, 59, '2019-09-11', 740.00, 5, NULL, '2019-09-16 12:02:17', 'CP2019-0911000017'),
	(17, 17, 59, '2019-09-11', 2640.00, 5, NULL, '2019-09-16 12:02:17', 'CP2019-0911000019'),
	(18, 18, 59, '2019-09-11', 360.00, 5, NULL, '2019-09-16 12:02:17', 'CP2019-0911000020'),
	(19, 19, 63, '2019-09-11', 200.00, 5, NULL, '2019-09-16 12:02:17', 'CP2019-0911000021'),
	(20, 20, 59, '2019-09-11', 1205.40, 5, NULL, '2019-09-16 12:02:17', 'CP2019-0911000024'),
	(21, 21, 59, '2019-09-11', 5560.00, 5, NULL, '2019-09-16 12:02:17', 'CP2019-0911000025'),
	(22, 12, 63, '2019-09-11', 239.04, 5, NULL, '2019-09-16 12:02:17', 'CP2019-0911000026'),
	(23, 22, 59, '2019-09-12', 1200.00, 5, NULL, '2019-09-16 12:02:17', 'TP2019-0912000013'),
	(24, 24, 99, '2019-09-12', 2000.00, 5, NULL, '2019-09-12 11:56:42', NULL),
	(25, 6, 59, '2019-09-12', 756.00, 5, NULL, '2019-09-16 12:02:17', 'CP2019-0912000032'),
	(26, 27, 59, '2019-09-12', 200.00, 5, NULL, '2019-09-16 12:02:17', 'CP2019-0912000034'),
	(27, 21, 59, '2019-09-12', 582.12, 5, NULL, '2019-09-16 12:02:17', 'CP2019-0912000036'),
	(28, 25, 59, '2019-09-12', 1540.00, 5, NULL, '2019-09-12 14:09:20', NULL),
	(29, 29, 59, '2019-09-12', 1120.00, 5, NULL, '2019-09-16 12:02:17', 'CP2019-0912000037'),
	(30, 30, 59, '2019-09-12', 32500.00, 5, NULL, '2019-09-12 14:46:20', NULL),
	(31, 28, 99, '2019-09-12', 3565.00, 5, NULL, '2019-09-16 12:02:17', 'CP2019-0912000035'),
	(32, 14, 61, '2019-09-12', 8190.00, 5, NULL, '2019-09-16 12:02:17', 'CP2019-0912000041'),
	(33, 4, 59, '2019-09-12', 11500.00, 5, NULL, '2019-09-12 16:06:16', NULL),
	(34, 33, 59, '2019-09-12', 6200.00, 5, NULL, '2019-09-12 16:08:52', NULL),
	(35, 6, 59, '2019-09-12', 203.52, 5, NULL, '2019-09-16 12:02:17', 'CP2019-0912000039'),
	(36, 31, 59, '2019-09-12', 600.00, 5, NULL, '2019-09-16 12:02:17', 'CP2019-0912000040'),
	(37, 25, 59, '2019-09-12', 60.00, 2, NULL, '2019-09-12 20:31:19', NULL),
	(38, 35, 59, '2019-09-13', 2201.60, 5, NULL, '2019-09-16 12:02:17', 'CP2019-0913000045'),
	(39, 36, 99, '2019-09-13', 1400.00, 5, NULL, '2019-09-16 12:02:17', 'CP2019-0913000048'),
	(40, 37, 59, '2019-09-13', 13860.00, 5, NULL, '2019-09-16 12:02:17', 'CP2019-0913000047'),
	(41, 38, 59, '2019-09-13', 1400.00, 5, NULL, '2019-09-16 12:02:17', 'CP2019-0913000048'),
	(42, 39, 59, '2019-09-13', 15500.00, 5, NULL, '2019-09-16 12:02:17', 'CP2019-0913000050'),
	(43, 40, 59, '2019-09-13', 7300.00, 5, NULL, '2019-09-13 12:47:27', NULL),
	(44, 24, 59, '2019-09-13', 400.00, 5, NULL, '2019-09-16 12:02:17', NULL),
	(45, 41, 99, '2019-09-13', 450.00, 5, NULL, '2019-09-16 12:02:17', 'CP2019-0913000052'),
	(46, 42, 59, '2019-09-13', 900.00, 5, NULL, '2019-09-16 12:02:17', 'CP2019-0913000053'),
	(47, 7, 59, '2019-09-13', 468.00, 5, NULL, '2019-09-16 12:02:17', 'CP2019-0913000049'),
	(48, 43, 59, '2019-09-13', 1650.00, 5, NULL, '2019-09-13 14:13:03', NULL),
	(49, 37, 59, '2019-09-13', 200.00, 5, NULL, '2019-09-16 12:02:17', 'CP2019-0913000054'),
	(50, 44, 99, '2019-09-13', 441.00, 5, NULL, '2019-09-16 12:02:17', 'CP2019-0913000056'),
	(51, 45, 99, '2019-09-13', 830.08, 5, NULL, '2019-09-16 12:02:17', 'CP2019-0913000058'),
	(52, 30, 59, '2019-09-13', 32500.00, 5, NULL, '2019-09-16 12:02:17', NULL),
	(53, 5, 99, '2019-09-13', 3257.80, 5, NULL, '2019-09-16 12:02:17', 'CP2019-0913000057'),
	(54, 46, 59, '2019-09-13', 20000.00, 2, NULL, '2019-09-16 12:02:17', 'CP2019-0913000060'),
	(55, 27, 59, '2019-09-14', 1800.00, 5, NULL, '2019-09-16 12:02:17', 'CP2019-0914000061'),
	(56, 48, 59, '2019-09-14', 3600.00, 5, NULL, '2019-09-16 12:02:17', 'CP2019-0914000063'),
	(57, 29, 59, '2019-09-14', 2000.00, 5, NULL, '2019-09-16 12:02:17', NULL),
	(58, 34, 59, '2019-09-14', 4800.00, 5, NULL, '2019-09-16 12:02:17', NULL),
	(59, 27, 99, '2019-09-14', 5000.00, 5, NULL, '2019-09-14 10:52:42', NULL),
	(60, 26, 63, '2019-09-14', 1200.00, 5, NULL, '2019-09-16 12:02:18', 'TP2019-0914000016'),
	(61, 4, 59, '2019-09-14', 4197.50, 5, NULL, '2019-09-16 12:02:17', NULL),
	(62, 50, 59, '2019-09-14', 200.00, 5, NULL, '2019-09-16 12:02:17', 'CP2019-0914000065'),
	(63, 26, 63, '2019-09-14', 2808.00, 5, NULL, '2019-09-16 12:02:18', 'TP2019-0914000017'),
	(64, 49, 63, '2019-09-14', 1200.00, 5, NULL, '2019-09-16 12:02:18', 'TP2019-0914000016'),
	(65, 27, 59, '2019-09-14', 3400.00, 5, NULL, '2019-09-14 12:53:10', NULL),
	(66, 26, 63, '2019-09-14', 5208.00, 2, NULL, '2019-09-16 12:02:18', NULL),
	(67, 51, 59, '2019-09-16', 600.00, 5, NULL, '2019-09-16 12:02:17', 'CP2019-0916000067'),
	(68, 52, 59, '2019-09-16', 6000.00, 5, NULL, '2019-09-16 12:02:17', 'CP2019-0916000068'),
	(69, 39, 63, '2019-09-16', 300.00, 5, NULL, '2019-09-16 12:02:17', 'CP2019-0916000070'),
	(70, 5, 59, '2019-09-16', 1400.00, 5, NULL, '2019-09-16 12:02:17', 'CP2019-0916000073'),
	(71, 39, 59, '2019-09-16', 1200.00, 5, NULL, '2019-09-16 15:00:57', 'CP2019-0916000074'),
	(72, 33, 59, '2019-09-16', 800.00, 5, NULL, '2019-09-16 16:18:39', 'DIBOTO'),
	(73, 54, 59, '2019-09-16', 3000.00, 5, NULL, '2019-09-16 16:28:23', 'CP2019-0916000075'),
	(74, 33, 59, '2019-09-16', 5500.00, 5, NULL, '2019-09-16 16:32:44', 'CP2019-0916000076'),
	(75, 55, 59, '2019-09-17', 2057.00, 5, NULL, '2019-09-17 09:03:52', 'CP2019-0917000077'),
	(76, 56, 59, '2019-09-17', 1000.00, 5, NULL, '2019-09-17 10:31:46', 'CP2019-0917000078'),
	(77, 7, 59, '2019-09-17', 468.00, 5, NULL, '2019-09-17 11:32:47', 'DIBOTO'),
	(78, 7, 59, '2019-09-17', 35000.00, 5, NULL, '2019-09-17 11:33:08', 'DIBOTO'),
	(79, 7, 59, '2019-09-17', 2948.40, 5, NULL, '2019-09-17 11:37:24', 'DIBOTO'),
	(80, 59, 59, '2019-09-17', 1192.80, 5, NULL, '2019-09-17 12:20:22', 'CP2019-0917000081'),
	(81, 12, 63, '2019-09-17', 13449.47, 5, NULL, '2019-09-17 13:34:33', 'CP2019-0917000083'),
	(82, 12, 59, '2019-09-17', 40150.53, 5, NULL, '2019-09-17 13:43:50', 'CP2019-0917000083'),
	(83, 12, 63, '2019-09-17', -40151.00, 2, 'Errado', '2019-09-17 14:26:49', 'DIBOTO'),
	(84, 12, 63, '2019-09-17', -13449.00, 2, 'Errado', '2019-09-17 14:27:12', 'DIBOTO'),
	(85, 43, 59, '2019-09-17', 78.00, 5, NULL, '2019-09-17 14:42:57', 'DIBOTO'),
	(86, 57, 59, '2019-09-17', 200.00, 5, NULL, '2019-09-17 15:14:27', 'CP2019-0917000079'),
	(87, 29, 59, '2019-09-17', 5804.00, 5, NULL, '2019-09-17 17:09:36', 'CP2019-0917000084'),
	(88, 62, 59, '2019-09-17', 12402.00, 5, NULL, '2019-09-17 17:10:03', 'CP2019-0917000086'),
	(89, 12, 59, '2019-09-17', 4151.00, 2, NULL, '2019-09-17 17:48:19', 'CP2019-0917000083'),
	(90, 12, 63, '2019-09-17', 12811.00, 2, NULL, '2019-09-17 17:54:10', 'CP2019-0917000083'),
	(91, 56, 59, '2019-09-18', 770.00, 5, NULL, '2019-09-18 08:29:38', 'DIBOTO'),
	(92, 42, 59, '2019-09-18', 1800.00, 5, NULL, '2019-09-18 10:37:17', 'CP2019-0918000087'),
	(93, 56, 59, '2019-09-18', 1000.00, 5, NULL, '2019-09-18 15:26:14', 'CP2019-0918000090'),
	(94, 7, 61, '2019-09-18', 2106.00, 5, NULL, '2019-09-18 15:26:56', 'CP2019-0918000088'),
	(95, 29, 59, '2019-09-18', 2304.00, 5, NULL, '2019-09-18 15:27:49', 'CP2019-0918000089'),
	(96, 40, 59, '2019-09-18', 1400.00, 5, NULL, '2019-09-18 16:02:31', 'CP2019-0918000092'),
	(97, 63, 59, '2019-09-18', 2520.00, 5, NULL, '2019-09-18 16:02:52', 'CP2019-0918000091'),
	(98, 40, 59, '2019-09-18', 6900.00, 5, NULL, '2019-09-18 16:22:54', 'CP2019-0918000093'),
	(99, 46, 59, '2019-09-19', 3500.00, 5, NULL, '2019-09-19 10:36:15', 'CP2019-0919000094'),
	(100, 56, 59, '2019-09-19', 500.00, 5, NULL, '2019-09-19 10:36:42', 'DIBOTO'),
	(101, 64, 59, '2019-09-19', 1400.00, 5, NULL, '2019-09-19 11:41:39', 'CP2019-0919000097'),
	(102, 11, 59, '2019-09-19', 384.00, 5, NULL, '2019-09-19 11:41:58', 'CP2019-0919000096'),
	(103, 56, 59, '2019-09-19', 2100.00, 5, NULL, '2019-09-19 14:55:59', 'CP2019-0919000098'),
	(104, 65, 59, '2019-09-19', 2500.00, 5, NULL, '2019-09-19 14:56:27', 'CP2019-0919000099'),
	(105, 66, 59, '2019-09-19', 888.00, 5, NULL, '2019-09-19 14:56:58', 'CP2019-0919000100'),
	(106, 67, 59, '2019-09-19', 1404.00, 5, NULL, '2019-09-19 14:57:25', 'CP2019-0919000101'),
	(107, 68, 59, '2019-09-19', 1800.00, 5, NULL, '2019-09-19 14:57:49', 'CP2019-0919000102'),
	(108, 37, 59, '2019-09-19', 5285.00, 5, NULL, '2019-09-19 14:58:34', 'CP2019-0919000103'),
	(109, 40, 59, '2019-09-19', 2100.00, 5, NULL, '2019-09-19 16:18:22', 'CP2019-0919000104'),
	(110, 37, 59, '2019-09-19', 422.40, 5, NULL, '2019-09-19 16:19:05', 'CP2019-0919000105'),
	(111, 12, 59, '2019-09-20', 638.00, 5, NULL, '2019-09-20 10:13:27', 'DIBOTO'),
	(112, 69, 59, '2019-09-20', 384.00, 5, NULL, '2019-09-20 11:54:44', 'CP2019-0920000106'),
	(113, 68, 59, '2019-09-20', 3500.00, 5, NULL, '2019-09-20 14:05:42', 'CP2019-0920000107'),
	(114, 70, 59, '2019-09-20', 1638.00, 5, NULL, '2019-09-20 14:07:35', 'CP2019-0920000108'),
	(115, 41, 59, '2019-09-20', 798.00, 5, NULL, '2019-09-20 15:09:54', 'CP2019-0920000109'),
	(116, 71, 59, '2019-09-20', 640.00, 5, NULL, '2019-09-20 15:51:09', 'CP2019-0920000110'),
	(117, 2, 59, '2019-09-20', 1800.00, 5, NULL, '2019-09-20 16:31:26', 'CP2019-0920000111'),
	(118, 72, 59, '2019-09-23', 5000.00, 5, NULL, '2019-09-23 10:48:26', 'CP2019-0923000112'),
	(119, 73, 59, '2019-09-23', 200.00, 5, NULL, '2019-09-23 13:45:31', 'CP2019-0923000113'),
	(120, 74, 59, '2019-09-23', 396.48, 5, NULL, '2019-09-23 13:52:10', 'CP2019-0923000114'),
	(121, 75, 59, '2019-09-23', 2100.00, 5, NULL, '2019-09-23 15:00:13', 'CP2019-0923000116'),
	(122, 3, 62, '2019-09-23', 57985.20, 5, NULL, '2019-09-23 15:37:33', 'CP2019-0923000117'),
	(123, 40, 59, '2019-09-23', 6900.00, 5, NULL, '2019-09-23 16:33:01', 'CP2019-0923000118'),
	(124, 27, 59, '2019-09-24', 2000.00, 5, NULL, '2019-09-24 08:44:51', 'CP2019-0924000119'),
	(125, 76, 59, '2019-09-24', 400.00, 5, NULL, '2019-09-24 09:36:13', 'CP2019-0924000120'),
	(126, 77, 59, '2019-09-24', 560.00, 5, NULL, '2019-09-24 09:37:35', 'CP2019-0924000121'),
	(127, 43, 59, '2019-09-24', 1400.00, 5, '24/09', '2019-09-24 11:34:14', 'DIBOTO'),
	(128, 66, 59, '2019-09-24', 348.00, 5, NULL, '2019-09-24 13:20:55', 'CP2019-0924000122'),
	(129, 36, 59, '2019-09-24', 2200.00, 5, NULL, '2019-09-24 14:09:32', 'CP2019-0924000123'),
	(130, 68, 59, '2019-09-24', 480.00, 5, NULL, '2019-09-24 14:10:04', 'CP2019-0924000124'),
	(131, 42, 59, '2019-09-24', 5162.00, 5, NULL, '2019-09-24 14:28:44', 'CP2019-0924000125'),
	(132, 11, 59, '2019-09-24', 336.00, 5, NULL, '2019-09-24 17:10:38', 'CP2019-0924000126'),
	(133, 78, 59, '2019-09-24', 400.00, 5, NULL, '2019-09-24 17:11:33', 'DIBOTO'),
	(134, 51, 59, '2019-09-24', 600.00, 5, NULL, '2019-09-24 17:11:56', 'CP2019-0924000128'),
	(135, 84, 59, '2019-09-24', 20000.00, 5, NULL, '2019-09-24 17:12:26', 'CP2019-0924000129'),
	(136, 90, 59, '2019-09-24', 7574.88, 5, NULL, '2019-09-24 17:13:31', 'CP2019-0924000130'),
	(137, 36, 59, '2019-09-24', 2200.00, 5, NULL, '2019-09-24 17:17:19', 'CP2019-0924000123'),
	(138, 42, 59, '2019-09-26', 638.28, 5, NULL, '2019-09-26 09:57:09', 'CP2019-0926000131'),
	(139, 95, 59, '2019-09-26', 7500.00, 5, NULL, '2019-09-26 11:41:34', 'CP2019-0926000132'),
	(140, 96, 59, '2019-09-26', 2784.00, 5, NULL, '2019-09-26 11:42:04', 'CP2019-0926000133'),
	(141, 64, 59, '2019-09-26', 200.00, 5, NULL, '2019-09-26 13:56:24', 'CP2019-0926000134'),
	(142, 43, 59, '2019-09-26', 1400.00, 5, NULL, '2019-09-26 14:46:19', 'DIBOTO'),
	(143, 64, 59, '2019-09-26', 40.00, 5, NULL, '2019-09-26 14:53:53', 'CP2019-0926000134'),
	(144, 2, 59, '2019-09-26', 1200.00, 5, NULL, '2019-09-26 16:00:58', 'CP2019-0926000136'),
	(145, 97, 59, '2019-09-26', 1400.00, 5, NULL, '2019-09-26 16:01:18', 'CP2019-0926000137'),
	(146, 95, 59, '2019-09-26', 5500.00, 5, NULL, '2019-09-26 16:07:32', 'CP2019-0926000132'),
	(147, 91, 60, '2019-09-26', 9750000.00, 2, NULL, '2019-09-26 17:57:44', 'CP2019-0926000138'),
	(148, 91, 63, '2019-09-26', -8775000.00, 2, NULL, '2019-09-26 18:01:23', 'DIBOTO'),
	(149, 54, 59, '2019-09-27', 2100.00, 5, NULL, '2019-09-27 10:40:53', 'CP2019-0927000139'),
	(150, 56, 59, '2019-09-27', 6000.00, 5, NULL, '2019-09-27 10:41:18', 'CP2019-0927000140'),
	(151, 13, 59, '2019-09-27', 1900.96, 5, NULL, '2019-09-27 10:41:50', 'CP2019-0927000141'),
	(152, 84, 59, '2019-09-27', 41425.00, 5, NULL, '2019-09-27 11:03:25', 'DIBOTO'),
	(153, 98, 59, '2019-09-27', 1500.00, 5, NULL, '2019-09-27 11:43:36', 'CP2019-0927000142'),
	(154, 99, 59, '2019-09-27', 3672.00, 5, NULL, '2019-09-27 13:42:56', 'CP2019-0927000143'),
	(155, 90, 59, '2019-09-27', 10000.00, 5, NULL, '2019-09-27 13:44:07', 'CP2019-0927000144'),
	(156, 16, 59, '2019-09-27', 358.44, 5, NULL, '2019-09-27 13:44:45', 'CP2019-0927000145'),
	(157, 45, 99, '2019-09-27', 848.00, 5, NULL, '2019-09-27 14:22:05', 'CP2019-0927000146'),
	(158, 36, 59, '2019-09-27', 640.00, 5, NULL, '2019-09-27 15:26:22', 'CP2019-0927000147'),
	(159, 100, 59, '2019-09-27', 500.00, 5, NULL, '2019-09-27 15:26:50', 'CP2019-0927000148'),
	(160, 16, 59, '2019-09-27', 784.00, 5, NULL, '2019-09-27 15:51:18', 'CP2019-0927000149'),
	(161, 48, 59, '2019-09-27', 2376.00, 5, NULL, '2019-09-27 15:52:58', 'CP2019-0927000150'),
	(162, 98, 59, '2019-09-27', 500.00, 5, NULL, '2019-09-27 16:40:31', 'CP2019-0927000142'),
	(163, 101, 59, '2019-09-27', 6500.00, 5, NULL, '2019-09-27 16:50:47', 'CP2019-0927000152'),
	(164, 37, 59, '2019-09-27', 1500.00, 5, NULL, '2019-09-27 16:58:13', 'CP2019-0927000151'),
	(165, 102, 62, '2019-09-27', 4095.00, 5, NULL, '2019-09-27 17:09:14', 'CP2019-0927000153'),
	(166, 103, 59, '2019-09-27', 800.00, 5, NULL, '2019-09-27 17:09:35', 'CP2019-0927000154'),
	(167, 76, 59, '2019-09-28', 5000.00, 5, NULL, '2019-09-28 08:57:06', 'CP2019-0928000155'),
	(168, 37, 59, '2019-09-28', 1500.00, 5, NULL, '2019-09-28 09:30:55', 'CP2019-0928000157'),
	(169, 7, 59, '2019-09-28', 288.00, 5, NULL, '2019-09-28 11:03:05', 'CP2019-0928000156');
/*!40000 ALTER TABLE `t_receivables` ENABLE KEYS */;

-- 导出  表 myorder_python.t_supplier 结构
DROP TABLE IF EXISTS `t_supplier`;
CREATE TABLE IF NOT EXISTS `t_supplier` (
  `fSupplierID` int(11) NOT NULL AUTO_INCREMENT,
  `fSupplierName` varchar(50) NOT NULL COMMENT '客户名',
  `fNUIT` varchar(25) DEFAULT NULL COMMENT '税号',
  `fCity` varchar(30) DEFAULT NULL COMMENT '所在地 Mordo',
  `fContato` varchar(20) DEFAULT NULL COMMENT '联系人',
  `fAreaCode` varchar(15) DEFAULT NULL COMMENT '区号',
  `fCelular` varchar(15) DEFAULT NULL COMMENT '手机',
  `fTelefone` varchar(15) DEFAULT NULL COMMENT '电话',
  `fEndereco` varchar(15) DEFAULT NULL COMMENT '地址',
  `fEmail` varchar(50) DEFAULT NULL COMMENT '电子邮件',
  `fWeb` varchar(50) DEFAULT NULL COMMENT '主页',
  `fFax` varchar(15) DEFAULT NULL COMMENT '传真',
  `fNote` varchar(255) DEFAULT NULL,
  `TS` timestamp NOT NULL DEFAULT CURRENT_TIMESTAMP ON UPDATE CURRENT_TIMESTAMP,
  `fTaxRegCer` varchar(50) DEFAULT NULL COMMENT '税务登记证',
  PRIMARY KEY (`fSupplierID`),
  UNIQUE KEY `OnlyOne` (`fSupplierName`),
  UNIQUE KEY `fNUIT` (`fNUIT`)
) ENGINE=InnoDB DEFAULT CHARSET=utf8;

-- 正在导出表  myorder_python.t_supplier 的数据：~0 rows (大约)
/*!40000 ALTER TABLE `t_supplier` DISABLE KEYS */;
/*!40000 ALTER TABLE `t_supplier` ENABLE KEYS */;

-- 导出  视图 myorder_python.v_enumeration 结构
DROP VIEW IF EXISTS `v_enumeration`;
-- 创建临时表以解决视图依赖性错误
CREATE TABLE `v_enumeration` (
	`fTypeID` INT(11) NOT NULL,
	`fTypeName` VARCHAR(20) NOT NULL COLLATE 'utf8_general_ci',
	`fItemID` INT(11) NULL COMMENT '选项编号',
	`fTitle` VARCHAR(50) NULL COLLATE 'utf8_general_ci',
	`fSpare1` VARCHAR(50) NULL COMMENT '备用1' COLLATE 'utf8_general_ci',
	`fSpare2` VARCHAR(50) NULL COMMENT '备用2' COLLATE 'utf8_general_ci',
	`fNote` VARCHAR(255) NULL COLLATE 'utf8_general_ci'
) ENGINE=MyISAM;

-- 导出  视图 myorder_python.v_order 结构
DROP VIEW IF EXISTS `v_order`;
-- 创建临时表以解决视图依赖性错误
CREATE TABLE `v_order` (
	`fOrderID` CHAR(20) NOT NULL COMMENT '订单号' COLLATE 'utf8_general_ci',
	`fPrice` DECIMAL(10,2) NULL COMMENT '单价_印刷',
	`fCustomerID` INT(11) NOT NULL COMMENT '客户编号',
	`fOrderDate` DATE NOT NULL COMMENT '订单日期',
	`fEspecieID` INT(11) NULL COMMENT '印刷分类',
	`fRequiredDeliveryDate` DATE NULL COMMENT '客户要求交货日期',
	`fCategoryID` INT(11) NULL COMMENT '类别',
	`fBrandMateriaID` INT(11) NULL COMMENT '品牌材料',
	`fAmount` DECIMAL(11,2) NULL COMMENT '金额',
	`fTax` DECIMAL(11,2) NULL COMMENT '税金',
	`fPayable` DECIMAL(11,2) NULL COMMENT '应付金额',
	`fDesconto` DECIMAL(11,2) NULL COMMENT '折扣',
	`fColorID` INT(11) NULL COMMENT '颜色',
	`fEntryID` INT(11) NULL COMMENT '录入人',
	`fSubmited` INT(2) UNSIGNED NOT NULL,
	`fSubmitID` INT(11) NULL COMMENT '提交人',
	`fReviewed` INT(2) UNSIGNED NOT NULL,
	`fReviewerID` INT(11) NULL COMMENT '审核人',
	`fConfirmed` INT(2) UNSIGNED NOT NULL,
	`fConfirmID` INT(11) NULL COMMENT '确认人',
	`fDelivered` INT(2) UNSIGNED NOT NULL,
	`fDelivererID` INT(11) NULL COMMENT '交付人',
	`fCanceled` INT(2) UNSIGNED NOT NULL,
	`fDeliverViewed` INT(2) UNSIGNED NULL,
	`fCancelID` INT(11) NULL COMMENT '作废人',
	`fDeliveryDate` DATE NULL COMMENT '交付日期',
	`fNumerBegin` INT(11) NULL COMMENT '起始编号',
	`fQuant` INT(11) NULL COMMENT '数量',
	`fPagePerVolumn` SMALLINT(6) NULL COMMENT '每本号数',
	`fNumerEnd` INT(11) NULL COMMENT '结束编号',
	`fAvistaID` INT(11) NULL COMMENT '每页单据数',
	`fTamanhoID` INT(11) NULL COMMENT '尺寸',
	`fSucursal` INT(2) UNSIGNED NULL,
	`fLogo` INT(2) UNSIGNED NULL,
	`fVendedorID` INT(11) NULL COMMENT '销售人员',
	`fNrCopyID` INT(11) NULL COMMENT '联次',
	`fContato` VARCHAR(20) NULL COMMENT '联系人' COLLATE 'utf8_general_ci',
	`fCelular` VARCHAR(15) NULL COMMENT '手机' COLLATE 'utf8_general_ci',
	`fTelefone` VARCHAR(15) NULL COMMENT '电话' COLLATE 'utf8_general_ci',
	`fNote` VARCHAR(255) NULL COMMENT '备注' COLLATE 'utf8_general_ci',
	`fTaxRegCer` VARCHAR(50) NULL COMMENT '税务登记证' COLLATE 'utf8_general_ci',
	`fCustomerName` VARCHAR(50) NULL COMMENT '客户名' COLLATE 'utf8_general_ci',
	`fNUIT` VARCHAR(25) NULL COMMENT '税号' COLLATE 'utf8_general_ci',
	`fCity` VARCHAR(30) NULL COMMENT '所在地 Mordo' COLLATE 'utf8_general_ci',
	`fEndereco` VARCHAR(15) NULL COMMENT '地址' COLLATE 'utf8_general_ci',
	`fSucursal1` VARCHAR(3) NULL COLLATE 'utf8mb4_general_ci',
	`fSubmited1` VARCHAR(3) NOT NULL COLLATE 'utf8mb4_general_ci',
	`fConfirmed1` VARCHAR(3) NOT NULL COLLATE 'utf8mb4_general_ci',
	`fDelivered1` VARCHAR(3) NOT NULL COLLATE 'utf8mb4_general_ci',
	`fCanceled1` VARCHAR(8) NOT NULL COLLATE 'utf8mb4_general_ci',
	`fDeliverViewed1` VARCHAR(3) NULL COLLATE 'utf8mb4_general_ci',
	`fLogo1` VARCHAR(3) NULL COLLATE 'utf8mb4_general_ci',
	`fSubmit_Name` VARCHAR(20) NULL COLLATE 'utf8_general_ci',
	`fEntry_Name` VARCHAR(20) NULL COLLATE 'utf8_general_ci',
	`fReviewer_Name` VARCHAR(20) NULL COLLATE 'utf8_general_ci',
	`fDeliverer_Name` VARCHAR(20) NULL COLLATE 'utf8_general_ci',
	`fConfirm_Name` VARCHAR(20) NULL COLLATE 'utf8_general_ci',
	`fCancel_Name` VARCHAR(20) NULL COLLATE 'utf8_general_ci',
	`fEspecie` VARCHAR(50) NULL COLLATE 'utf8_general_ci',
	`fCategory` VARCHAR(50) NULL COLLATE 'utf8_general_ci',
	`fBrandMateria` VARCHAR(50) NULL COLLATE 'utf8_general_ci',
	`fColor` VARCHAR(50) NULL COLLATE 'utf8_general_ci',
	`fAvista` VARCHAR(50) NULL COLLATE 'utf8_general_ci',
	`fTamanho` VARCHAR(50) NULL COLLATE 'utf8_general_ci',
	`fVendedor` VARCHAR(50) NULL COLLATE 'utf8_general_ci',
	`fNrCopy` VARCHAR(50) NULL COLLATE 'utf8_general_ci'
) ENGINE=MyISAM;

-- 导出  视图 myorder_python.v_order_readonly 结构
DROP VIEW IF EXISTS `v_order_readonly`;
-- 创建临时表以解决视图依赖性错误
CREATE TABLE `v_order_readonly` (
	`fOrderID` CHAR(20) NOT NULL COMMENT '订单号' COLLATE 'utf8_general_ci',
	`fPrice` DECIMAL(10,2) NULL COMMENT '单价_印刷',
	`fCustomerID` INT(11) NOT NULL COMMENT '客户编号',
	`fOrderDate` DATE NOT NULL COMMENT '订单日期',
	`fEspecieID` INT(11) NULL COMMENT '印刷分类',
	`fRequiredDeliveryDate` DATE NULL COMMENT '客户要求交货日期',
	`fCategoryID` INT(11) NULL COMMENT '类别',
	`fBrandMateriaID` INT(11) NULL COMMENT '品牌材料',
	`fAmount` DECIMAL(11,2) NULL COMMENT '金额',
	`fTax` DECIMAL(11,2) NULL COMMENT '税金',
	`fPayable` DECIMAL(11,2) NULL COMMENT '应付金额',
	`fDesconto` DECIMAL(11,2) NULL COMMENT '折扣',
	`fColorID` INT(11) NULL COMMENT '颜色',
	`fEntryID` INT(11) NULL COMMENT '录入人',
	`fSubmited` BIT(1) NOT NULL COMMENT '提交',
	`fSubmitID` INT(11) NULL COMMENT '提交人',
	`fReviewed` BIT(1) NOT NULL COMMENT '已审核',
	`fReviewerID` INT(11) NULL COMMENT '审核人',
	`fConfirmed` BIT(1) NOT NULL COMMENT '已确认',
	`fConfirmID` INT(11) NULL COMMENT '确认人',
	`fDelivered` BIT(1) NOT NULL COMMENT '已交付',
	`fDelivererID` INT(11) NULL COMMENT '交付人',
	`fCanceled` BIT(1) NOT NULL COMMENT '已作废',
	`fCancelID` INT(11) NULL COMMENT '作废人',
	`fDeliveryDate` DATE NULL COMMENT '交付日期',
	`fNumerBegin` INT(11) NULL COMMENT '起始编号',
	`fQuant` INT(11) NULL COMMENT '数量',
	`fPagePerVolumn` SMALLINT(6) NULL COMMENT '每本号数',
	`fNumerEnd` INT(11) NULL COMMENT '结束编号',
	`fAvistaID` INT(11) NULL COMMENT '每页单据数',
	`fTamanhoID` INT(11) NULL COMMENT '尺寸',
	`fSucursal` BIT(1) NULL COMMENT 'Sucursal 分公司',
	`fLogo` BIT(1) NULL COMMENT '标志',
	`fVendedorID` INT(11) NULL COMMENT '销售人员',
	`fNrCopyID` INT(11) NULL COMMENT '联次',
	`fContato` VARCHAR(20) NULL COMMENT '联系人' COLLATE 'utf8_general_ci',
	`fCelular` VARCHAR(15) NULL COMMENT '手机' COLLATE 'utf8_general_ci',
	`fTelefone` VARCHAR(15) NULL COMMENT '电话' COLLATE 'utf8_general_ci',
	`fNote` VARCHAR(255) NULL COMMENT '备注' COLLATE 'utf8_general_ci',
	`fCustomerName` VARCHAR(50) NULL COMMENT '客户名' COLLATE 'utf8_general_ci',
	`fNUIT` VARCHAR(25) NULL COMMENT '税号' COLLATE 'utf8_general_ci',
	`fCity` VARCHAR(30) NULL COMMENT '所在地 Mordo' COLLATE 'utf8_general_ci',
	`fAreaCode` VARCHAR(15) NULL COMMENT '区号' COLLATE 'utf8_general_ci',
	`fEndereco` VARCHAR(15) NULL COMMENT '地址' COLLATE 'utf8_general_ci',
	`fEmail` VARCHAR(50) NULL COMMENT '电子邮件' COLLATE 'utf8_general_ci',
	`fWeb` VARCHAR(50) NULL COMMENT '主页' COLLATE 'utf8_general_ci'
) ENGINE=MyISAM;

-- 导出  视图 myorder_python.v_quotation 结构
DROP VIEW IF EXISTS `v_quotation`;
-- 创建临时表以解决视图依赖性错误
CREATE TABLE `v_quotation` (
	`fOrderID` CHAR(20) NOT NULL COMMENT '订单号' COLLATE 'utf8_general_ci',
	`fPrice` DECIMAL(10,0) NULL COMMENT '单价_印刷',
	`fCustomerID` INT(11) NOT NULL COMMENT '客户编号',
	`fOrderDate` DATE NOT NULL COMMENT '订单日期',
	`fEspecieID` INT(11) NULL COMMENT '印刷分类',
	`fRequiredDeliveryDate` DATE NULL COMMENT '客户要求交货日期',
	`fCategoryID` INT(11) NULL COMMENT '类别',
	`fBrandMateriaID` INT(11) NULL COMMENT '品牌材料',
	`fAmount` DECIMAL(11,2) NULL COMMENT '金额',
	`fTax` DECIMAL(11,2) NULL COMMENT '税金',
	`fPayable` DECIMAL(11,2) NULL COMMENT '应付金额',
	`fDesconto` DECIMAL(11,2) NULL COMMENT '折扣',
	`fColorID` INT(11) NULL COMMENT '颜色',
	`fEntryID` INT(11) NULL COMMENT '录入人',
	`fSubmited` INT(2) UNSIGNED NOT NULL,
	`fSubmitID` INT(11) NULL COMMENT '提交人',
	`fReviewed` INT(2) UNSIGNED NOT NULL,
	`fReviewerID` INT(11) NULL COMMENT '审核人',
	`fConfirmed` INT(2) UNSIGNED NOT NULL,
	`fConfirmID` INT(11) NULL COMMENT '确认人',
	`fDelivered` INT(2) UNSIGNED NOT NULL,
	`fDelivererID` INT(11) NULL COMMENT '交付人',
	`fCanceled` INT(2) UNSIGNED NOT NULL,
	`fDeliverViewed` INT(2) UNSIGNED NULL,
	`fCancelID` INT(11) NULL COMMENT '作废人',
	`fDeliveryDate` DATE NULL COMMENT '交付日期',
	`fNumerBegin` INT(11) NULL COMMENT '起始编号',
	`fQuant` INT(11) NULL COMMENT '数量',
	`fPagePerVolumn` TINYINT(4) NULL COMMENT '每本号数',
	`fNumerEnd` INT(11) NULL COMMENT '结束编号',
	`fAvistaID` INT(11) NULL COMMENT '每页单据数',
	`fTamanhoID` INT(11) NULL COMMENT '尺寸',
	`fSucursal` INT(2) UNSIGNED NULL,
	`fLogo` INT(2) UNSIGNED NULL,
	`fVendedorID` INT(11) NULL COMMENT '销售人员',
	`fNrCopyID` INT(11) NULL COMMENT '联次',
	`fContato` VARCHAR(20) NULL COMMENT '联系人' COLLATE 'utf8_general_ci',
	`fCelular` VARCHAR(15) NULL COMMENT '手机' COLLATE 'utf8_general_ci',
	`fTelefone` VARCHAR(15) NULL COMMENT '电话' COLLATE 'utf8_general_ci',
	`fNote` VARCHAR(255) NULL COMMENT '备注' COLLATE 'utf8_general_ci',
	`fCreatedOrder` INT(2) UNSIGNED NULL,
	`fCustomerName` VARCHAR(50) NULL COMMENT '客户名' COLLATE 'utf8_general_ci',
	`fNUIT` VARCHAR(25) NULL COMMENT '税号' COLLATE 'utf8_general_ci',
	`fCity` VARCHAR(30) NULL COMMENT '所在地 Mordo' COLLATE 'utf8_general_ci',
	`fEndereco` VARCHAR(15) NULL COMMENT '地址' COLLATE 'utf8_general_ci',
	`fSucursal1` VARCHAR(3) NULL COLLATE 'utf8mb4_general_ci',
	`fSubmited1` VARCHAR(3) NOT NULL COLLATE 'utf8mb4_general_ci',
	`fConfirmed1` VARCHAR(3) NOT NULL COLLATE 'utf8mb4_general_ci',
	`fDelivered1` VARCHAR(3) NOT NULL COLLATE 'utf8mb4_general_ci',
	`fCanceled1` VARCHAR(8) NOT NULL COLLATE 'utf8mb4_general_ci',
	`fDeliverViewed1` VARCHAR(3) NULL COLLATE 'utf8mb4_general_ci',
	`fLogo1` VARCHAR(3) NULL COLLATE 'utf8mb4_general_ci',
	`fSubmit_Name` VARCHAR(20) NULL COLLATE 'utf8_general_ci',
	`fEntry_Name` VARCHAR(20) NULL COLLATE 'utf8_general_ci',
	`fReviewer_Name` VARCHAR(20) NULL COLLATE 'utf8_general_ci',
	`fDeliverer_Name` VARCHAR(20) NULL COLLATE 'utf8_general_ci',
	`fConfirm_Name` VARCHAR(20) NULL COLLATE 'utf8_general_ci',
	`fCancel_Name` VARCHAR(20) NULL COLLATE 'utf8_general_ci',
	`fEspecie` VARCHAR(50) NULL COLLATE 'utf8_general_ci',
	`fCategory` VARCHAR(50) NULL COLLATE 'utf8_general_ci',
	`fBrandMateria` VARCHAR(50) NULL COLLATE 'utf8_general_ci',
	`fColor` VARCHAR(50) NULL COLLATE 'utf8_general_ci',
	`fAvista` VARCHAR(50) NULL COLLATE 'utf8_general_ci',
	`fTamanho` VARCHAR(50) NULL COLLATE 'utf8_general_ci',
	`fVendedor` VARCHAR(50) NULL COLLATE 'utf8_general_ci',
	`fNrCopy` VARCHAR(50) NULL COLLATE 'utf8_general_ci'
) ENGINE=MyISAM;

-- 导出  视图 myorder_python.v_receivables 结构
DROP VIEW IF EXISTS `v_receivables`;
-- 创建临时表以解决视图依赖性错误
CREATE TABLE `v_receivables` (
	`fID` INT(11) NOT NULL,
	`fCustomerID` INT(11) NOT NULL,
	`fCustomerName` VARCHAR(50) NULL COMMENT '客户名' COLLATE 'utf8_general_ci',
	`fReceiptDate` DATE NOT NULL COMMENT '收款日期',
	`fAmountCollected` DECIMAL(11,2) NOT NULL COMMENT '金额',
	`fOrderID` CHAR(20) NULL COMMENT '对应单号' COLLATE 'utf8_general_ci',
	`fPayee` VARCHAR(20) NULL COLLATE 'utf8_general_ci',
	`fPaymentMethod` VARCHAR(50) NULL COLLATE 'utf8_general_ci',
	`fNote` VARCHAR(255) NULL COMMENT '备注' COLLATE 'utf8_general_ci'
) ENGINE=MyISAM;

-- 导出  视图 myorder_python.v_enumeration 结构
DROP VIEW IF EXISTS `v_enumeration`;
-- 移除临时表并创建最终视图结构
DROP TABLE IF EXISTS `v_enumeration`;
CREATE ALGORITHM=UNDEFINED DEFINER=`myorder`@`%` SQL SECURITY INVOKER VIEW `v_enumeration` AS select `t`.`fTypeID` AS `fTypeID`,`t`.`fTypeName` AS `fTypeName`,`e`.`fItemID` AS `fItemID`,`e`.`fTitle` AS `fTitle`,`e`.`fSpare1` AS `fSpare1`,`e`.`fSpare2` AS `fSpare2`,`e`.`fNote` AS `fNote` from (`t_enumeration_type` `t` left join `t_enumeration` `e` on((`t`.`fTypeID` = `e`.`fTypeID`))) ;

-- 导出  视图 myorder_python.v_order 结构
DROP VIEW IF EXISTS `v_order`;
-- 移除临时表并创建最终视图结构
DROP TABLE IF EXISTS `v_order`;
CREATE ALGORITHM=UNDEFINED DEFINER=`myorder`@`%` SQL SECURITY INVOKER VIEW `v_order` AS select `o`.`fOrderID` AS `fOrderID`,`o`.`fPrice` AS `fPrice`,`o`.`fCustomerID` AS `fCustomerID`,`o`.`fOrderDate` AS `fOrderDate`,`o`.`fEspecieID` AS `fEspecieID`,`o`.`fRequiredDeliveryDate` AS `fRequiredDeliveryDate`,`o`.`fCategoryID` AS `fCategoryID`,`o`.`fBrandMateriaID` AS `fBrandMateriaID`,`o`.`fAmount` AS `fAmount`,`o`.`fTax` AS `fTax`,`o`.`fPayable` AS `fPayable`,`o`.`fDesconto` AS `fDesconto`,`o`.`fColorID` AS `fColorID`,`o`.`fEntryID` AS `fEntryID`,(`o`.`fSubmited` + 0) AS `fSubmited`,`o`.`fSubmitID` AS `fSubmitID`,(`o`.`fReviewed` + 0) AS `fReviewed`,`o`.`fReviewerID` AS `fReviewerID`,(`o`.`fConfirmed` + 0) AS `fConfirmed`,`o`.`fConfirmID` AS `fConfirmID`,(`o`.`fDelivered` + 0) AS `fDelivered`,`o`.`fDelivererID` AS `fDelivererID`,(`o`.`fCanceled` + 0) AS `fCanceled`,(`o`.`fDeliverViewed` + 0) AS `fDeliverViewed`,`o`.`fCancelID` AS `fCancelID`,`o`.`fDeliveryDate` AS `fDeliveryDate`,`o`.`fNumerBegin` AS `fNumerBegin`,`o`.`fQuant` AS `fQuant`,`o`.`fPagePerVolumn` AS `fPagePerVolumn`,`o`.`fNumerEnd` AS `fNumerEnd`,`o`.`fAvistaID` AS `fAvistaID`,`o`.`fTamanhoID` AS `fTamanhoID`,(`o`.`fSucursal` + 0) AS `fSucursal`,(`o`.`fLogo` + 0) AS `fLogo`,`o`.`fVendedorID` AS `fVendedorID`,`o`.`fNrCopyID` AS `fNrCopyID`,`o`.`fContato` AS `fContato`,`o`.`fCelular` AS `fCelular`,`o`.`fTelefone` AS `fTelefone`,`o`.`fNote` AS `fNote`,`c`.`fTaxRegCer` AS `fTaxRegCer`,`c`.`fCustomerName` AS `fCustomerName`,`c`.`fNUIT` AS `fNUIT`,`c`.`fCity` AS `fCity`,`c`.`fEndereco` AS `fEndereco`,(case `o`.`fSucursal` when 1 then 'SIM' else 'Non' end) AS `fSucursal1`,(case `o`.`fSubmited` when 1 then 'SIM' else '' end) AS `fSubmited1`,(case `o`.`fConfirmed` when 1 then 'SIM' else '' end) AS `fConfirmed1`,(case `o`.`fDelivered` when 1 then 'SIM' else '' end) AS `fDelivered1`,(case `o`.`fCanceled` when 1 then 'Canceled' else '' end) AS `fCanceled1`,(case `o`.`fDeliverViewed` when 1 then 'SIM' else '' end) AS `fDeliverViewed1`,(case `o`.`fLogo` when 1 then 'SIM' else 'Non' end) AS `fLogo1`,`u_Submited`.`fUsername` AS `fSubmit_Name`,`u_Entry`.`fUsername` AS `fEntry_Name`,`u_Reviewer`.`fUsername` AS `fReviewer_Name`,`u_Deliverer`.`fUsername` AS `fDeliverer_Name`,`u_Confirm`.`fUsername` AS `fConfirm_Name`,`u_Cancel`.`fUsername` AS `fCancel_Name`,`e_fEspecieID`.`fTitle` AS `fEspecie`,`e_fCategoryID`.`fTitle` AS `fCategory`,`e_fBrandMateriaID`.`fTitle` AS `fBrandMateria`,`e_fColorID`.`fTitle` AS `fColor`,`e_fAvistaID`.`fTitle` AS `fAvista`,`e_fTamanhoID`.`fTitle` AS `fTamanho`,`e_fVendedorID`.`fTitle` AS `fVendedor`,`e_fNrCopyID`.`fTitle` AS `fNrCopy` from (((((((((((((((`t_order` `o` left join `t_customer` `c` on((`o`.`fCustomerID` = `c`.`fCustomerID`))) left join `sysusers` `u_Submited` on((`o`.`fSubmitID` = `u_Submited`.`fUserID`))) left join `sysusers` `u_Entry` on((`o`.`fEntryID` = `u_Entry`.`fUserID`))) left join `sysusers` `u_Reviewer` on((`o`.`fReviewerID` = `u_Reviewer`.`fUserID`))) left join `sysusers` `u_Deliverer` on((`o`.`fDelivererID` = `u_Deliverer`.`fUserID`))) left join `sysusers` `u_Confirm` on((`o`.`fConfirmID` = `u_Confirm`.`fUserID`))) left join `sysusers` `u_Cancel` on((`o`.`fCancelID` = `u_Cancel`.`fUserID`))) left join `t_enumeration` `e_fEspecieID` on((`o`.`fEspecieID` = `e_fEspecieID`.`fItemID`))) left join `t_enumeration` `e_fCategoryID` on((`o`.`fCategoryID` = `e_fCategoryID`.`fItemID`))) left join `t_enumeration` `e_fBrandMateriaID` on((`o`.`fBrandMateriaID` = `e_fBrandMateriaID`.`fItemID`))) left join `t_enumeration` `e_fColorID` on((`o`.`fColorID` = `e_fColorID`.`fItemID`))) left join `t_enumeration` `e_fAvistaID` on((`o`.`fAvistaID` = `e_fAvistaID`.`fItemID`))) left join `t_enumeration` `e_fTamanhoID` on((`o`.`fTamanhoID` = `e_fTamanhoID`.`fItemID`))) left join `t_enumeration` `e_fVendedorID` on((`o`.`fVendedorID` = `e_fVendedorID`.`fItemID`))) left join `t_enumeration` `e_fNrCopyID` on((`o`.`fNrCopyID` = `e_fNrCopyID`.`fItemID`))) ;

-- 导出  视图 myorder_python.v_order_readonly 结构
DROP VIEW IF EXISTS `v_order_readonly`;
-- 移除临时表并创建最终视图结构
DROP TABLE IF EXISTS `v_order_readonly`;
CREATE ALGORITHM=UNDEFINED DEFINER=`myorder`@`%` SQL SECURITY INVOKER VIEW `v_order_readonly` AS select `t`.`fOrderID` AS `fOrderID`,`t`.`fPrice` AS `fPrice`,`t`.`fCustomerID` AS `fCustomerID`,`t`.`fOrderDate` AS `fOrderDate`,`t`.`fEspecieID` AS `fEspecieID`,`t`.`fRequiredDeliveryDate` AS `fRequiredDeliveryDate`,`t`.`fCategoryID` AS `fCategoryID`,`t`.`fBrandMateriaID` AS `fBrandMateriaID`,`t`.`fAmount` AS `fAmount`,`t`.`fTax` AS `fTax`,`t`.`fPayable` AS `fPayable`,`t`.`fDesconto` AS `fDesconto`,`t`.`fColorID` AS `fColorID`,`t`.`fEntryID` AS `fEntryID`,`t`.`fSubmited` AS `fSubmited`,`t`.`fSubmitID` AS `fSubmitID`,`t`.`fReviewed` AS `fReviewed`,`t`.`fReviewerID` AS `fReviewerID`,`t`.`fConfirmed` AS `fConfirmed`,`t`.`fConfirmID` AS `fConfirmID`,`t`.`fDelivered` AS `fDelivered`,`t`.`fDelivererID` AS `fDelivererID`,`t`.`fCanceled` AS `fCanceled`,`t`.`fCancelID` AS `fCancelID`,`t`.`fDeliveryDate` AS `fDeliveryDate`,`t`.`fNumerBegin` AS `fNumerBegin`,`t`.`fQuant` AS `fQuant`,`t`.`fPagePerVolumn` AS `fPagePerVolumn`,`t`.`fNumerEnd` AS `fNumerEnd`,`t`.`fAvistaID` AS `fAvistaID`,`t`.`fTamanhoID` AS `fTamanhoID`,`t`.`fSucursal` AS `fSucursal`,`t`.`fLogo` AS `fLogo`,`t`.`fVendedorID` AS `fVendedorID`,`t`.`fNrCopyID` AS `fNrCopyID`,`t`.`fContato` AS `fContato`,`t`.`fCelular` AS `fCelular`,`t`.`fTelefone` AS `fTelefone`,`t`.`fNote` AS `fNote`,`c`.`fCustomerName` AS `fCustomerName`,`c`.`fNUIT` AS `fNUIT`,`c`.`fCity` AS `fCity`,`c`.`fAreaCode` AS `fAreaCode`,`c`.`fEndereco` AS `fEndereco`,`c`.`fEmail` AS `fEmail`,`c`.`fWeb` AS `fWeb` from (`t_order` `t` left join `t_customer` `c` on((`t`.`fCustomerID` = `c`.`fCustomerID`))) ;

-- 导出  视图 myorder_python.v_quotation 结构
DROP VIEW IF EXISTS `v_quotation`;
-- 移除临时表并创建最终视图结构
DROP TABLE IF EXISTS `v_quotation`;
CREATE ALGORITHM=UNDEFINED DEFINER=`myorder`@`%` SQL SECURITY INVOKER VIEW `v_quotation` AS select `o`.`fOrderID` AS `fOrderID`,`o`.`fPrice` AS `fPrice`,`o`.`fCustomerID` AS `fCustomerID`,`o`.`fOrderDate` AS `fOrderDate`,`o`.`fEspecieID` AS `fEspecieID`,`o`.`fRequiredDeliveryDate` AS `fRequiredDeliveryDate`,`o`.`fCategoryID` AS `fCategoryID`,`o`.`fBrandMateriaID` AS `fBrandMateriaID`,`o`.`fAmount` AS `fAmount`,`o`.`fTax` AS `fTax`,`o`.`fPayable` AS `fPayable`,`o`.`fDesconto` AS `fDesconto`,`o`.`fColorID` AS `fColorID`,`o`.`fEntryID` AS `fEntryID`,(`o`.`fSubmited` + 0) AS `fSubmited`,`o`.`fSubmitID` AS `fSubmitID`,(`o`.`fReviewed` + 0) AS `fReviewed`,`o`.`fReviewerID` AS `fReviewerID`,(`o`.`fConfirmed` + 0) AS `fConfirmed`,`o`.`fConfirmID` AS `fConfirmID`,(`o`.`fDelivered` + 0) AS `fDelivered`,`o`.`fDelivererID` AS `fDelivererID`,(`o`.`fCanceled` + 0) AS `fCanceled`,(`o`.`fDeliverViewed` + 0) AS `fDeliverViewed`,`o`.`fCancelID` AS `fCancelID`,`o`.`fDeliveryDate` AS `fDeliveryDate`,`o`.`fNumerBegin` AS `fNumerBegin`,`o`.`fQuant` AS `fQuant`,`o`.`fPagePerVolumn` AS `fPagePerVolumn`,`o`.`fNumerEnd` AS `fNumerEnd`,`o`.`fAvistaID` AS `fAvistaID`,`o`.`fTamanhoID` AS `fTamanhoID`,(`o`.`fSucursal` + 0) AS `fSucursal`,(`o`.`fLogo` + 0) AS `fLogo`,`o`.`fVendedorID` AS `fVendedorID`,`o`.`fNrCopyID` AS `fNrCopyID`,`o`.`fContato` AS `fContato`,`o`.`fCelular` AS `fCelular`,`o`.`fTelefone` AS `fTelefone`,`o`.`fNote` AS `fNote`,(`o`.`fCreatedOrder` + 0) AS `fCreatedOrder`,`c`.`fCustomerName` AS `fCustomerName`,`c`.`fNUIT` AS `fNUIT`,`c`.`fCity` AS `fCity`,`c`.`fEndereco` AS `fEndereco`,(case `o`.`fSucursal` when 1 then 'SIM' else 'Non' end) AS `fSucursal1`,(case `o`.`fSubmited` when 1 then 'SIM' else '' end) AS `fSubmited1`,(case `o`.`fConfirmed` when 1 then 'SIM' else '' end) AS `fConfirmed1`,(case `o`.`fDelivered` when 1 then 'SIM' else '' end) AS `fDelivered1`,(case `o`.`fCanceled` when 1 then 'Canceled' else '' end) AS `fCanceled1`,(case `o`.`fDeliverViewed` when 1 then 'SIM' else '' end) AS `fDeliverViewed1`,(case `o`.`fLogo` when 1 then 'SIM' else 'Non' end) AS `fLogo1`,`u_Submited`.`fUsername` AS `fSubmit_Name`,`u_Entry`.`fUsername` AS `fEntry_Name`,`u_Reviewer`.`fUsername` AS `fReviewer_Name`,`u_Deliverer`.`fUsername` AS `fDeliverer_Name`,`u_Confirm`.`fUsername` AS `fConfirm_Name`,`u_Cancel`.`fUsername` AS `fCancel_Name`,`e_fEspecieID`.`fTitle` AS `fEspecie`,`e_fCategoryID`.`fTitle` AS `fCategory`,`e_fBrandMateriaID`.`fTitle` AS `fBrandMateria`,`e_fColorID`.`fTitle` AS `fColor`,`e_fAvistaID`.`fTitle` AS `fAvista`,`e_fTamanhoID`.`fTitle` AS `fTamanho`,`e_fVendedorID`.`fTitle` AS `fVendedor`,`e_fNrCopyID`.`fTitle` AS `fNrCopy` from (((((((((((((((`t_quotation` `o` left join `t_customer` `c` on((`o`.`fCustomerID` = `c`.`fCustomerID`))) left join `sysusers` `u_Submited` on((`o`.`fSubmitID` = `u_Submited`.`fUserID`))) left join `sysusers` `u_Entry` on((`o`.`fEntryID` = `u_Entry`.`fUserID`))) left join `sysusers` `u_Reviewer` on((`o`.`fReviewerID` = `u_Reviewer`.`fUserID`))) left join `sysusers` `u_Deliverer` on((`o`.`fDelivererID` = `u_Deliverer`.`fUserID`))) left join `sysusers` `u_Confirm` on((`o`.`fConfirmID` = `u_Confirm`.`fUserID`))) left join `sysusers` `u_Cancel` on((`o`.`fCancelID` = `u_Cancel`.`fUserID`))) left join `t_enumeration` `e_fEspecieID` on((`o`.`fEspecieID` = `e_fEspecieID`.`fItemID`))) left join `t_enumeration` `e_fCategoryID` on((`o`.`fCategoryID` = `e_fCategoryID`.`fItemID`))) left join `t_enumeration` `e_fBrandMateriaID` on((`o`.`fBrandMateriaID` = `e_fBrandMateriaID`.`fItemID`))) left join `t_enumeration` `e_fColorID` on((`o`.`fColorID` = `e_fColorID`.`fItemID`))) left join `t_enumeration` `e_fAvistaID` on((`o`.`fAvistaID` = `e_fAvistaID`.`fItemID`))) left join `t_enumeration` `e_fTamanhoID` on((`o`.`fTamanhoID` = `e_fTamanhoID`.`fItemID`))) left join `t_enumeration` `e_fVendedorID` on((`o`.`fVendedorID` = `e_fVendedorID`.`fItemID`))) left join `t_enumeration` `e_fNrCopyID` on((`o`.`fNrCopyID` = `e_fNrCopyID`.`fItemID`))) ;

-- 导出  视图 myorder_python.v_receivables 结构
DROP VIEW IF EXISTS `v_receivables`;
-- 移除临时表并创建最终视图结构
DROP TABLE IF EXISTS `v_receivables`;
CREATE ALGORITHM=UNDEFINED DEFINER=`myorder`@`%` SQL SECURITY INVOKER VIEW `v_receivables` AS select `r`.`fID` AS `fID`,`r`.`fCustomerID` AS `fCustomerID`,`c`.`fCustomerName` AS `fCustomerName`,`r`.`fReceiptDate` AS `fReceiptDate`,`r`.`fAmountCollected` AS `fAmountCollected`,`r`.`fOrderID` AS `fOrderID`,`u`.`fUsername` AS `fPayee`,`skfs`.`fTitle` AS `fPaymentMethod`,`r`.`fNote` AS `fNote` from ((((`t_receivables` `r` left join `t_customer` `c` on((`r`.`fCustomerID` = `c`.`fCustomerID`))) left join `t_enumeration` `e` on((`r`.`fPaymentMethodID` = `e`.`fItemID`))) left join `sysusers` `u` on((`r`.`fPayeeID` = `u`.`fUserID`))) left join `t_enumeration` `skfs` on((`r`.`fPaymentMethodID` = `skfs`.`fItemID`))) ;

/*!40101 SET SQL_MODE=IFNULL(@OLD_SQL_MODE, '') */;
/*!40014 SET FOREIGN_KEY_CHECKS=IF(@OLD_FOREIGN_KEY_CHECKS IS NULL, 1, @OLD_FOREIGN_KEY_CHECKS) */;
/*!40101 SET CHARACTER_SET_CLIENT=@OLD_CHARACTER_SET_CLIENT */;
