-- 导出  表 myorder_python.sysconfig 结构
DROP TABLE IF EXISTS `sysconfig`;
CREATE TABLE `sysconfig` (
  `fID` int(11) NOT NULL AUTO_INCREMENT,
  `fName` varchar(50) DEFAULT NULL,
  `fValueInt` int(11) DEFAULT NULL,
  `fValueStr` text,
  `fValueBool` bit(1) DEFAULT NULL,
  `fValueDate` date DEFAULT NULL,
  `fValueDateTime` datetime DEFAULT NULL,
  `TS` timestamp NULL DEFAULT CURRENT_TIMESTAMP,
  `fValue` longtext,
  PRIMARY KEY (`fID`)
) ENGINE=InnoDB AUTO_INCREMENT=4 DEFAULT CHARSET=utf8
;
INSERT INTO `sysconfig` (`fID`, `fName`, `fValueInt`, `fValueStr`, `fValueBool`, `fValueDate`, `fValueDateTime`, `TS`, `fValue`) VALUES 
(1, 'Note_PrintingOrder', Null, 'Note:
Esta ordem sera entregue em 10 dias de trabalho, se esta for urgente,e necessario pagar mais 20%. Para que nao afecte os trrabalhos diarios da vossa empresa,por favor, encomendem a vossa ordem  o mais rapido possivel.
', Null, Null, Null, Null, Null), 
	(2, 'Bank_Account', Null, 'Conta Bancaria:  MOZA BANCO
Nome da Conta: COLOPRO SINGS & PRINTING
No da Conta: 1546631810001
NIB: 003400001546631810159', Null, Null, Null, '2019-09-04 16:57:54', Null), 
	(3, 'configValue', Null, Null, Null, Null, Null, '2019-09-17 16:33:31', 'gAN9cQAoWBIAAABOb3RlX1ByaW50aW5nT3JkZXJxAVjhAAAATm90ZToKRXN0YSBvcmRlbSBzZXJhIGVudHJlZ3VlIGVtIDEwIGRpYXMgZGUgdHJhYmFsaG8sIHNlIGVzdGEgZm9yIHVyZ2VudGUsZSBuZWNlc3NhcmlvIHBhZ2FyIG1haXMgMjQwJS4gUGFyYSBxdWUgbmFvIGFmZWN0ZSBvcyB0cnJhYmFsaG9zIGRpYXJpb3MgZGEgdm9zc2EgZW1wcmVzYSxwb3IgZmF2b3IsIGVuY29tZW5kZW0gYSB2b3NzYSBvcmRlbSAgbyBtYWlzIHJhcGlkbyBwb3NzaXZlbC4KcQJYDAAAAEJhbmtfQWNjb3VudHEDWHkAAABDb250YSBCYW5jYXJpYTogIE1PWkEgQkFOQ08KTm9tZSBkYSBDb250YTogQ09MT1BSTyBTSU5HUyAmIFBSSU5USU5HCk5vIGRhIENvbnRhOiAxNTQ2NjMxODEwMDAxCk5JQjogMDAzNDAwMDAxNTQ2NjMxODEwMTU5cQRYFQAAAE51bGxfcHJvbXB0X2JhY19jb2xvcnEFY1B5UXQ1LnNpcApfdW5waWNrbGVfdHlwZQpxBlgLAAAAUHlRdDUuUXRHdWlxB1gGAAAAUUNvbG9ycQgoS/9LAEsAS/90cQmHcQpScQtYDwAAAEF1dG9TaHJpbmtGb250c3EMiFgMAAAAQXV0b0VsbGlwc2lzcQ2JWB0AAABQcmludEhpZ2hsaWdodEJhY2tncm91bmRDb2xvcnEOaAZoB1gGAAAAUUNvbG9ycQ8oS8JLwkvCS/90cRCHcRFScRJYDwAAAEJpbGxDb3B5c19PcmRlcnETWCoAAABhdGVuZGltZW50bzsxO3Byb2R1Y2FvOzA7Y2xpZW50ZTsxO2NhaXhhOzFxFFgXAAAAQmlsbENvcHlzX1ByaW50aW5nT3JkZXJxFVgqAAAAYXRlbmRpbWVudG87MTtwcm9kdWNhbzswO2NsaWVudGU7MTtjYWl4YTsxcRZYFwAAAEJpbGxDb3B5c19PdXRib3VuZE9yZGVycRdYKgAAAGF0ZW5kaW1lbnRvOzE7cHJvZHVjYW87MDtjbGllbnRlOzE7Y2FpeGE7MXEYWBsAAABCaWxsQ29weXNfV2FyZWhvdXNlUnJlY2VpcHRxGVgqAAAAYXRlbmRpbWVudG87MTtwcm9kdWNhbzswO2NsaWVudGU7MTtjYWl4YTsxcRpYGQAAAEF1dG9SZWZyZXNoV2hlbkRhdGFDaGFuZ2VxG4hYGAAAAEJ1YmJsZVRpcHNXaGVuRGF0YUNoYW5nZXEciFgYAAAAQmlsbENvcHlzX1F1b3RhdGlvbk9yZGVycR1YDQAAAGF0ZW5kaW1lbnRvOzFxHlggAAAAQmlsbENvcHlzX1F1b3RhdGlvblByaW50aW5nT3JkZXJxH1gYAAAAYXRlbmRpbWVudG87MTtwcm9kdWNhbzswcSBYDQAAAFRheFJlZ0NlclBhdGhxIVgMAAAARTovWmlvbi96aW9ucSJ1Lg==');
-- 导出  表 myorder_python.sysnavigationmenus 结构
DROP TABLE IF EXISTS `sysnavigationmenus`;
CREATE TABLE `sysnavigationmenus` (
  `fNMID` int(11) NOT NULL AUTO_INCREMENT COMMENT '编号',
  `fDispIndex` int(11) DEFAULT NULL COMMENT '显示顺序',
  `fParentId` int(11) DEFAULT NULL COMMENT '上级编号',
  `fEnabled` bit(1) NOT NULL DEFAULT b'1' COMMENT '可用',
  `fMenuText` char(60) DEFAULT NULL COMMENT '文本',
  `fCommand` tinyint(4) NOT NULL DEFAULT '0' COMMENT '命令',
  `fObjectName` char(50) DEFAULT NULL COMMENT '对象名',
  `fFormMode` tinyint(2) DEFAULT NULL COMMENT '模式',
  `fArg` char(255) DEFAULT NULL COMMENT '参数',
  `fIcon` char(50) DEFAULT NULL COMMENT '图标',
  `fDefault` bit(1) NOT NULL DEFAULT b'0' COMMENT '默认',
  `fNodeBackvolor` int(11) DEFAULT NULL COMMENT '背景色',
  `fNodeForeColor` int(11) DEFAULT NULL COMMENT '前景色',
  `fNodeFontBold` tinyint(1) NOT NULL DEFAULT '0' COMMENT '加粗',
  `fExpanded` tinyint(1) NOT NULL DEFAULT '1' COMMENT '展开',
  `fDescription` char(255) DEFAULT NULL COMMENT '说明',
  `fLevel` bit(1) NOT NULL DEFAULT b'0' COMMENT '级别',
  `fIsCommandButton` bit(1) DEFAULT b'0' COMMENT '是否按钮',
  `TS` timestamp NOT NULL DEFAULT CURRENT_TIMESTAMP ON UPDATE CURRENT_TIMESTAMP,
  PRIMARY KEY (`fNMID`),
  KEY `ParentID` (`fParentId`)
) ENGINE=InnoDB AUTO_INCREMENT=186 DEFAULT CHARSET=utf8
;
INSERT INTO `sysnavigationmenus` (`fNMID`, `fDispIndex`, `fParentId`, `fEnabled`, `fMenuText`, `fCommand`, `fObjectName`, `fFormMode`, `fArg`, `fIcon`, `fDefault`, `fNodeBackvolor`, `fNodeForeColor`, `fNodeFontBold`, `fExpanded`, `fDescription`, `fLevel`, `fIsCommandButton`, `TS`) VALUES 
(1, 110, 0, 1, 'Function', 0, '', 0, '', 'home', 1, Null, Null, 0, 1, '', 0, 0, '2019-04-20 13:45:28'), 
	(2, 40, 71, 1, 'Order', 2, 'f_Order', -1, '', 'application_form.png', 0, Null, Null, 0, 0, '', 0, 0, '2019-05-17 14:14:36'), 
	(6, 190, 1, 0, 'Design', 0, '', 0, '', '', 0, Null, Null, 0, 1, '', 0, 0, '2019-05-17 13:52:42'), 
	(9, 200, 1, 1, 'Payment', 2, 'f_PaymentOrder', -1, '', 'payment.png', 0, Null, Null, 0, 0, '', 0, 0, '2019-05-17 14:02:56'), 
	(10, 450, 11, 1, 'Enumeration', 2, 'SysfrmEnumeration', -1, '', 'enum.png', 0, Null, Null, 0, 0, '', 0, 0, '2019-05-17 14:03:01'), 
	(11, 440, 1, 1, 'Setup', 0, '', 0, '', 'setup.png', 0, Null, Null, 0, 1, '', 0, 0, '2019-07-18 11:38:11'), 
	(12, 999999990, 1, 1, 'Exit', 3, 'Application_Quit', 0, '', 'exit.png', 1, Null, Null, 0, 0, '', 0, 0, '2019-05-17 13:53:18'), 
	(13, 120, 11, 1, 'User', 2, 'SysfrmUsers', -1, '', 'user.png', 0, Null, Null, 0, 0, '', 0, 0, '2019-05-17 13:53:30'), 
	(14, 480, 11, 1, 'Config', 2, 'SysfrmConfig', -1, '', 'config.png', 0, Null, Null, 0, 0, '', 0, 0, '2019-05-17 13:58:46'), 
	(15, 300, 1, 1, 'Complete', 2, 'f_Complete', -1, '', 'delivery.png', 0, Null, Null, 0, 0, '', 0, 0, '2019-05-17 13:51:54'), 
	(17, 510, 11, 1, 'Help', 2, 'f_Help', -1, '', 'help.png', 1, Null, Null, 0, 0, '', 0, 0, '2019-05-17 13:51:30'), 
	(18, 350, 1, 1, 'Adjustment', 2, 'f_Adjustment', -1, '', 'edit.png', 0, Null, Null, 0, 0, '', 0, 0, '2019-05-17 13:58:10'), 
	(19, 500, 11, 1, 'Language', 2, 'SysfrmLanguage', -1, '', 'translate.png', 0, Null, Null, 0, 0, '', 0, 0, '2019-05-20 12:26:58'), 
	(20, 250, 1, 1, 'Receivables', 2, 'f_Receivables', -1, '', 'Receivables.png', 0, Null, Null, 0, 0, '', 0, 0, '2019-07-18 11:33:38'), 
	(21, 410, 1, 1, 'Report', 0, '', 0, '', 'reports.png', 0, Null, Null, 0, 1, '', 0, 0, '2019-05-17 14:14:29'), 
	(22, 420, 21, 1, 'RecYearReport', 2, 'f_report_day', -1, '', 'month.png', 0, Null, Null, 0, 0, '', 0, 0, '2019-05-17 13:59:06'), 
	(54, 520, 1, 1, 'Quotation', 0, '', 0, Null, 'folder.png', 0, Null, Null, 0, 1, Null, 0, 0, '2019-05-17 13:50:09'), 
	(55, 530, 54, 1, 'PrintingOrderQuotation', 2, 'f_Quotation_Prt', -1, Null, 'folder.png', 0, Null, Null, 0, 0, Null, 0, 0, '2019-05-17 14:21:00'), 
	(56, 540, 54, 1, 'OrderQuotation', 2, 'f_Quotation_O', -1, Null, 'OrderQuotation.png', 0, Null, Null, 0, 0, Null, 0, 0, '2019-07-18 11:35:56'), 
	(71, 10, 1, 1, 'Order', 0, '', 0, Null, 'folder.png', 0, Null, Null, 0, 1, Null, 0, 0, '2019-05-17 13:50:09'), 
	(72, 50, 71, 1, 'PrintOrder', 2, 'f_PrintingOrder', -1, Null, 'folder.png', 0, Null, Null, 0, 0, Null, 0, 0, '2019-05-17 14:21:11'), 
	(73, 30, 1, 1, 'Customer', 2, 'f_Customer', -1, Null, 'customers.png', 0, Null, Null, 0, 0, Null, 0, 0, '2019-05-17 14:16:14'), 
	(80, 800, 14, 1, 'Ok', 0, 'CmdOk', Null, Null, 'Ok.png', 0, Null, Null, 0, 1, Null, 0, 1, '2019-07-15 18:38:01'), 
	(81, 202, 2, 1, 'Edit', 0, 'CmdEdit', Null, Null, 'Edit.png', 0, Null, Null, 0, 1, Null, 0, 1, '2019-08-23 12:22:17'), 
	(82, 201, 2, 1, 'New', 0, 'CmdNew', Null, Null, 'New.png', 0, Null, Null, 0, 1, Null, 0, 1, '2019-08-23 12:22:19'), 
	(83, 207, 2, 1, 'ExportToExcel', 0, 'CmdExportToExcel', Null, Null, 'ExportToExcel.png', 0, Null, Null, 0, 1, Null, 0, 1, '2019-08-24 10:06:14'), 
	(84, 203, 2, 1, 'Browse', 0, 'CmdBrowse', Null, Null, 'Browse.png', 0, Null, Null, 0, 1, Null, 0, 1, '2019-08-29 16:08:16'), 
	(85, 204, 2, 1, 'Submit', 0, 'CmdSubmit', Null, Null, 'Submit.png', 0, Null, Null, 0, 1, Null, 0, 1, '2019-08-23 12:22:26'), 
	(86, 205, 2, 1, 'Refresh', 0, 'CmdRefresh', Null, Null, 'Refresh.png', 0, Null, Null, 0, 1, Null, 0, 1, '2019-08-23 12:22:28'), 
	(87, 206, 2, 1, 'Search', 0, 'CmdSearch', Null, Null, 'folder_explore.ico', 0, Null, Null, 0, 1, Null, 0, 1, '2019-08-28 18:14:15'), 
	(88, 2001, 20, 1, 'Recibido', 0, 'CmdRecibido', Null, Null, 'Recibido.png', 0, Null, Null, 0, 1, Null, 0, 1, '2019-08-23 12:21:47'), 
	(89, 2005, 20, 1, 'ExportToExcel', 0, 'CmdExportToExcel', Null, Null, 'ExportToExcel.png', 0, Null, Null, 0, 1, Null, 0, 1, '2019-08-24 10:06:14'), 
	(90, 2003, 20, 1, 'Refresh', 0, 'CmdRefresh', Null, Null, 'Refresh.png', 0, Null, Null, 0, 1, Null, 0, 1, '2019-08-23 12:21:53'), 
	(91, 2004, 20, 1, 'DailyRreport', 0, 'CmdDailyRreport', Null, Null, 'DailyRreport.png', 0, Null, Null, 0, 1, Null, 0, 1, '2019-08-23 12:21:56'), 
	(92, 7302, 73, 1, 'Edit', 0, 'CmdEdit', Null, Null, 'Edit.png', 0, Null, Null, 0, 1, Null, 0, 1, '2019-08-22 19:36:41'), 
	(93, 7301, 73, 1, 'New', 0, 'CmdNew', Null, Null, 'New.png', 0, Null, Null, 0, 1, Null, 0, 1, '2019-08-22 19:36:36'), 
	(94, 7304, 73, 1, 'Refresh', 0, 'CmdRefresh', Null, Null, 'Refresh.png', 0, Null, Null, 0, 1, Null, 0, 1, '2019-08-22 19:36:50'), 
	(95, 950, 73, 1, 'Search', 0, 'CmdSearch', Null, Null, 'folder_explore.ico', 0, Null, Null, 0, 1, Null, 0, 1, '2019-08-28 18:14:15'), 
	(97, 970, 9, 1, 'Edit', 0, 'CmdEdit', Null, Null, 'Edit.png', 0, Null, Null, 0, 1, Null, 0, 1, '2019-07-15 18:38:01'), 
	(98, 980, 9, 1, 'Browse', 0, 'CmdBrowse', Null, Null, 'Browse.png', 0, Null, Null, 0, 1, Null, 0, 1, '2019-07-15 18:38:01'), 
	(99, 990, 9, 1, 'Search', 0, 'CmdSearch', Null, Null, 'folder_explore.ico', 0, Null, Null, 0, 1, Null, 0, 1, '2019-08-28 18:14:15'), 
	(100, 1000, 9, 1, 'Refresh', 0, 'CmdRefresh', Null, Null, 'Refresh.png', 0, Null, Null, 0, 1, Null, 0, 1, '2019-07-15 18:38:01'), 
	(101, 982, 9, 1, 'Confirm', 0, 'CmdConfirm', Null, Null, 'tick.ico', 0, Null, Null, 0, 1, Null, 0, 1, '2019-08-29 00:10:12'), 
	(102, 1020, 9, 1, 'ExportToExcel', 0, 'CmdExportToExcel', Null, Null, 'ExportToExcel.png', 0, Null, Null, 0, 1, Null, 0, 1, '2019-08-24 10:06:14'), 
	(103, 7202, 72, 1, 'Edit', 0, 'CmdEdit', Null, Null, 'Edit.png', 0, Null, Null, 0, 1, Null, 0, 1, '2019-08-22 19:29:54'), 
	(104, 7201, 72, 1, 'New', 0, 'CmdNew', Null, Null, 'New.png', 0, Null, Null, 0, 1, Null, 0, 1, '2019-08-22 19:29:50'), 
	(105, 7207, 72, 1, 'ExportToExcel', 0, 'CmdExportToExcel', Null, Null, 'ExportToExcel.png', 0, Null, Null, 0, 1, Null, 0, 1, '2019-08-24 10:06:14'), 
	(106, 7203, 72, 1, 'Browse', 0, 'CmdBrowse', Null, Null, 'Browse.png', 0, Null, Null, 0, 1, Null, 0, 1, '2019-08-22 19:30:15'), 
	(107, 7204, 72, 1, 'Submit', 0, 'CmdSubmit', Null, Null, 'Submit.png', 0, Null, Null, 0, 1, Null, 0, 1, '2019-08-22 19:30:08'), 
	(108, 7205, 72, 1, 'Refresh', 0, 'CmdRefresh', Null, Null, 'Refresh.png', 0, Null, Null, 0, 1, Null, 0, 1, '2019-08-22 19:30:23'), 
	(109, 7206, 72, 1, 'Search', 0, 'CmdSearch', Null, Null, 'folder_explore.ico', 0, Null, Null, 0, 1, Null, 0, 1, '2019-08-28 18:14:15'), 
	(110, 1501, 15, 1, 'Complete', 0, 'CmdComplete', Null, Null, 'delivery.png', 0, Null, Null, 0, 1, Null, 0, 1, '2019-08-28 18:16:05'), 
	(111, 1506, 15, 1, 'ExportToExcel', 0, 'CmdExportToExcel', Null, Null, 'ExportToExcel.png', 0, Null, Null, 0, 1, Null, 0, 1, '2019-08-24 10:06:14'), 
	(112, 1502, 15, 1, 'Browse', 0, 'CmdBrowse', Null, Null, 'Browse.png', 0, Null, Null, 0, 1, Null, 0, 1, '2019-08-22 19:32:16'), 
	(113, 1503, 15, 1, 'Refresh', 0, 'CmdRefresh', Null, Null, 'Refresh.png', 0, Null, Null, 0, 1, Null, 0, 1, '2019-08-22 19:32:19'), 
	(114, 1504, 15, 1, 'Search', 0, 'CmdSearch', Null, Null, 'folder_explore.ico', 0, Null, Null, 0, 1, Null, 0, 1, '2019-08-28 18:14:15'), 
	(115, 5502, 55, 1, 'Edit', 0, 'CmdEdit', Null, Null, 'Edit.png', 0, Null, Null, 0, 1, Null, 0, 1, '2019-08-22 19:33:51'), 
	(116, 5501, 55, 1, 'New', 0, 'CmdNew', Null, Null, 'New.png', 0, Null, Null, 0, 1, Null, 0, 1, '2019-08-22 19:33:45'), 
	(117, 5507, 55, 1, 'ExportToExcel', 0, 'CmdExportToExcel', Null, Null, 'ExportToExcel.png', 0, Null, Null, 0, 1, Null, 0, 1, '2019-08-24 10:06:14'), 
	(118, 5503, 55, 1, 'Browse', 0, 'CmdBrowse', Null, Null, 'Browse.png', 0, Null, Null, 0, 1, Null, 0, 1, '2019-08-22 19:33:55'), 
	(119, 5504, 55, 1, 'Order', 0, 'CmdOrder', Null, Null, 'Order.png', 0, Null, Null, 0, 1, Null, 0, 1, '2019-08-22 19:34:04'), 
	(120, 5505, 55, 1, 'Refresh', 0, 'CmdRefresh', Null, Null, 'Refresh.png', 0, Null, Null, 0, 1, Null, 0, 1, '2019-08-22 19:34:09'), 
	(121, 5506, 55, 1, 'Search', 0, 'CmdSearch', Null, Null, 'folder_explore.ico', 0, Null, Null, 0, 1, Null, 0, 1, '2019-08-28 18:14:15'), 
	(122, 1804, 18, 1, 'Search', 0, 'CmdSearch', Null, Null, 'folder_explore.ico', 0, Null, Null, 0, 1, Null, 0, 1, '2019-08-28 18:14:15'), 
	(123, 1800, 18, 1, 'Adjustment', 0, 'CmdAdjustment', Null, Null, 'edit.png', 0, Null, Null, 0, 1, Null, 0, 1, '2019-08-28 18:15:28'), 
	(124, 1803, 18, 1, 'Refresh', 0, 'CmdRefresh', Null, Null, 'Refresh.png', 0, Null, Null, 0, 1, Null, 0, 1, '2019-08-22 19:33:13'), 
	(125, 1801, 18, 1, 'Browse', 0, 'CmdBrowse', Null, Null, 'Browse.png', 0, Null, Null, 0, 1, Null, 0, 1, '2019-08-22 19:32:48'), 
	(126, 1805, 18, 1, 'ExportToExcel', 0, 'CmdExportToExcel', Null, Null, 'ExportToExcel.png', 0, Null, Null, 0, 1, Null, 0, 1, '2019-08-24 10:06:14'), 
	(127, 1802, 18, 1, 'Cancel', 0, 'CmdCancel', Null, Null, 'Cancel.png', 0, Null, Null, 0, 1, Null, 0, 1, '2019-08-22 19:33:08'), 
	(128, 5602, 56, 1, 'Edit', 0, 'CmdEdit', Null, Null, 'Edit.png', 0, Null, Null, 0, 1, Null, 0, 1, '2019-08-22 19:34:51'), 
	(129, 5601, 56, 1, 'New', 0, 'CmdNew', Null, Null, 'New.png', 0, Null, Null, 0, 1, Null, 0, 1, '2019-08-22 19:34:34'), 
	(130, 5607, 56, 1, 'ExportToExcel', 0, 'CmdExportToExcel', Null, Null, 'ExportToExcel.png', 0, Null, Null, 0, 1, Null, 0, 1, '2019-08-24 10:06:14'), 
	(131, 5603, 56, 1, 'Browse', 0, 'CmdBrowse', Null, Null, 'Browse.png', 0, Null, Null, 0, 1, Null, 0, 1, '2019-08-22 19:34:55'), 
	(132, 5604, 56, 1, 'Order', 0, 'CmdOrder', Null, Null, 'Order.png', 0, Null, Null, 0, 1, Null, 0, 1, '2019-08-22 19:35:00'), 
	(133, 5605, 56, 1, 'Refresh', 0, 'CmdRefresh', Null, Null, 'Refresh.png', 0, Null, Null, 0, 1, Null, 0, 1, '2019-08-22 19:35:04'), 
	(134, 5606, 56, 1, 'Search', 0, 'CmdSearch', Null, Null, 'folder_explore.ico', 0, Null, Null, 0, 1, Null, 0, 1, '2019-08-28 18:14:15'), 
	(135, 1350, 13, 1, 'New', 0, 'CmdNew', Null, Null, 'New.png', 0, Null, Null, 0, 1, Null, 0, 1, '2019-07-15 18:38:01'), 
	(136, 1360, 13, 1, 'Delete', 0, 'CmdDelete', Null, Null, 'Delete.png', 0, Null, Null, 0, 1, Null, 0, 1, '2019-07-15 18:38:01'), 
	(137, 1370, 13, 1, 'Edit', 0, 'CmdEdit', Null, Null, 'Edit.png', 0, Null, Null, 0, 1, Null, 0, 1, '2019-07-15 18:38:01'), 
	(145, 7303, 73, 1, 'Delete', 0, 'CmdDelete', Null, Null, 'Delete.png', 0, Null, Null, 0, 1, Null, 0, 1, '2019-08-22 19:36:46'), 
	(147, 515, 11, 1, 'BackupData', 2, 'SysfrmBackupData', -1, Null, 'backup.png', 0, Null, Null, 0, 1, Null, 0, 0, '2019-05-17 14:20:51'), 
	(148, 411, 1, 1, 'CustomerArrears', 0, 'f_Customer_Arrears', -1, Null, 'query.png', 0, Null, Null, 0, 1, Null, 0, 0, '2019-08-22 20:33:41'), 
	(149, 2002, 20, 1, 'Edit', 0, 'CmdEdit', Null, Null, 'Edit.png', 0, Null, Null, 0, 1, Null, 0, 1, '2019-08-23 12:21:35'), 
	(150, 14801, 148, 1, 'ExportToExcel', 0, 'CmdExportToExcel', Null, Null, 'ExportToExcel.png', 0, Null, Null, 0, 1, Null, 0, 1, '2019-08-28 19:48:44'), 
	(151, 191, 1, 1, 'Inventory', 0, Null, Null, Null, 'folder.png', 0, Null, Null, 0, 1, Null, 0, 0, '2019-10-10 10:39:48'), 
	(152, 15101, 151, 1, 'OutBoundOrder', 2, 'OutBoundOrder', -1, Null, 'sales.png', 0, Null, Null, 0, 1, Null, 0, 0, '2019-10-14 17:05:55'), 
	(153, 202, 152, 1, 'Edit', 0, 'CmdEdit', Null, Null, 'Edit.png', 0, Null, Null, 0, 1, Null, 0, 1, '2019-10-10 11:00:53'), 
	(154, 201, 152, 1, 'New', 0, 'CmdNew', Null, Null, 'New.png', 0, Null, Null, 0, 1, Null, 0, 1, '2019-10-10 11:00:53'), 
	(155, 207, 152, 1, 'ExportToExcel', 0, 'CmdExportToExcel', Null, Null, 'ExportToExcel.png', 0, Null, Null, 0, 1, Null, 0, 1, '2019-10-10 11:00:53'), 
	(156, 203, 152, 1, 'Browse', 0, 'CmdBrowse', Null, Null, 'Browse.png', 0, Null, Null, 0, 1, Null, 0, 1, '2019-10-10 11:00:53'), 
	(157, 204, 152, 1, 'Submit', 0, 'CmdSubmit', Null, Null, 'Submit.png', 0, Null, Null, 0, 1, Null, 0, 1, '2019-10-10 11:00:53'), 
	(158, 205, 152, 1, 'Refresh', 0, 'CmdRefresh', Null, Null, 'Refresh.png', 0, Null, Null, 0, 1, Null, 0, 1, '2019-10-10 11:00:53'), 
	(159, 206, 152, 1, 'Search', 0, 'CmdSearch', Null, Null, 'folder_explore.ico', 0, Null, Null, 0, 1, Null, 0, 1, '2019-10-10 11:00:53'), 
	(160, 15102, 151, 1, 'WarehouseReceipt', 0, 'WarehouseReceipt', Null, Null, 'buy.png', 0, Null, Null, 0, 1, Null, 0, 0, '2019-10-14 17:06:02'), 
	(161, 202, 160, 1, 'Edit', 0, 'CmdEdit', Null, Null, 'Edit.png', 0, Null, Null, 0, 1, Null, 0, 1, '2019-10-10 11:00:53'), 
	(162, 201, 160, 1, 'New', 0, 'CmdNew', Null, Null, 'New.png', 0, Null, Null, 0, 1, Null, 0, 1, '2019-10-10 11:00:53'), 
	(163, 207, 160, 1, 'ExportToExcel', 0, 'CmdExportToExcel', Null, Null, 'ExportToExcel.png', 0, Null, Null, 0, 1, Null, 0, 1, '2019-10-10 11:00:53'), 
	(164, 203, 160, 1, 'Browse', 0, 'CmdBrowse', Null, Null, 'Browse.png', 0, Null, Null, 0, 1, Null, 0, 1, '2019-10-10 11:00:53'), 
	(165, 204, 160, 1, 'Submit', 0, 'CmdSubmit', Null, Null, 'Submit.png', 0, Null, Null, 0, 1, Null, 0, 1, '2019-10-10 11:00:53'), 
	(166, 205, 160, 1, 'Refresh', 0, 'CmdRefresh', Null, Null, 'Refresh.png', 0, Null, Null, 0, 1, Null, 0, 1, '2019-10-10 11:00:53'), 
	(167, 206, 160, 1, 'Search', 0, 'CmdSearch', Null, Null, 'folder_explore.ico', 0, Null, Null, 0, 1, Null, 0, 1, '2019-10-10 11:00:53'), 
	(168, 15103, 151, 1, 'ProductInformation', 0, 'ProductInformation', Null, Null, 'stock.png', 0, Null, Null, 0, 1, Null, 0, 0, '2019-10-14 17:06:09'), 
	(169, 7302, 168, 1, 'Edit', 0, 'CmdEdit', Null, Null, 'Edit.png', 0, Null, Null, 0, 1, Null, 0, 1, '2019-10-14 16:46:43'), 
	(170, 7301, 168, 1, 'New', 0, 'CmdNew', Null, Null, 'New.png', 0, Null, Null, 0, 1, Null, 0, 1, '2019-10-14 16:46:43'), 
	(171, 7304, 168, 1, 'Refresh', 0, 'CmdRefresh', Null, Null, 'Refresh.png', 0, Null, Null, 0, 1, Null, 0, 1, '2019-10-14 16:46:43'), 
	(173, 7303, 168, 1, 'Delete', 0, 'CmdDelete', Null, Null, 'Delete.png', 0, Null, Null, 0, 1, Null, 0, 1, '2019-10-14 16:46:43'), 
	(176, 31, 1, 1, 'Supplier', 0, 'Supplier', Null, Null, 'suppliers.png', 0, Null, Null, 0, 1, Null, 0, 0, '2019-10-16 08:08:23'), 
	(177, 7302, 176, 1, 'Edit', 0, 'CmdEdit', Null, Null, 'Edit.png', 0, Null, Null, 0, 1, Null, 0, 1, '2019-10-15 17:44:40'), 
	(178, 7301, 176, 1, 'New', 0, 'CmdNew', Null, Null, 'New.png', 0, Null, Null, 0, 1, Null, 0, 1, '2019-10-15 17:44:40'), 
	(179, 7304, 176, 1, 'Refresh', 0, 'CmdRefresh', Null, Null, 'Refresh.png', 0, Null, Null, 0, 1, Null, 0, 1, '2019-10-15 17:44:40'), 
	(180, 950, 176, 1, 'Search', 0, 'CmdSearch', Null, Null, 'folder_explore.ico', 0, Null, Null, 0, 1, Null, 0, 1, '2019-10-15 17:44:40'), 
	(181, 7303, 176, 1, 'Delete', 0, 'CmdDelete', Null, Null, 'Delete.png', 0, Null, Null, 0, 1, Null, 0, 1, '2019-10-15 17:44:40'), 
	(184, 16809, 168, 1, 'ExportToExcel', 0, 'CmdExportToExcel', Null, Null, 'ExportToExcel.png', 0, Null, Null, 0, 1, Null, 0, 1, '2019-10-18 09:37:16'), 
	(185, 16810, 168, 1, 'Print', 0, 'CmdPrint', Null, Null, 'print.png', 0, Null, Null, 0, 1, Null, 0, 1, '2019-10-18 09:39:54');
-- 导出  表 myorder_python.systabelautokeyroles 结构
DROP TABLE IF EXISTS `systabelautokeyroles`;
CREATE TABLE `systabelautokeyroles` (
  `fRoleID` tinyint(4) NOT NULL AUTO_INCREMENT COMMENT '编号',
  `fRoleName` varchar(50) NOT NULL COMMENT '名称',
  `fTabelName` varchar(50) NOT NULL COMMENT '表名',
  `fFieldName` varchar(50) NOT NULL COMMENT '字段名',
  `fHasDateTime` bit(1) NOT NULL DEFAULT b'0' COMMENT '有时间',
  `fPreFix` varchar(50) NOT NULL COMMENT '前缀',
  `fCurrentValue` int(10) unsigned zerofill DEFAULT NULL COMMENT '当前值',
  `fLenght` tinyint(4) NOT NULL DEFAULT '6' COMMENT '长度',
  `fLastKey` varchar(255) DEFAULT NULL COMMENT '最后生成键值',
  `fDateFormat` varchar(50) DEFAULT NULL COMMENT '日期格式',
  `TS` timestamp NOT NULL DEFAULT CURRENT_TIMESTAMP ON UPDATE CURRENT_TIMESTAMP,
  PRIMARY KEY (`fRoleID`),
  UNIQUE KEY `PreFix` (`fPreFix`),
  KEY `LastKey` (`fLastKey`)
) ENGINE=InnoDB AUTO_INCREMENT=8 DEFAULT CHARSET=utf8
;
INSERT INTO `systabelautokeyroles` (`fRoleID`, `fRoleName`, `fTabelName`, `fFieldName`, `fHasDateTime`, `fPreFix`, `fCurrentValue`, `fLenght`, `fLastKey`, `fDateFormat`, `TS`) VALUES 
(1, 'OrderID', 't_order', 'forderID', 1, 'CP', 164, 6, 'CP2019-1024000164', 'yyyy-mmdd', '2019-10-24 11:21:26'), 
	(2, 'InkjetPrintingGuide_ID', 't_InkjetPrintingGuide', 'InkjetPrintingGuide_ID', 1, 'PG', 0, 6, '0', 'yyyy-mmdd', '2019-04-18 12:37:08'), 
	(3, 'Attachment', 't_InkjetPrintingGuide_Map', 'MapName', 1, 'ATT', 0, 10, '', 'yyyymmdd', '2019-04-18 12:37:08'), 
	(4, 'PrintingQuoteID', 't_quotation', 'fQuoteID', 1, 'QP', 2, 6, 'QP2019-1017000002', 'yyyy-mmdd', '2019-10-17 08:22:26'), 
	(5, 'PrintingOderID', 't_order', 'fOrderID', 1, 'TP', 17, 6, 'TP2019-0914000017', 'yyyy-mmdd', '2019-09-14 11:36:25'), 
	(6, 'OrderQuoteID', 't_Quotation', 'fQuoteID', 1, 'QS', 6, 6, 'QS2019-1011000006', 'yyyy-mmdd', '2019-10-11 20:06:58'), 
	(7, 'OuttboundOrderID', 't_product_outbound_order', 'fOrderID', 1, 'PO', 7, 6, 'PO2019-1018000007', 'yyyy-mmdd', '2019-10-18 09:23:57');
-- 导出  表 myorder_python.sysuserright 结构
DROP TABLE IF EXISTS `sysuserright`;
CREATE TABLE `sysuserright` (
  `fID` smallint(6) NOT NULL AUTO_INCREMENT COMMENT '编号',
  `fRightID` smallint(6) NOT NULL COMMENT '权限编号',
  `fUserID` smallint(6) NOT NULL COMMENT '用户编号',
  `fHasRight` bit(1) DEFAULT b'0' COMMENT '有权限',
  `TS` timestamp NOT NULL DEFAULT CURRENT_TIMESTAMP ON UPDATE CURRENT_TIMESTAMP,
  PRIMARY KEY (`fID`),
  UNIQUE KEY `UserID` (`fUserID`,`fRightID`)
) ENGINE=InnoDB AUTO_INCREMENT=991 DEFAULT CHARSET=utf8
;
INSERT INTO `sysuserright` (`fID`, `fRightID`, `fUserID`, `fHasRight`, `TS`) VALUES 
(1, 1, 2, 1, '2019-09-09 13:32:22'), 
	(2, 2, 2, 1, '2019-09-09 13:46:45'), 
	(3, 9, 2, 1, '2019-09-09 13:46:45'), 
	(4, 10, 2, 1, '2019-09-09 13:46:45'), 
	(5, 11, 2, 1, '2019-09-09 13:46:45'), 
	(6, 12, 2, 1, '2019-09-09 13:32:22'), 
	(7, 13, 2, 0, '2019-09-12 16:01:53'), 
	(8, 14, 2, 1, '2019-09-09 13:46:45'), 
	(9, 15, 2, 1, '2019-09-09 13:46:45'), 
	(10, 17, 2, 1, '2019-09-09 13:32:22'), 
	(11, 18, 2, 1, '2019-09-09 13:46:45'), 
	(12, 19, 2, 1, '2019-09-09 13:46:45'), 
	(13, 20, 2, 1, '2019-09-09 13:46:45'), 
	(14, 21, 2, 1, '2019-09-09 13:46:45'), 
	(15, 22, 2, 1, '2019-09-09 13:46:45'), 
	(16, 54, 2, 1, '2019-09-09 13:46:45'), 
	(17, 55, 2, 1, '2019-09-09 13:46:45'), 
	(18, 56, 2, 1, '2019-09-09 13:46:45'), 
	(19, 71, 2, 1, '2019-09-09 13:46:45'), 
	(20, 72, 2, 1, '2019-09-09 13:46:45'), 
	(21, 73, 2, 1, '2019-09-09 13:46:45'), 
	(22, 80, 2, 1, '2019-09-09 13:46:45'), 
	(23, 81, 2, 1, '2019-09-09 13:46:45'), 
	(24, 82, 2, 1, '2019-09-09 13:46:45'), 
	(25, 83, 2, 1, '2019-09-09 13:46:45'), 
	(26, 84, 2, 1, '2019-09-09 13:46:45'), 
	(27, 85, 2, 1, '2019-09-09 13:46:45'), 
	(28, 86, 2, 1, '2019-09-09 13:46:45'), 
	(29, 87, 2, 1, '2019-09-09 13:46:45'), 
	(30, 88, 2, 1, '2019-09-09 13:46:45'), 
	(31, 89, 2, 1, '2019-09-09 13:46:45'), 
	(32, 90, 2, 1, '2019-09-09 13:46:45'), 
	(33, 91, 2, 1, '2019-09-09 13:46:45'), 
	(34, 92, 2, 1, '2019-09-09 13:46:45'), 
	(35, 93, 2, 1, '2019-09-09 13:46:45'), 
	(36, 94, 2, 1, '2019-09-09 13:46:45'), 
	(37, 95, 2, 1, '2019-09-09 13:46:45'), 
	(38, 97, 2, 1, '2019-09-09 13:46:45'), 
	(39, 98, 2, 1, '2019-09-09 13:46:45'), 
	(40, 99, 2, 1, '2019-09-09 13:46:45'), 
	(41, 100, 2, 1, '2019-09-09 13:46:45'), 
	(42, 101, 2, 1, '2019-09-09 13:46:45'), 
	(43, 102, 2, 1, '2019-09-09 13:46:45'), 
	(44, 103, 2, 1, '2019-09-09 13:46:45'), 
	(45, 104, 2, 1, '2019-09-09 13:46:45'), 
	(46, 105, 2, 1, '2019-09-09 13:46:45'), 
	(47, 106, 2, 1, '2019-09-09 13:46:45'), 
	(48, 107, 2, 1, '2019-09-09 13:46:45'), 
	(49, 108, 2, 1, '2019-09-09 13:46:45'), 
	(50, 109, 2, 1, '2019-09-09 13:46:45'), 
	(51, 110, 2, 1, '2019-09-09 13:46:45'), 
	(52, 111, 2, 1, '2019-09-09 13:46:45'), 
	(53, 112, 2, 1, '2019-09-09 13:46:45'), 
	(54, 113, 2, 1, '2019-09-09 13:46:45'), 
	(55, 114, 2, 1, '2019-09-09 13:46:45'), 
	(56, 115, 2, 1, '2019-09-09 13:46:45'), 
	(57, 116, 2, 1, '2019-09-09 13:46:45'), 
	(58, 117, 2, 1, '2019-09-09 13:46:45'), 
	(59, 118, 2, 1, '2019-09-09 13:46:45'), 
	(60, 119, 2, 1, '2019-09-09 13:46:45'), 
	(61, 120, 2, 1, '2019-09-09 13:46:45'), 
	(62, 121, 2, 1, '2019-09-09 13:46:45'), 
	(63, 122, 2, 1, '2019-09-09 13:46:45'), 
	(64, 123, 2, 1, '2019-09-09 13:46:45'), 
	(65, 124, 2, 1, '2019-09-09 13:46:45'), 
	(66, 125, 2, 1, '2019-09-09 13:46:45'), 
	(67, 126, 2, 1, '2019-09-09 13:46:45'), 
	(68, 127, 2, 1, '2019-09-09 13:46:45'), 
	(69, 128, 2, 1, '2019-09-09 13:46:45'), 
	(70, 129, 2, 1, '2019-09-09 13:46:45'), 
	(71, 130, 2, 1, '2019-09-09 13:46:45'), 
	(72, 131, 2, 1, '2019-09-09 13:46:45'), 
	(73, 132, 2, 1, '2019-09-09 13:46:45'), 
	(74, 133, 2, 1, '2019-09-09 13:46:45'), 
	(75, 134, 2, 1, '2019-09-09 13:46:45'), 
	(76, 135, 2, 1, '2019-09-09 13:46:45'), 
	(77, 136, 2, 1, '2019-09-09 13:46:45'), 
	(78, 137, 2, 1, '2019-09-09 13:46:45'), 
	(79, 145, 2, 1, '2019-09-09 13:46:45'), 
	(80, 147, 2, 1, '2019-09-09 13:46:45'), 
	(81, 148, 2, 1, '2019-09-09 13:46:45'), 
	(82, 149, 2, 1, '2019-09-09 13:46:45'), 
	(83, 150, 2, 1, '2019-09-09 13:46:45'), 
	(128, 1, 3, 1, '2019-09-09 13:44:31'), 
	(129, 2, 3, 1, '2019-09-09 13:45:46'), 
	(130, 9, 3, 0, '2019-09-09 13:44:31'), 
	(131, 10, 3, 0, '2019-09-09 13:44:31'), 
	(132, 11, 3, 0, '2019-09-09 13:44:31'), 
	(133, 12, 3, 1, '2019-09-09 13:44:31'), 
	(134, 13, 3, 0, '2019-09-09 13:44:31'), 
	(135, 14, 3, 0, '2019-09-09 13:44:31'), 
	(136, 15, 3, 1, '2019-09-09 13:45:46'), 
	(137, 17, 3, 1, '2019-09-09 13:44:31'), 
	(138, 18, 3, 0, '2019-09-09 13:44:31'), 
	(139, 19, 3, 0, '2019-09-09 13:44:31'), 
	(140, 20, 3, 0, '2019-09-09 13:44:31'), 
	(141, 21, 3, 1, '2019-09-09 13:45:46'), 
	(142, 22, 3, 1, '2019-09-09 13:45:46'), 
	(143, 54, 3, 1, '2019-09-09 15:02:51'), 
	(144, 55, 3, 0, '2019-09-09 13:44:31'), 
	(145, 56, 3, 1, '2019-09-09 13:45:46'), 
	(146, 71, 3, 1, '2019-09-09 13:45:46'), 
	(147, 72, 3, 1, '2019-09-12 16:01:34'), 
	(148, 73, 3, 1, '2019-09-12 14:58:40'), 
	(149, 80, 3, 0, '2019-09-09 13:44:31'), 
	(150, 81, 3, 1, '2019-09-09 13:45:46'), 
	(151, 82, 3, 1, '2019-09-09 13:45:46'), 
	(152, 83, 3, 1, '2019-09-09 13:45:46'), 
	(153, 84, 3, 1, '2019-09-09 13:45:46'), 
	(154, 85, 3, 1, '2019-09-09 13:45:46'), 
	(155, 86, 3, 1, '2019-09-09 13:45:46'), 
	(156, 87, 3, 1, '2019-09-09 13:45:46'), 
	(157, 88, 3, 0, '2019-09-09 13:44:31'), 
	(158, 89, 3, 0, '2019-09-09 13:44:31'), 
	(159, 90, 3, 0, '2019-09-09 13:44:31'), 
	(160, 91, 3, 0, '2019-09-09 13:44:31'), 
	(161, 92, 3, 0, '2019-09-12 12:09:57'), 
	(162, 93, 3, 1, '2019-09-09 13:45:46'), 
	(163, 94, 3, 0, '2019-09-09 13:44:31'), 
	(164, 95, 3, 1, '2019-09-12 14:58:40'), 
	(165, 97, 3, 0, '2019-09-09 13:44:31'), 
	(166, 98, 3, 0, '2019-09-09 13:44:31'), 
	(167, 99, 3, 0, '2019-09-09 13:44:31'), 
	(168, 100, 3, 0, '2019-09-09 13:44:31'), 
	(169, 101, 3, 0, '2019-09-09 13:44:31'), 
	(170, 102, 3, 0, '2019-09-09 13:44:31'), 
	(171, 103, 3, 1, '2019-09-12 16:01:34'), 
	(172, 104, 3, 1, '2019-09-12 16:01:34'), 
	(173, 105, 3, 1, '2019-09-12 16:01:34'), 
	(174, 106, 3, 1, '2019-09-12 16:01:34'), 
	(175, 107, 3, 1, '2019-09-12 16:01:34'), 
	(176, 108, 3, 1, '2019-09-12 16:01:34'), 
	(177, 109, 3, 1, '2019-09-12 16:01:34'), 
	(178, 110, 3, 0, '2019-09-09 13:44:31'), 
	(179, 111, 3, 0, '2019-09-09 13:44:31'), 
	(180, 112, 3, 1, '2019-09-09 13:45:46'), 
	(181, 113, 3, 0, '2019-09-09 13:44:31'), 
	(182, 114, 3, 0, '2019-09-09 13:44:31'), 
	(183, 115, 3, 0, '2019-09-09 13:44:31'), 
	(184, 116, 3, 0, '2019-09-09 13:44:31'), 
	(185, 117, 3, 0, '2019-09-09 13:44:31'), 
	(186, 118, 3, 0, '2019-09-09 13:44:31'), 
	(187, 119, 3, 0, '2019-09-09 13:44:31'), 
	(188, 120, 3, 0, '2019-09-09 13:44:31'), 
	(189, 121, 3, 0, '2019-09-09 13:44:31'), 
	(190, 122, 3, 0, '2019-09-09 13:44:31'), 
	(191, 123, 3, 0, '2019-09-09 13:44:31'), 
	(192, 124, 3, 0, '2019-09-09 13:44:31'), 
	(193, 125, 3, 0, '2019-09-09 13:44:31'), 
	(194, 126, 3, 0, '2019-09-09 13:44:31'), 
	(195, 127, 3, 0, '2019-09-09 13:44:31'), 
	(196, 128, 3, 1, '2019-09-09 13:45:46'), 
	(197, 129, 3, 1, '2019-09-09 13:45:46'), 
	(198, 130, 3, 1, '2019-09-09 13:45:46'), 
	(199, 131, 3, 1, '2019-09-09 13:45:46'), 
	(200, 132, 3, 1, '2019-09-09 13:45:46'), 
	(201, 133, 3, 1, '2019-09-09 13:45:46'), 
	(202, 134, 3, 1, '2019-09-09 13:45:46'), 
	(203, 135, 3, 0, '2019-09-09 13:44:31'), 
	(204, 136, 3, 0, '2019-09-09 13:44:31'), 
	(205, 137, 3, 0, '2019-09-09 13:44:31'), 
	(206, 145, 3, 0, '2019-09-09 13:44:31'), 
	(207, 147, 3, 0, '2019-09-09 13:44:31'), 
	(208, 148, 3, 1, '2019-09-09 13:45:46'), 
	(209, 149, 3, 0, '2019-09-09 13:44:31'), 
	(210, 150, 3, 1, '2019-09-09 13:45:46'), 
	(255, 1, 4, 1, '2019-09-09 13:49:22'), 
	(256, 2, 4, 0, '2019-09-09 13:49:22'), 
	(257, 9, 4, 0, '2019-09-09 13:49:22'), 
	(258, 10, 4, 0, '2019-09-09 13:49:22'), 
	(259, 11, 4, 0, '2019-09-09 13:49:22'), 
	(260, 12, 4, 1, '2019-09-09 13:49:22'), 
	(261, 13, 4, 0, '2019-09-09 13:49:22'), 
	(262, 14, 4, 0, '2019-09-09 13:49:22'), 
	(263, 15, 4, 1, '2019-09-09 13:50:28'), 
	(264, 17, 4, 1, '2019-09-09 13:49:22'), 
	(265, 18, 4, 0, '2019-09-09 13:49:22'), 
	(266, 19, 4, 0, '2019-09-09 13:49:22'), 
	(267, 20, 4, 0, '2019-09-09 13:49:22'), 
	(268, 21, 4, 1, '2019-09-09 13:50:28'), 
	(269, 22, 4, 1, '2019-09-09 13:50:28'), 
	(270, 54, 4, 1, '2019-09-09 13:50:28'), 
	(271, 55, 4, 1, '2019-09-09 13:50:28'), 
	(272, 56, 4, 0, '2019-09-09 13:49:22'), 
	(273, 71, 4, 1, '2019-09-09 13:50:28'), 
	(274, 72, 4, 1, '2019-09-09 13:50:28'), 
	(275, 73, 4, 1, '2019-09-09 13:50:28'), 
	(276, 80, 4, 0, '2019-09-09 13:49:22'), 
	(277, 81, 4, 0, '2019-09-09 13:49:22'), 
	(278, 82, 4, 0, '2019-09-09 13:49:22'), 
	(279, 83, 4, 0, '2019-09-09 13:49:22'), 
	(280, 84, 4, 0, '2019-09-09 13:49:22'), 
	(281, 85, 4, 0, '2019-09-09 13:49:22'), 
	(282, 86, 4, 0, '2019-09-09 13:49:22'), 
	(283, 87, 4, 0, '2019-09-09 13:49:22'), 
	(284, 88, 4, 0, '2019-09-09 13:49:22'), 
	(285, 89, 4, 0, '2019-09-09 13:49:22'), 
	(286, 90, 4, 0, '2019-09-09 13:49:22'), 
	(287, 91, 4, 0, '2019-09-09 13:49:22'), 
	(288, 92, 4, 0, '2019-09-09 13:49:22'), 
	(289, 93, 4, 1, '2019-09-09 13:50:28'), 
	(290, 94, 4, 0, '2019-09-09 13:49:22'), 
	(291, 95, 4, 1, '2019-09-09 13:50:28'), 
	(292, 97, 4, 0, '2019-09-09 13:49:22'), 
	(293, 98, 4, 0, '2019-09-09 13:49:22'), 
	(294, 99, 4, 0, '2019-09-09 13:49:22'), 
	(295, 100, 4, 0, '2019-09-09 13:49:22'), 
	(296, 101, 4, 0, '2019-09-09 13:49:22'), 
	(297, 102, 4, 0, '2019-09-09 13:49:22'), 
	(298, 103, 4, 1, '2019-09-09 13:50:28'), 
	(299, 104, 4, 1, '2019-09-09 13:50:28'), 
	(300, 105, 4, 1, '2019-09-09 13:50:28'), 
	(301, 106, 4, 1, '2019-09-09 13:50:28'), 
	(302, 107, 4, 1, '2019-09-09 13:50:28'), 
	(303, 108, 4, 1, '2019-09-09 13:50:28'), 
	(304, 109, 4, 1, '2019-09-09 13:50:28'), 
	(305, 110, 4, 0, '2019-09-09 13:49:22'), 
	(306, 111, 4, 0, '2019-09-09 13:49:22'), 
	(307, 112, 4, 1, '2019-09-09 13:50:28'), 
	(308, 113, 4, 0, '2019-09-09 13:49:22'), 
	(309, 114, 4, 0, '2019-09-09 13:49:22'), 
	(310, 115, 4, 1, '2019-09-09 13:50:28'), 
	(311, 116, 4, 1, '2019-09-09 13:50:28'), 
	(312, 117, 4, 1, '2019-09-09 13:50:28'), 
	(313, 118, 4, 1, '2019-09-09 13:50:28'), 
	(314, 119, 4, 1, '2019-09-09 13:50:28'), 
	(315, 120, 4, 1, '2019-09-09 13:50:28'), 
	(316, 121, 4, 1, '2019-09-09 13:50:28'), 
	(317, 122, 4, 0, '2019-09-09 13:49:22'), 
	(318, 123, 4, 0, '2019-09-09 13:49:22'), 
	(319, 124, 4, 0, '2019-09-09 13:49:22'), 
	(320, 125, 4, 0, '2019-09-09 13:49:22'), 
	(321, 126, 4, 0, '2019-09-09 13:49:22'), 
	(322, 127, 4, 0, '2019-09-09 13:49:22'), 
	(323, 128, 4, 0, '2019-09-09 13:49:22'), 
	(324, 129, 4, 0, '2019-09-09 13:49:22'), 
	(325, 130, 4, 0, '2019-09-09 13:49:22'), 
	(326, 131, 4, 0, '2019-09-09 13:49:22'), 
	(327, 132, 4, 0, '2019-09-09 13:49:22'), 
	(328, 133, 4, 0, '2019-09-09 13:49:22'), 
	(329, 134, 4, 0, '2019-09-09 13:49:22'), 
	(330, 135, 4, 0, '2019-09-09 13:49:22'), 
	(331, 136, 4, 0, '2019-09-09 13:49:22'), 
	(332, 137, 4, 0, '2019-09-09 13:49:22'), 
	(333, 145, 4, 0, '2019-09-09 13:49:22'), 
	(334, 147, 4, 0, '2019-09-09 13:49:22'), 
	(335, 148, 4, 1, '2019-09-09 13:50:28'), 
	(336, 149, 4, 0, '2019-09-09 13:49:22'), 
	(337, 150, 4, 1, '2019-09-09 13:50:28'), 
	(382, 1, 5, 1, '2019-09-09 13:51:10'), 
	(383, 2, 5, 1, '2019-09-09 14:58:01'), 
	(384, 9, 5, 1, '2019-09-09 13:54:13'), 
	(385, 10, 5, 0, '2019-09-09 13:51:10'), 
	(386, 11, 5, 0, '2019-09-09 13:51:10'), 
	(387, 12, 5, 1, '2019-09-09 13:51:10'), 
	(388, 13, 5, 0, '2019-09-09 13:51:10'), 
	(389, 14, 5, 0, '2019-09-09 13:51:10'), 
	(390, 15, 5, 1, '2019-09-09 13:54:13'), 
	(391, 17, 5, 1, '2019-09-09 13:51:10'), 
	(392, 18, 5, 0, '2019-09-09 13:51:10'), 
	(393, 19, 5, 0, '2019-09-09 13:51:10'), 
	(394, 20, 5, 1, '2019-09-09 13:54:13'), 
	(395, 21, 5, 0, '2019-09-09 13:51:10'), 
	(396, 22, 5, 0, '2019-09-09 13:51:10'), 
	(397, 54, 5, 0, '2019-09-09 13:51:10'), 
	(398, 55, 5, 0, '2019-09-09 13:51:10'), 
	(399, 56, 5, 0, '2019-09-09 13:51:10'), 
	(400, 71, 5, 1, '2019-09-09 13:54:13'), 
	(401, 72, 5, 1, '2019-09-09 13:54:13'), 
	(402, 73, 5, 1, '2019-09-09 13:54:13'), 
	(403, 80, 5, 0, '2019-09-09 13:51:10'), 
	(404, 81, 5, 0, '2019-09-09 13:51:10'), 
	(405, 82, 5, 0, '2019-09-09 13:51:10'), 
	(406, 83, 5, 0, '2019-09-09 13:51:10'), 
	(407, 84, 5, 1, '2019-09-09 13:54:13'), 
	(408, 85, 5, 0, '2019-09-09 13:51:10'), 
	(409, 86, 5, 0, '2019-09-09 13:51:10'), 
	(410, 87, 5, 1, '2019-09-09 13:54:13'), 
	(411, 88, 5, 1, '2019-09-09 13:54:13'), 
	(412, 89, 5, 1, '2019-09-09 13:54:13'), 
	(413, 90, 5, 1, '2019-09-09 13:54:13'), 
	(414, 91, 5, 1, '2019-09-09 13:54:13'), 
	(415, 92, 5, 0, '2019-09-09 13:51:10'), 
	(416, 93, 5, 0, '2019-09-09 13:51:10'), 
	(417, 94, 5, 1, '2019-09-09 13:54:13'), 
	(418, 95, 5, 1, '2019-09-09 13:54:13'), 
	(419, 97, 5, 1, '2019-09-09 13:54:13'), 
	(420, 98, 5, 1, '2019-09-09 13:54:13'), 
	(421, 99, 5, 1, '2019-09-09 13:54:13'), 
	(422, 100, 5, 1, '2019-09-09 13:54:13'), 
	(423, 101, 5, 1, '2019-09-09 13:54:13'), 
	(424, 102, 5, 1, '2019-09-09 13:54:13'), 
	(425, 103, 5, 0, '2019-09-09 13:51:10'), 
	(426, 104, 5, 0, '2019-09-09 13:51:10'), 
	(427, 105, 5, 0, '2019-09-09 13:51:10'), 
	(428, 106, 5, 1, '2019-09-09 13:54:13'), 
	(429, 107, 5, 0, '2019-09-09 13:51:10'), 
	(430, 108, 5, 0, '2019-09-09 13:51:10'), 
	(431, 109, 5, 1, '2019-09-09 13:54:13'), 
	(432, 110, 5, 0, '2019-09-09 13:51:10'), 
	(433, 111, 5, 0, '2019-09-09 13:51:10'), 
	(434, 112, 5, 1, '2019-09-09 13:54:13'), 
	(435, 113, 5, 0, '2019-09-09 13:51:10'), 
	(436, 114, 5, 0, '2019-09-09 13:51:10'), 
	(437, 115, 5, 0, '2019-09-09 13:51:10'), 
	(438, 116, 5, 0, '2019-09-09 13:51:10'), 
	(439, 117, 5, 0, '2019-09-09 13:51:10'), 
	(440, 118, 5, 0, '2019-09-09 13:51:10'), 
	(441, 119, 5, 0, '2019-09-09 13:51:10'), 
	(442, 120, 5, 0, '2019-09-09 13:51:10'), 
	(443, 121, 5, 0, '2019-09-09 13:51:10'), 
	(444, 122, 5, 0, '2019-09-09 13:51:10'), 
	(445, 123, 5, 0, '2019-09-09 13:51:10'), 
	(446, 124, 5, 0, '2019-09-09 13:51:10'), 
	(447, 125, 5, 0, '2019-09-09 13:51:10'), 
	(448, 126, 5, 0, '2019-09-09 13:51:10'), 
	(449, 127, 5, 0, '2019-09-09 13:51:10'), 
	(450, 128, 5, 0, '2019-09-09 13:51:10'), 
	(451, 129, 5, 0, '2019-09-09 13:51:10'), 
	(452, 130, 5, 0, '2019-09-09 13:51:10'), 
	(453, 131, 5, 0, '2019-09-09 13:51:10'), 
	(454, 132, 5, 0, '2019-09-09 13:51:10'), 
	(455, 133, 5, 0, '2019-09-09 13:51:10'), 
	(456, 134, 5, 0, '2019-09-09 13:51:10'), 
	(457, 135, 5, 0, '2019-09-09 13:51:10'), 
	(458, 136, 5, 0, '2019-09-09 13:51:10'), 
	(459, 137, 5, 0, '2019-09-09 13:51:10'), 
	(460, 145, 5, 0, '2019-09-09 13:51:10'), 
	(461, 147, 5, 0, '2019-09-09 13:51:10'), 
	(462, 148, 5, 1, '2019-09-09 13:54:13'), 
	(463, 149, 5, 1, '2019-09-09 13:54:13'), 
	(464, 150, 5, 1, '2019-09-09 13:54:13'), 
	(509, 1, 6, 1, '2019-09-09 13:57:24'), 
	(510, 2, 6, 1, '2019-09-09 13:58:34'), 
	(511, 9, 6, 0, '2019-09-09 13:57:24'), 
	(512, 10, 6, 0, '2019-09-09 13:57:24'), 
	(513, 11, 6, 0, '2019-09-09 13:57:24'), 
	(514, 12, 6, 1, '2019-09-09 13:57:24'), 
	(515, 13, 6, 0, '2019-09-09 13:57:24'), 
	(516, 14, 6, 0, '2019-09-09 13:57:24'), 
	(517, 15, 6, 1, '2019-09-09 13:58:34'), 
	(518, 17, 6, 1, '2019-09-09 13:57:24'), 
	(519, 18, 6, 0, '2019-09-09 13:57:24'), 
	(520, 19, 6, 0, '2019-09-09 13:57:24'), 
	(521, 20, 6, 0, '2019-09-09 13:57:24'), 
	(522, 21, 6, 0, '2019-09-09 13:57:24'), 
	(523, 22, 6, 0, '2019-09-09 13:57:24'), 
	(524, 54, 6, 0, '2019-09-09 13:57:24'), 
	(525, 55, 6, 0, '2019-09-09 13:57:24'), 
	(526, 56, 6, 0, '2019-09-09 13:57:24'), 
	(527, 71, 6, 1, '2019-09-09 13:58:34'), 
	(528, 72, 6, 1, '2019-09-09 13:58:34'), 
	(529, 73, 6, 0, '2019-09-09 13:57:24'), 
	(530, 80, 6, 0, '2019-09-09 13:57:24'), 
	(531, 81, 6, 0, '2019-09-09 13:57:24'), 
	(532, 82, 6, 0, '2019-09-09 13:57:24'), 
	(533, 83, 6, 0, '2019-09-09 13:57:24'), 
	(534, 84, 6, 1, '2019-09-09 13:58:34'), 
	(535, 85, 6, 0, '2019-09-09 13:57:24'), 
	(536, 86, 6, 1, '2019-09-09 13:58:34'), 
	(537, 87, 6, 1, '2019-09-09 13:58:34'), 
	(538, 88, 6, 0, '2019-09-09 13:57:24'), 
	(539, 89, 6, 0, '2019-09-09 13:57:24'), 
	(540, 90, 6, 0, '2019-09-09 13:57:24'), 
	(541, 91, 6, 0, '2019-09-09 13:57:24'), 
	(542, 92, 6, 0, '2019-09-09 13:57:24'), 
	(543, 93, 6, 0, '2019-09-09 13:57:24'), 
	(544, 94, 6, 0, '2019-09-09 13:57:24'), 
	(545, 95, 6, 0, '2019-09-09 13:57:24'), 
	(546, 97, 6, 0, '2019-09-09 13:57:24'), 
	(547, 98, 6, 0, '2019-09-09 13:57:24'), 
	(548, 99, 6, 0, '2019-09-09 13:57:24'), 
	(549, 100, 6, 0, '2019-09-09 13:57:24'), 
	(550, 101, 6, 0, '2019-09-09 13:57:24'), 
	(551, 102, 6, 0, '2019-09-09 13:57:24'), 
	(552, 103, 6, 0, '2019-09-09 13:57:24'), 
	(553, 104, 6, 0, '2019-09-09 13:57:24'), 
	(554, 105, 6, 0, '2019-09-09 13:57:24'), 
	(555, 106, 6, 1, '2019-09-09 13:58:34'), 
	(556, 107, 6, 0, '2019-09-09 13:57:24'), 
	(557, 108, 6, 1, '2019-09-09 13:58:34'), 
	(558, 109, 6, 1, '2019-09-09 13:58:34'), 
	(559, 110, 6, 1, '2019-09-09 13:58:34'), 
	(560, 111, 6, 1, '2019-09-09 13:58:34'), 
	(561, 112, 6, 1, '2019-09-09 13:58:34'), 
	(562, 113, 6, 1, '2019-09-09 13:58:34'), 
	(563, 114, 6, 1, '2019-09-09 13:58:34'), 
	(564, 115, 6, 0, '2019-09-09 13:57:24'), 
	(565, 116, 6, 0, '2019-09-09 13:57:24'), 
	(566, 117, 6, 0, '2019-09-09 13:57:24'), 
	(567, 118, 6, 0, '2019-09-09 13:57:24'), 
	(568, 119, 6, 0, '2019-09-09 13:57:24'), 
	(569, 120, 6, 0, '2019-09-09 13:57:24'), 
	(570, 121, 6, 0, '2019-09-09 13:57:24'), 
	(571, 122, 6, 0, '2019-09-09 13:57:24'), 
	(572, 123, 6, 0, '2019-09-09 13:57:24'), 
	(573, 124, 6, 0, '2019-09-09 13:57:24'), 
	(574, 125, 6, 0, '2019-09-09 13:57:24'), 
	(575, 126, 6, 0, '2019-09-09 13:57:24'), 
	(576, 127, 6, 0, '2019-09-09 13:57:24'), 
	(577, 128, 6, 0, '2019-09-09 13:57:24'), 
	(578, 129, 6, 0, '2019-09-09 13:57:24'), 
	(579, 130, 6, 0, '2019-09-09 13:57:24'), 
	(580, 131, 6, 0, '2019-09-09 13:57:24'), 
	(581, 132, 6, 0, '2019-09-09 13:57:24'), 
	(582, 133, 6, 0, '2019-09-09 13:57:24'), 
	(583, 134, 6, 0, '2019-09-09 13:57:24'), 
	(584, 135, 6, 0, '2019-09-09 13:57:24'), 
	(585, 136, 6, 0, '2019-09-09 13:57:24'), 
	(586, 137, 6, 0, '2019-09-09 13:57:24'), 
	(587, 145, 6, 0, '2019-09-09 13:57:24'), 
	(588, 147, 6, 0, '2019-09-09 13:57:24'), 
	(589, 148, 6, 1, '2019-09-09 13:58:34'), 
	(590, 149, 6, 0, '2019-09-09 13:57:24'), 
	(591, 150, 6, 1, '2019-09-11 10:50:25'), 
	(636, 1, 7, 1, '2019-09-09 13:59:06'), 
	(637, 2, 7, 1, '2019-09-09 13:59:55'), 
	(638, 9, 7, 1, '2019-09-09 13:59:55'), 
	(639, 10, 7, 1, '2019-09-09 13:59:55'), 
	(640, 11, 7, 1, '2019-09-09 13:59:55'), 
	(641, 12, 7, 1, '2019-09-09 13:59:06'), 
	(642, 13, 7, 1, '2019-09-09 13:59:55'), 
	(643, 14, 7, 1, '2019-09-09 13:59:55'), 
	(644, 15, 7, 1, '2019-09-09 13:59:55'), 
	(645, 17, 7, 1, '2019-09-09 13:59:06'), 
	(646, 18, 7, 1, '2019-09-09 13:59:55'), 
	(647, 19, 7, 1, '2019-09-09 13:59:55'), 
	(648, 20, 7, 1, '2019-09-09 13:59:55'), 
	(649, 21, 7, 1, '2019-09-09 13:59:55'), 
	(650, 22, 7, 1, '2019-09-09 13:59:55'), 
	(651, 54, 7, 1, '2019-09-09 13:59:55'), 
	(652, 55, 7, 1, '2019-09-09 13:59:55'), 
	(653, 56, 7, 1, '2019-09-09 13:59:55'), 
	(654, 71, 7, 1, '2019-09-09 13:59:55'), 
	(655, 72, 7, 1, '2019-09-09 13:59:55'), 
	(656, 73, 7, 1, '2019-09-09 13:59:55'), 
	(657, 80, 7, 1, '2019-09-09 13:59:55'), 
	(658, 81, 7, 1, '2019-09-09 13:59:55'), 
	(659, 82, 7, 1, '2019-09-09 13:59:55'), 
	(660, 83, 7, 1, '2019-09-09 13:59:55'), 
	(661, 84, 7, 1, '2019-09-09 13:59:55'), 
	(662, 85, 7, 1, '2019-09-09 13:59:55'), 
	(663, 86, 7, 1, '2019-09-09 13:59:55'), 
	(664, 87, 7, 1, '2019-09-09 13:59:55'), 
	(665, 88, 7, 1, '2019-09-09 13:59:55'), 
	(666, 89, 7, 1, '2019-09-09 13:59:55'), 
	(667, 90, 7, 1, '2019-09-09 13:59:55'), 
	(668, 91, 7, 1, '2019-09-09 13:59:55'), 
	(669, 92, 7, 1, '2019-09-09 13:59:55'), 
	(670, 93, 7, 1, '2019-09-09 13:59:55'), 
	(671, 94, 7, 1, '2019-09-09 13:59:55'), 
	(672, 95, 7, 1, '2019-09-09 13:59:55'), 
	(673, 97, 7, 1, '2019-09-09 13:59:55'), 
	(674, 98, 7, 1, '2019-09-09 13:59:55'), 
	(675, 99, 7, 1, '2019-09-09 13:59:55'), 
	(676, 100, 7, 1, '2019-09-09 13:59:55'), 
	(677, 101, 7, 1, '2019-09-09 13:59:55'), 
	(678, 102, 7, 1, '2019-09-09 13:59:55'), 
	(679, 103, 7, 1, '2019-09-09 13:59:55'), 
	(680, 104, 7, 1, '2019-09-09 13:59:55'), 
	(681, 105, 7, 1, '2019-09-09 13:59:55'), 
	(682, 106, 7, 1, '2019-09-09 13:59:55'), 
	(683, 107, 7, 1, '2019-09-09 13:59:55'), 
	(684, 108, 7, 1, '2019-09-09 13:59:55'), 
	(685, 109, 7, 1, '2019-09-09 13:59:55'), 
	(686, 110, 7, 1, '2019-09-09 13:59:55'), 
	(687, 111, 7, 1, '2019-09-09 13:59:55'), 
	(688, 112, 7, 1, '2019-09-09 13:59:55'), 
	(689, 113, 7, 1, '2019-09-09 13:59:55'), 
	(690, 114, 7, 1, '2019-09-09 13:59:55'), 
	(691, 115, 7, 1, '2019-09-09 13:59:55'), 
	(692, 116, 7, 1, '2019-09-09 13:59:55'), 
	(693, 117, 7, 1, '2019-09-09 13:59:55'), 
	(694, 118, 7, 1, '2019-09-09 13:59:55'), 
	(695, 119, 7, 1, '2019-09-09 13:59:55'), 
	(696, 120, 7, 1, '2019-09-09 13:59:55'), 
	(697, 121, 7, 1, '2019-09-09 13:59:55'), 
	(698, 122, 7, 1, '2019-09-09 13:59:55'), 
	(699, 123, 7, 1, '2019-09-09 13:59:55'), 
	(700, 124, 7, 1, '2019-09-09 13:59:55'), 
	(701, 125, 7, 1, '2019-09-09 13:59:55'), 
	(702, 126, 7, 1, '2019-09-09 13:59:55'), 
	(703, 127, 7, 1, '2019-09-09 13:59:55'), 
	(704, 128, 7, 1, '2019-09-09 13:59:55'), 
	(705, 129, 7, 1, '2019-09-09 13:59:55'), 
	(706, 130, 7, 1, '2019-09-09 13:59:55'), 
	(707, 131, 7, 1, '2019-09-09 13:59:55'), 
	(708, 132, 7, 1, '2019-09-09 13:59:55'), 
	(709, 133, 7, 1, '2019-09-09 13:59:55'), 
	(710, 134, 7, 1, '2019-09-09 13:59:55'), 
	(711, 135, 7, 1, '2019-09-09 13:59:55'), 
	(712, 136, 7, 1, '2019-09-09 13:59:55'), 
	(713, 137, 7, 1, '2019-09-09 13:59:55'), 
	(714, 145, 7, 1, '2019-09-09 13:59:55'), 
	(715, 147, 7, 1, '2019-09-09 13:59:55'), 
	(716, 148, 7, 1, '2019-09-09 13:59:55'), 
	(717, 149, 7, 1, '2019-09-09 13:59:55'), 
	(718, 150, 7, 1, '2019-09-09 13:59:55'), 
	(763, 1, 8, 1, '2019-09-09 14:45:41'), 
	(764, 2, 8, 1, '2019-09-09 14:46:23'), 
	(765, 9, 8, 0, '2019-09-09 14:45:41'), 
	(766, 10, 8, 0, '2019-09-09 14:45:41'), 
	(767, 11, 8, 0, '2019-09-09 14:45:41'), 
	(768, 12, 8, 1, '2019-09-09 14:45:41'), 
	(769, 13, 8, 0, '2019-09-09 14:45:41'), 
	(770, 14, 8, 0, '2019-09-09 14:45:41'), 
	(771, 15, 8, 1, '2019-09-09 14:46:23'), 
	(772, 17, 8, 1, '2019-09-09 14:45:41'), 
	(773, 18, 8, 0, '2019-09-09 14:45:41'), 
	(774, 19, 8, 0, '2019-09-09 14:45:41'), 
	(775, 20, 8, 0, '2019-09-09 14:45:41'), 
	(776, 21, 8, 0, '2019-09-11 10:52:57'), 
	(777, 22, 8, 0, '2019-09-11 10:52:57'), 
	(778, 54, 8, 1, '2019-09-09 15:07:42'), 
	(779, 55, 8, 0, '2019-09-09 14:45:41'), 
	(780, 56, 8, 1, '2019-09-09 14:46:23'), 
	(781, 71, 8, 1, '2019-09-09 14:46:23'), 
	(782, 72, 8, 0, '2019-09-09 14:45:41'), 
	(783, 73, 8, 1, '2019-09-09 14:46:23'), 
	(784, 80, 8, 0, '2019-09-09 14:45:41'), 
	(785, 81, 8, 1, '2019-09-09 14:46:23'), 
	(786, 82, 8, 1, '2019-09-09 14:46:23'), 
	(787, 83, 8, 1, '2019-09-09 14:46:23'), 
	(788, 84, 8, 1, '2019-09-09 14:46:23'), 
	(789, 85, 8, 1, '2019-09-09 14:46:23'), 
	(790, 86, 8, 1, '2019-09-09 14:46:23'), 
	(791, 87, 8, 1, '2019-09-09 14:46:23'), 
	(792, 88, 8, 0, '2019-09-09 14:45:41'), 
	(793, 89, 8, 0, '2019-09-09 14:45:41'), 
	(794, 90, 8, 0, '2019-09-09 14:45:41'), 
	(795, 91, 8, 0, '2019-09-09 14:45:41'), 
	(796, 92, 8, 0, '2019-09-12 12:10:05'), 
	(797, 93, 8, 1, '2019-09-09 14:46:23'), 
	(798, 94, 8, 0, '2019-09-09 14:45:41'), 
	(799, 95, 8, 1, '2019-09-09 14:46:23'), 
	(800, 97, 8, 0, '2019-09-09 14:45:41'), 
	(801, 98, 8, 0, '2019-09-09 14:45:41'), 
	(802, 99, 8, 0, '2019-09-09 14:45:41'), 
	(803, 100, 8, 0, '2019-09-09 14:45:41'), 
	(804, 101, 8, 0, '2019-09-09 14:45:41'), 
	(805, 102, 8, 0, '2019-09-09 14:45:41'), 
	(806, 103, 8, 0, '2019-09-09 14:45:41'), 
	(807, 104, 8, 0, '2019-09-09 14:45:41'), 
	(808, 105, 8, 0, '2019-09-09 14:45:41'), 
	(809, 106, 8, 0, '2019-09-09 14:45:41'), 
	(810, 107, 8, 0, '2019-09-09 14:45:41'), 
	(811, 108, 8, 0, '2019-09-09 14:45:41'), 
	(812, 109, 8, 0, '2019-09-09 14:45:41'), 
	(813, 110, 8, 0, '2019-09-11 10:52:57'), 
	(814, 111, 8, 0, '2019-09-09 14:45:41'), 
	(815, 112, 8, 1, '2019-09-11 10:52:57'), 
	(816, 113, 8, 0, '2019-09-09 14:45:41'), 
	(817, 114, 8, 0, '2019-09-09 14:45:41'), 
	(818, 115, 8, 0, '2019-09-09 14:45:41'), 
	(819, 116, 8, 0, '2019-09-09 14:45:41'), 
	(820, 117, 8, 0, '2019-09-09 14:45:41'), 
	(821, 118, 8, 0, '2019-09-09 14:45:41'), 
	(822, 119, 8, 0, '2019-09-09 14:45:41'), 
	(823, 120, 8, 0, '2019-09-09 14:45:41'), 
	(824, 121, 8, 0, '2019-09-09 14:45:41'), 
	(825, 122, 8, 0, '2019-09-09 14:45:41'), 
	(826, 123, 8, 0, '2019-09-09 14:45:41'), 
	(827, 124, 8, 0, '2019-09-09 14:45:41'), 
	(828, 125, 8, 0, '2019-09-09 14:45:41'), 
	(829, 126, 8, 0, '2019-09-09 14:45:41'), 
	(830, 127, 8, 0, '2019-09-09 14:45:41'), 
	(831, 128, 8, 1, '2019-09-09 14:46:23'), 
	(832, 129, 8, 1, '2019-09-09 14:46:23'), 
	(833, 130, 8, 1, '2019-09-09 14:46:23'), 
	(834, 131, 8, 1, '2019-09-09 14:46:23'), 
	(835, 132, 8, 1, '2019-09-09 14:46:23'), 
	(836, 133, 8, 1, '2019-09-09 14:46:23'), 
	(837, 134, 8, 1, '2019-09-09 14:46:23'), 
	(838, 135, 8, 0, '2019-09-09 14:45:41'), 
	(839, 136, 8, 0, '2019-09-09 14:45:41'), 
	(840, 137, 8, 0, '2019-09-09 14:45:41'), 
	(841, 145, 8, 0, '2019-09-09 14:45:41'), 
	(842, 147, 8, 0, '2019-09-09 14:45:41'), 
	(843, 148, 8, 1, '2019-09-09 14:46:23'), 
	(844, 149, 8, 0, '2019-09-09 14:45:41'), 
	(845, 150, 8, 1, '2019-09-09 14:46:23'), 
	(846, 151, 2, 1, '2019-10-10 10:41:54'), 
	(847, 152, 2, 1, '2019-10-10 10:41:54'), 
	(849, 151, 3, 0, '2019-10-10 10:41:54'), 
	(850, 152, 3, 0, '2019-10-10 10:41:54'), 
	(852, 153, 2, 1, '2019-10-10 10:59:10'), 
	(853, 154, 2, 1, '2019-10-10 10:59:10'), 
	(854, 155, 2, 1, '2019-10-10 10:59:10'), 
	(855, 156, 2, 1, '2019-10-10 10:59:10'), 
	(856, 157, 2, 1, '2019-10-10 10:59:10'), 
	(857, 158, 2, 1, '2019-10-10 10:59:10'), 
	(858, 159, 2, 1, '2019-10-10 10:59:10'), 
	(859, 160, 2, 1, '2019-10-10 10:59:10'), 
	(860, 161, 2, 1, '2019-10-10 10:59:10'), 
	(861, 162, 2, 1, '2019-10-10 10:59:10'), 
	(862, 163, 2, 1, '2019-10-10 10:59:10'), 
	(863, 164, 2, 1, '2019-10-10 10:59:10'), 
	(864, 165, 2, 1, '2019-10-10 10:59:10'), 
	(865, 166, 2, 1, '2019-10-10 10:59:10'), 
	(866, 167, 2, 1, '2019-10-10 10:59:10'), 
	(867, 151, 4, 0, '2019-10-10 10:59:10'), 
	(868, 152, 4, 0, '2019-10-10 10:59:10'), 
	(869, 153, 4, 0, '2019-10-10 10:59:10'), 
	(870, 154, 4, 0, '2019-10-10 10:59:10'), 
	(871, 155, 4, 0, '2019-10-10 10:59:10'), 
	(872, 156, 4, 0, '2019-10-10 10:59:10'), 
	(873, 157, 4, 0, '2019-10-10 10:59:10'), 
	(874, 158, 4, 0, '2019-10-10 10:59:10'), 
	(875, 159, 4, 0, '2019-10-10 10:59:10'), 
	(876, 160, 4, 0, '2019-10-10 10:59:10'), 
	(877, 161, 4, 0, '2019-10-10 10:59:10'), 
	(878, 162, 4, 0, '2019-10-10 10:59:10'), 
	(879, 163, 4, 0, '2019-10-10 10:59:10'), 
	(880, 164, 4, 0, '2019-10-10 10:59:10'), 
	(881, 165, 4, 0, '2019-10-10 10:59:10'), 
	(882, 166, 4, 0, '2019-10-10 10:59:10'), 
	(883, 167, 4, 0, '2019-10-10 10:59:10'), 
	(898, 168, 2, 1, '2019-10-14 16:57:55'), 
	(899, 169, 2, 1, '2019-10-14 16:57:55'), 
	(900, 170, 2, 1, '2019-10-14 16:57:55'), 
	(901, 171, 2, 1, '2019-10-14 16:57:55'), 
	(902, 172, 2, 1, '2019-10-14 16:57:55'), 
	(903, 173, 2, 1, '2019-10-14 16:57:55'), 
	(905, 153, 3, 0, '2019-10-14 16:57:55'), 
	(906, 154, 3, 0, '2019-10-14 16:57:55'), 
	(907, 155, 3, 0, '2019-10-14 16:57:55'), 
	(908, 156, 3, 0, '2019-10-14 16:57:55'), 
	(909, 157, 3, 0, '2019-10-14 16:57:55'), 
	(910, 158, 3, 0, '2019-10-14 16:57:55'), 
	(911, 159, 3, 0, '2019-10-14 16:57:55'), 
	(912, 160, 3, 0, '2019-10-14 16:57:55'), 
	(913, 161, 3, 0, '2019-10-14 16:57:55'), 
	(914, 162, 3, 0, '2019-10-14 16:57:55'), 
	(915, 163, 3, 0, '2019-10-14 16:57:55'), 
	(916, 164, 3, 0, '2019-10-14 16:57:55'), 
	(917, 165, 3, 0, '2019-10-14 16:57:55'), 
	(918, 166, 3, 0, '2019-10-14 16:57:55'), 
	(919, 167, 3, 0, '2019-10-14 16:57:55'), 
	(920, 168, 3, 0, '2019-10-14 16:57:55'), 
	(921, 169, 3, 0, '2019-10-14 16:57:55'), 
	(922, 170, 3, 0, '2019-10-14 16:57:55'), 
	(923, 171, 3, 0, '2019-10-14 16:57:55'), 
	(924, 172, 3, 0, '2019-10-14 16:57:55'), 
	(925, 173, 3, 0, '2019-10-14 16:57:55'), 
	(936, 176, 2, 1, '2019-10-16 08:09:03'), 
	(937, 177, 2, 1, '2019-10-16 08:09:03'), 
	(938, 178, 2, 1, '2019-10-16 08:09:03'), 
	(939, 179, 2, 1, '2019-10-16 08:09:03'), 
	(940, 180, 2, 1, '2019-10-16 08:09:03'), 
	(941, 181, 2, 1, '2019-10-16 08:09:03'), 
	(943, 151, 5, 0, '2019-10-16 08:09:03'), 
	(944, 152, 5, 0, '2019-10-16 08:09:03'), 
	(945, 153, 5, 0, '2019-10-16 08:09:03'), 
	(946, 154, 5, 0, '2019-10-16 08:09:03'), 
	(947, 155, 5, 0, '2019-10-16 08:09:03'), 
	(948, 156, 5, 0, '2019-10-16 08:09:03'), 
	(949, 157, 5, 0, '2019-10-16 08:09:03'), 
	(950, 158, 5, 0, '2019-10-16 08:09:03'), 
	(951, 159, 5, 0, '2019-10-16 08:09:03'), 
	(952, 160, 5, 0, '2019-10-16 08:09:03'), 
	(953, 161, 5, 0, '2019-10-16 08:09:03'), 
	(954, 162, 5, 0, '2019-10-16 08:09:03'), 
	(955, 163, 5, 0, '2019-10-16 08:09:03'), 
	(956, 164, 5, 0, '2019-10-16 08:09:03'), 
	(957, 165, 5, 0, '2019-10-16 08:09:03'), 
	(958, 166, 5, 0, '2019-10-16 08:09:03'), 
	(959, 167, 5, 0, '2019-10-16 08:09:03'), 
	(960, 168, 5, 0, '2019-10-16 08:09:03'), 
	(961, 169, 5, 0, '2019-10-16 08:09:03'), 
	(962, 170, 5, 0, '2019-10-16 08:09:03'), 
	(963, 171, 5, 0, '2019-10-16 08:09:03'), 
	(964, 172, 5, 0, '2019-10-16 08:09:03'), 
	(965, 173, 5, 0, '2019-10-16 08:09:03'), 
	(966, 176, 5, 0, '2019-10-16 08:09:03'), 
	(967, 177, 5, 0, '2019-10-16 08:09:03'), 
	(968, 178, 5, 0, '2019-10-16 08:09:03'), 
	(969, 179, 5, 0, '2019-10-16 08:09:03'), 
	(970, 180, 5, 0, '2019-10-16 08:09:03'), 
	(971, 181, 5, 0, '2019-10-16 08:09:03'), 
	(974, 184, 2, 1, '2019-10-18 09:40:33'), 
	(975, 185, 2, 1, '2019-10-18 09:40:33'), 
	(977, 168, 4, 0, '2019-10-18 09:40:33'), 
	(978, 169, 4, 0, '2019-10-18 09:40:33'), 
	(979, 170, 4, 0, '2019-10-18 09:40:33'), 
	(980, 171, 4, 0, '2019-10-18 09:40:33'), 
	(981, 172, 4, 0, '2019-10-18 09:40:33'), 
	(982, 173, 4, 0, '2019-10-18 09:40:33'), 
	(983, 176, 4, 0, '2019-10-18 09:40:33'), 
	(984, 177, 4, 0, '2019-10-18 09:40:33'), 
	(985, 178, 4, 0, '2019-10-18 09:40:33'), 
	(986, 179, 4, 0, '2019-10-18 09:40:33'), 
	(987, 180, 4, 0, '2019-10-18 09:40:33'), 
	(988, 181, 4, 0, '2019-10-18 09:40:33'), 
	(989, 184, 4, 0, '2019-10-18 09:40:33'), 
	(990, 185, 4, 0, '2019-10-18 09:40:33');
-- 导出  表 myorder_python.sysusers 结构
DROP TABLE IF EXISTS `sysusers`;
CREATE TABLE `sysusers` (
  `fUserID` int(11) NOT NULL AUTO_INCREMENT,
  `fOnline` bit(1) NOT NULL DEFAULT b'0',
  `fEnabled` bit(1) NOT NULL DEFAULT b'1',
  `fDepartment` varchar(20) DEFAULT NULL,
  `fUsername` varchar(20) NOT NULL,
  `fNickname` varchar(20) DEFAULT NULL,
  `fPassword` varchar(255) NOT NULL,
  `fRoleID` smallint(6) DEFAULT NULL,
  `fLastLoginComputer` char(50) DEFAULT NULL,
  `fLastLoginTime` datetime DEFAULT NULL,
  `fLoginID` varchar(255) DEFAULT NULL,
  `fNotes` varchar(255) DEFAULT NULL,
  `TS` timestamp NOT NULL DEFAULT CURRENT_TIMESTAMP ON UPDATE CURRENT_TIMESTAMP,
  PRIMARY KEY (`fUserID`),
  KEY `LoginID` (`fLoginID`),
  KEY `RoleID` (`fRoleID`)
) ENGINE=InnoDB AUTO_INCREMENT=9 DEFAULT CHARSET=utf8
;
INSERT INTO `sysusers` (`fUserID`, `fOnline`, `fEnabled`, `fDepartment`, `fUsername`, `fNickname`, `fPassword`, `fRoleID`, `fLastLoginComputer`, `fLastLoginTime`, `fLoginID`, `fNotes`, `TS`) VALUES 
(1, 0, 0, Null, 'admin', '管理员', '51e599aaf7f3bf4feba2a0f9166cd709', 1, Null, '2015-09-28 19:02:10', '{AF962165-3D2D-483B-A71B-D7D3F97502A4}', Null, '2019-09-09 13:35:45'), 
	(2, 0, 1, '管理员', 'shuang', '双', '51e599aaf7f3bf4feba2a0f9166cd709', Null, Null, Null, Null, Null, '2019-10-10 10:47:48'), 
	(3, 0, 1, 'atenmento', 'atenmento-CP', 'CP', '63e588bf03ae5365650d8ffaf0838cbd', Null, Null, Null, Null, Null, '2019-09-26 11:20:08'), 
	(4, 0, 1, 'atenmento', 'atenmento-TP', 'TP-Tipografias', '51e599aaf7f3bf4feba2a0f9166cd709', Null, Null, Null, Null, Null, '2019-09-09 13:49:19'), 
	(5, 0, 1, 'CAIXA', 'CAIXA', 'DANIELA', 'bf0c0472edbc1c88702492546ab5144f', Null, Null, Null, Null, Null, '2019-09-09 14:57:27'), 
	(6, 0, 1, 'ARMAZEM', 'ARMAZEM', 'VICENTE', '51e599aaf7f3bf4feba2a0f9166cd709', Null, Null, Null, Null, Null, '2019-09-11 13:25:45'), 
	(7, 0, 1, 'GUAN LI', 'BOSS', 'CANXIANG', 'ac93b0af7e8a039c60e824ceb62b30d5', Null, Null, Null, Null, Null, '2019-09-09 14:00:42'), 
	(8, 0, 1, 'atenmento', 'atenmento-cp02', 'cp02', '51e599aaf7f3bf4feba2a0f9166cd709', Null, Null, Null, Null, Null, '2019-09-09 14:45:38');
-- 导出  表 myorder_python.t_customer 结构
DROP TABLE IF EXISTS `t_customer`;
CREATE TABLE `t_customer` (
  `fCustomerID` int(11) NOT NULL AUTO_INCREMENT,
  `fCustomerName` varchar(50) NOT NULL COMMENT '客户名',
  `fNUIT` varchar(25) DEFAULT NULL COMMENT '税号',
  `fCity` varchar(30) DEFAULT NULL COMMENT '所在地 Mordo',
  `fContato` varchar(20) DEFAULT NULL COMMENT '联系人',
  `fAreaCode` varchar(15) DEFAULT NULL COMMENT '区号',
  `fCelular` varchar(15) DEFAULT NULL COMMENT '手机',
  `fTelefone` varchar(15) DEFAULT NULL COMMENT '电话',
  `fEndereco` varchar(50) DEFAULT NULL COMMENT '地址',
  `fEmail` varchar(50) DEFAULT NULL COMMENT '电子邮件',
  `fWeb` varchar(50) DEFAULT NULL COMMENT '主页',
  `fFax` varchar(15) DEFAULT NULL COMMENT '传真',
  `fNote` varchar(255) DEFAULT NULL,
  `TS` timestamp NOT NULL DEFAULT CURRENT_TIMESTAMP ON UPDATE CURRENT_TIMESTAMP,
  `fTaxRegCer` varchar(50) DEFAULT NULL COMMENT '税务登记证',
  PRIMARY KEY (`fCustomerID`),
  UNIQUE KEY `OnlyOne` (`fCustomerName`),
  UNIQUE KEY `fNUIT` (`fNUIT`)
) ENGINE=InnoDB AUTO_INCREMENT=105 DEFAULT CHARSET=utf8
;
INSERT INTO `t_customer` (`fCustomerID`, `fCustomerName`, `fNUIT`, `fCity`, `fContato`, `fAreaCode`, `fCelular`, `fTelefone`, `fEndereco`, `fEmail`, `fWeb`, `fFax`, `fNote`, `TS`, `fTaxRegCer`) VALUES 
(1, 'ZION', '400238472', 'NAMPULA', Null, Null, '877500800', Null, Null, Null, Null, Null, Null, '2019-09-09 14:08:20', Null), 
	(2, 'CHISSICO', Null, 'MAPUTO', Null, Null, '845470047', Null, Null, Null, Null, Null, Null, '2019-09-10 08:28:46', Null), 
	(3, 'ARTWE SERVICES', '108112174', 'MAPUTO', Null, Null, '873066544', Null, Null, Null, Null, Null, Null, '2019-09-10 08:57:30', Null), 
	(4, 'NHAULE SERIGRADIA', '400457980', 'MAPUTO', Null, Null, '848867498', Null, Null, Null, Null, Null, Null, '2019-09-10 09:28:22', Null), 
	(5, 'CHANDE', Null, 'MAPUTO', Null, Null, '846666552', Null, Null, Null, Null, Null, Null, '2019-09-10 10:14:34', Null), 
	(6, 'MILTON', Null, 'MAPUTO', Null, Null, '842387981', Null, Null, Null, Null, Null, Null, '2019-09-10 10:25:52', Null), 
	(7, 'KARINGANA MARKETING, LDA', '400713928', 'MAPUTO', Null, Null, '864131148', Null, Null, Null, Null, Null, Null, '2019-09-10 10:42:13', Null), 
	(8, 'ELIO', Null, 'MAPUTO', Null, Null, '844800508', Null, Null, Null, Null, Null, Null, '2019-09-10 13:48:45', Null), 
	(9, 'CHABANE', Null, 'MAPUTO', Null, Null, '844014538', Null, Null, Null, Null, Null, Null, '2019-09-10 16:08:55', Null), 
	(10, 'JALILO', Null, 'MAPUTO', Null, Null, '847320606', Null, Null, Null, Null, Null, Null, '2019-09-10 16:10:53', Null), 
	(11, 'MALACHE', Null, 'MAPUTO', Null, Null, '844644553', Null, Null, Null, Null, Null, Null, '2019-09-10 16:34:50', Null), 
	(12, 'TIPOGRAFIA PRELO CLASSICO, LDA', '400549036', 'MAPUTO', Null, Null, '847121496', Null, Null, Null, Null, Null, Null, '2019-09-10 16:39:55', Null), 
	(13, 'TSAMBA', Null, 'MAPUTO', Null, Null, '849339016', Null, Null, Null, Null, Null, Null, '2019-09-11 11:15:34', Null), 
	(14, 'ENGIE FENIX MOCAMBIQUE', '400998711', 'MAPUTO', Null, Null, '844339815', Null, Null, Null, Null, Null, Null, '2019-09-11 11:33:14', Null), 
	(15, 'HERCULANO', Null, 'MAPUTO', Null, Null, '849281997', Null, Null, Null, Null, Null, Null, '2019-09-11 13:11:41', Null), 
	(16, 'BOXOUTDOOR', Null, 'MAPUTO', Null, Null, '845510174', Null, Null, Null, Null, Null, Null, '2019-09-11 13:21:16', Null), 
	(17, 'DANIEL', Null, 'MAPUTO', Null, Null, '875448740', Null, Null, Null, Null, Null, Null, '2019-09-11 13:29:23', Null), 
	(18, 'PAULO ALBERTO', Null, 'MAPUTO', Null, Null, '840144022', Null, Null, Null, Null, Null, Null, '2019-09-11 13:40:01', Null), 
	(19, 'ARTMAN', Null, 'MAPUTO', Null, Null, '842554341', Null, Null, Null, Null, Null, Null, '2019-09-11 14:49:04', Null), 
	(20, 'JM GRAFICA', '400914461', 'MAPUTO', Null, Null, '845409718', Null, Null, Null, Null, Null, Null, '2019-09-11 15:47:39', Null), 
	(21, 'ANDRE', Null, 'MAPUTO', Null, Null, '847178387', Null, Null, Null, Null, Null, Null, '2019-09-11 15:59:15', Null), 
	(22, 'Vloide', Null, 'MAPUTO', Null, Null, '844035240', Null, Null, Null, Null, Null, Null, '2019-09-12 11:08:12', Null), 
	(23, 'GL GRAFICA', Null, 'MAPUTO', Null, Null, Null, Null, Null, Null, Null, Null, Null, '2019-09-12 11:23:26', Null), 
	(24, 'JORGE DANIEL', Null, 'MAPUTO', Null, Null, '846253749', Null, Null, Null, Null, Null, Null, '2019-09-12 11:30:27', Null), 
	(25, 'ANACLETO', Null, 'MAPUTO', Null, Null, '846246400', Null, Null, Null, Null, Null, Null, '2019-09-12 12:05:03', Null), 
	(26, 'GRAFICA CEDAR S. UPP. LDA', '401020411', 'MAPUTO', Null, Null, '870708888', Null, 'BAIRRO CENTRAL,', Null, Null, Null, Null, '2019-09-12 13:02:29', 'tax_reg_34d9b88185ed3e5ec3a377819add5dd8.jpg'), 
	(27, 'ARSBOX', Null, 'MAPUTO', Null, Null, '825504910', Null, Null, Null, Null, Null, Null, '2019-09-12 12:27:24', Null), 
	(28, 'MARIO', Null, 'MAPUTO', Null, Null, '866627712', Null, Null, Null, Null, Null, Null, '2019-09-12 13:13:05', Null), 
	(29, 'GRANDE VISION', Null, 'MAPUTO', Null, Null, '844848048', Null, Null, Null, Null, Null, Null, '2019-09-12 13:50:43', Null), 
	(30, 'SP ENTERPRISE', '400703051', 'MAPUTO', Null, Null, '863200730', Null, Null, Null, Null, Null, Null, '2019-09-12 14:19:06', Null), 
	(31, 'SERIGRAFIA MOCAMBICANA', '400220689', 'MAPUTO', Null, Null, '843200933', Null, Null, Null, Null, Null, Null, '2019-09-12 15:03:16', Null), 
	(32, 'RECHEIO', Null, 'MAPUTO', Null, Null, Null, Null, Null, Null, Null, Null, Null, '2019-09-12 15:40:29', Null), 
	(33, 'DGS', Null, 'MAPUTO', Null, Null, '846492820', Null, Null, Null, Null, Null, Null, '2019-09-12 15:55:20', Null), 
	(34, 'F-HOMELDA', '401019121', 'MAPUTO', '866868888/861868888', Null, Null, Null, 'RUA FERAO FERAN', Null, Null, Null, Null, '2019-09-12 19:34:43', Null), 
	(35, 'OCTAVIO', Null, 'MAPUTO', Null, Null, '847436541', Null, Null, Null, Null, Null, Null, '2019-09-13 09:28:01', Null), 
	(36, 'FELIX', Null, 'MAPUTO', Null, Null, '846521694', Null, Null, Null, Null, Null, Null, '2019-09-13 09:52:34', Null), 
	(37, 'NEWPOINT', Null, 'MAPUTO', Null, Null, '870548694', Null, Null, Null, Null, Null, Null, '2019-09-13 10:06:20', Null), 
	(38, 'COR REAL', '400671771', 'MAPUTO', Null, Null, '842566093', Null, Null, Null, Null, Null, Null, '2019-09-13 10:10:34', Null), 
	(39, '8386 DESIGN', '400512655', 'MAPUTO', Null, Null, '846440003', Null, Null, Null, Null, Null, Null, '2019-09-13 11:28:12', Null), 
	(40, 'A&N PRINTING SERVICE E.I', '110025890', 'MAPUTO', Null, Null, '827597335/ 8447', Null, Null, Null, Null, Null, Null, '2019-09-13 12:04:21', Null), 
	(41, 'MARCO', Null, 'MAPUTO', Null, Null, '850530281', Null, Null, Null, Null, Null, Null, '2019-09-13 13:14:26', Null), 
	(42, 'MACHADO', Null, 'MAPUTO', Null, Null, '848233552', Null, Null, Null, Null, Null, Null, '2019-09-13 13:27:28', Null), 
	(43, 'CASIMIRO', Null, 'MAPUTO', Null, Null, '864131248', Null, Null, Null, Null, Null, Null, '2019-09-13 13:58:01', Null), 
	(44, 'MAURO MENETE', Null, 'MAPUTO', Null, Null, '847995800', Null, Null, Null, Null, Null, Null, '2019-09-13 14:28:50', Null), 
	(45, 'ZOE', Null, 'MAPUTO', Null, Null, '842206145', Null, Null, Null, Null, Null, Null, '2019-09-13 15:51:11', Null), 
	(46, 'QUEIROS', Null, Null, Null, Null, '848130178', Null, Null, Null, Null, Null, Null, '2019-09-13 17:49:35', Null), 
	(47, 'BDQ', '400202321', 'MAPUTO', Null, Null, '843244182', Null, Null, Null, Null, Null, Null, '2019-09-14 08:45:16', Null), 
	(48, '360 GRAUS SOLUCOES', Null, 'MAPUTO', Null, Null, '848692196', Null, Null, Null, Null, Null, Null, '2019-09-14 09:13:45', Null), 
	(49, 'CP', Null, 'MAPUTO', Null, Null, Null, Null, Null, Null, Null, Null, Null, '2019-09-14 10:46:04', Null), 
	(50, 'FREDERICO', Null, 'MAPUTO', Null, Null, '849102196', Null, Null, Null, Null, Null, Null, '2019-09-14 10:47:11', Null), 
	(51, 'LANGA', Null, 'MAPUTO', Null, Null, '842533260', Null, Null, Null, Null, Null, Null, '2019-09-16 09:05:09', Null), 
	(52, 'KAIRO', Null, 'MAPUTO', Null, Null, '843343333', Null, Null, Null, Null, Null, Null, '2019-09-16 09:38:01', Null), 
	(53, 'TANTRA LDA', '400384241', 'MAPUTO', Null, Null, '843536000', Null, Null, Null, Null, Null, Null, '2019-09-16 10:17:42', Null), 
	(54, 'ARSENIO', Null, 'MAPUTO', Null, Null, '848602917', Null, Null, Null, Null, Null, Null, '2019-09-16 14:41:05', Null), 
	(55, 'EUGENIO MAINGA', Null, 'MAPUTO', Null, Null, '847187913', Null, Null, Null, Null, Null, Null, '2019-09-17 08:07:42', Null), 
	(56, 'K IMAGEM ', '101812405', 'MAPUTO', Null, Null, '843343333', Null, Null, Null, Null, Null, Null, '2019-09-17 09:27:45', Null), 
	(57, 'ERNESTO', Null, 'MAPUTO', Null, Null, '848636632', Null, Null, Null, Null, Null, Null, '2019-09-17 11:48:24', Null), 
	(58, 'FERNANDO SUMBANE', Null, 'MAPUTO', Null, Null, '846987822', Null, Null, Null, Null, Null, Null, '2019-09-17 11:51:47', Null), 
	(59, 'PELEMBE', Null, 'MAPUTO', Null, Null, '844795153', Null, Null, Null, Null, Null, Null, '2019-09-17 11:56:58', Null), 
	(62, 'SANDRO', Null, 'MAPUTO', Null, Null, '846824981', Null, Null, Null, Null, Null, Null, '2019-09-17 16:57:56', Null), 
	(63, 'DUARTE', Null, 'MAPUTO', Null, Null, '870562223', Null, Null, Null, Null, Null, Null, '2019-09-18 15:17:13', Null), 
	(64, 'HILDO', Null, 'MAPUTO', Null, Null, '843339000', Null, Null, Null, Null, Null, Null, '2019-09-19 11:20:05', Null), 
	(65, 'TIMELINE', Null, 'MAPUTO', Null, Null, '843379290', Null, Null, Null, Null, Null, Null, '2019-09-19 13:21:40', Null), 
	(66, 'ANDRE CAMPAMBE', Null, 'MAPUTO', Null, Null, '846104858', Null, Null, Null, Null, Null, Null, '2019-09-19 13:38:37', Null), 
	(67, 'IMO SYSTEMS', '4006005354', 'MAPUTO', Null, Null, '869960000', Null, Null, Null, Null, Null, Null, '2019-09-19 14:08:49', Null), 
	(68, 'STELIO', Null, 'MAPUTO', Null, Null, '845548694', Null, Null, Null, Null, Null, Null, '2019-09-19 14:30:42', Null), 
	(69, 'DAN SERVICOS', Null, 'MAPUTO', Null, Null, '844554588', Null, Null, Null, Null, Null, Null, '2019-09-20 11:16:53', Null), 
	(70, 'IPX MOZAMBIQUE S.A', '400979308', 'MAPUTO', Null, Null, '852630170', Null, Null, Null, Null, Null, Null, '2019-09-20 13:43:13', Null), 
	(71, 'DINIS GUIRRUGO', Null, 'MAPUTO', Null, Null, '846691847', Null, Null, Null, Null, Null, Null, '2019-09-20 15:23:16', Null), 
	(72, 'PRISCIS DESIGN', Null, 'MAPUTO', Null, Null, '849006075', Null, Null, Null, Null, Null, Null, '2019-09-23 10:07:00', Null), 
	(73, 'YARA', Null, 'MAPUTO', Null, Null, '844375150', Null, Null, Null, Null, Null, Null, '2019-09-23 13:07:46', Null), 
	(74, 'CELIO', Null, 'MAPUTO', Null, Null, '847490008', Null, Null, Null, Null, Null, Null, '2019-09-23 13:14:31', Null), 
	(75, 'REAL PRINT', Null, 'MAPUTO', Null, Null, '845595555', Null, Null, Null, Null, Null, Null, '2019-09-23 14:45:41', Null), 
	(76, 'DIRCIA', Null, 'MAPUTO', Null, Null, '868683020', Null, Null, Null, Null, Null, Null, '2019-09-24 08:52:08', Null), 
	(77, 'ELISIO', Null, 'MAPUTO', Null, Null, '844734090', Null, Null, Null, Null, Null, Null, '2019-09-24 09:26:22', Null), 
	(78, 'PAULO MONDLANE', Null, 'MAPUTO', Null, Null, '847130862', Null, Null, Null, Null, Null, Null, '2019-09-24 15:00:14', Null), 
	(84, 'MOVITEL', Null, 'MAPUTO', Null, Null, '865377800', Null, Null, Null, Null, Null, Null, '2019-09-24 16:21:22', Null), 
	(89, '12345678901234567890123456789012345678901234567890', '40053977', 'chengshi', 'lianxiren', Null, '13900000', Null, 'rrr', '123@qq.com', Null, 'chuanzhen', 'note', '2019-10-24 09:36:50', Null), 
	(90, 'DERCIO', Null, 'MAPUTO', Null, Null, '842528654', Null, Null, Null, Null, Null, Null, '2019-09-24 16:29:56', Null), 
	(91, 'MAURO', Null, Null, Null, Null, '873844140', Null, Null, Null, Null, Null, Null, '2019-09-25 10:14:00', Null), 
	(95, 'LUZ STUDIO', '105813066', 'MAPUTO', Null, Null, '844020015', Null, Null, Null, Null, Null, Null, '2019-09-26 10:43:59', Null), 
	(96, 'MESSIAS', Null, 'MAPUTO', Null, Null, '846987388', Null, Null, Null, Null, Null, Null, '2019-09-26 11:05:52', Null), 
	(97, 'MUDI GRAFICA', Null, 'MAPUTO', Null, Null, '845238937', Null, Null, Null, Null, Null, Null, '2019-09-26 15:45:12', Null), 
	(98, 'DIONISIO', Null, 'MAPUTO', Null, Null, '843908653', Null, Null, Null, Null, Null, Null, '2019-09-27 10:47:20', Null), 
	(99, 'CHIC CHARME', Null, 'MAPUTO', Null, Null, '845221606', Null, Null, Null, Null, Null, Null, '2019-09-27 12:27:59', Null), 
	(100, 'MANINGA', Null, 'MAPUTO', Null, Null, '849008555', Null, Null, Null, Null, Null, Null, '2019-09-27 15:07:43', Null), 
	(101, 'LEOPOLD', Null, 'MAPUTO', Null, Null, '843739719', Null, Null, Null, Null, Null, Null, '2019-09-27 16:18:41', Null), 
	(102, 'UMBRELLA', '105010737', 'MAPUTO', Null, Null, '844843748', Null, Null, Null, Null, Null, Null, '2019-09-27 16:55:50', Null), 
	(103, 'CELESIO', Null, 'MAPUTO', Null, Null, '845942760', Null, Null, Null, Null, Null, Null, '2019-09-27 16:57:45', Null), 
	(104, 'JORGE FILIPE', Null, 'MAPUTO', Null, Null, '849541837', Null, Null, Null, Null, Null, Null, '2019-09-28 11:02:01', Null);
-- 导出  表 myorder_python.t_enumeration 结构
DROP TABLE IF EXISTS `t_enumeration`;
CREATE TABLE `t_enumeration` (
  `fItemID` int(11) NOT NULL AUTO_INCREMENT COMMENT '选项编号',
  `fTypeID` int(11) NOT NULL,
  `fTitle` varchar(50) NOT NULL,
  `fSpare1` varchar(50) DEFAULT NULL COMMENT '备用1',
  `fSpare2` varchar(50) DEFAULT NULL COMMENT '备用2',
  `fNote` varchar(255) DEFAULT NULL,
  `TS` timestamp NOT NULL DEFAULT CURRENT_TIMESTAMP ON UPDATE CURRENT_TIMESTAMP,
  PRIMARY KEY (`fItemID`)
) ENGINE=InnoDB AUTO_INCREMENT=100 DEFAULT CHARSET=utf8
;
INSERT INTO `t_enumeration` (`fItemID`, `fTypeID`, `fTitle`, `fSpare1`, `fSpare2`, `fNote`, `TS`) VALUES 
(3, 5, 'PVC001', '', '', Null, '2019-04-05 08:22:05'), 
	(4, 5, 'PVC002', '', '', Null, '2019-04-05 08:22:05'), 
	(5, 5, 'PVC003', '', '', Null, '2019-04-05 08:22:05'), 
	(6, 5, 'PVC004', '', '', Null, '2019-04-05 08:22:05'), 
	(7, 5, 'PVC005', '', '', Null, '2019-04-05 08:22:05'), 
	(8, 5, 'PVC006', '', '', Null, '2019-04-05 08:22:05'), 
	(9, 5, 'PVC007', '', '', Null, '2019-04-05 08:22:05'), 
	(10, 5, 'PVC008', '', '', Null, '2019-04-05 08:22:05'), 
	(11, 5, 'PVC009', '', '', Null, '2019-04-05 08:22:05'), 
	(12, 5, 'PVC010', '', '', Null, '2019-04-05 08:22:05'), 
	(13, 5, 'VY001', '', '', Null, '2019-04-05 08:22:05'), 
	(14, 5, 'VY002', '', '', Null, '2019-04-05 08:22:05'), 
	(15, 5, 'VY003', '', '', Null, '2019-04-05 08:22:05'), 
	(16, 5, 'VY004', '', '', Null, '2019-04-05 08:22:05'), 
	(17, 5, 'VY005', '', '', Null, '2019-04-05 08:22:05'), 
	(18, 5, 'VY006', '', '', Null, '2019-04-05 08:22:05'), 
	(19, 5, 'MESP001', '', '', Null, '2019-04-05 08:22:05'), 
	(20, 5, 'MESP002', '', '', Null, '2019-04-05 08:22:05'), 
	(21, 5, 'MESP003', '', '', Null, '2019-04-05 08:22:05'), 
	(22, 5, 'MESP004', '', '', Null, '2019-04-05 08:22:05'), 
	(23, 5, 'MESP005', '', '', Null, '2019-04-05 08:22:05'), 
	(24, 5, 'MESP006', '', '', Null, '2019-04-05 08:22:05'), 
	(25, 5, 'MESP007', '', '', Null, '2019-04-05 08:22:05'), 
	(26, 5, 'MESP008', '', '', Null, '2019-04-05 08:22:05'), 
	(27, 5, 'MESP009', '', '', Null, '2019-04-05 08:22:05'), 
	(28, 5, 'MESP010', '', '', Null, '2019-04-05 08:22:05'), 
	(29, 5, 'SHP001', '', '', Null, '2019-04-05 08:22:05'), 
	(30, 5, 'SHP002', '', '', Null, '2019-04-05 08:22:05'), 
	(31, 5, 'SHP003', '', '', Null, '2019-04-05 08:22:05'), 
	(32, 5, 'SHP004', '', '', Null, '2019-04-05 08:22:05'), 
	(33, 5, 'SHP005', '', '', Null, '2019-04-05 08:22:05'), 
	(34, 5, 'SHP006', '', '', Null, '2019-04-05 08:22:05'), 
	(35, 5, 'SHP007', '', '', Null, '2019-04-05 08:22:05'), 
	(36, 5, 'SHP008', '', '', Null, '2019-04-05 08:22:05'), 
	(37, 5, 'SHP009', '', '', Null, '2019-04-05 08:22:05'), 
	(38, 5, 'SHP010', '', '', Null, '2019-04-05 08:22:05'), 
	(39, 4, '喷绘 Impressao digifal', '', '', Null, '2019-04-05 08:22:05'), 
	(40, 4, '打印  Impressao', '', '', Null, '2019-04-05 08:22:05'), 
	(41, 4, '板材打印', '', '', Null, '2019-04-05 08:22:05'), 
	(42, 4, '复印Copiar', '', '', Null, '2019-04-05 08:22:05'), 
	(43, 4, '彩色印刷 Impressão a cor', '', '', Null, '2019-04-05 08:22:05'), 
	(44, 4, '易拉宝 ROLL UP', '', '', Null, '2019-04-05 08:22:05'), 
	(45, 4, '广告牌（发光字）painel lunin', '', '', Null, '2019-04-05 08:22:05'), 
	(46, 4, '购买 Compra', '', '', Null, '2019-04-05 08:22:05'), 
	(47, 4, '其他 Outro', '', '', Null, '2019-04-05 08:22:05'), 
	(48, 1, '马普托 MAPUTO', '', '', '', '2019-07-22 14:14:35'), 
	(49, 1, '南普拉 NAMPULA', '', '', Null, '2019-04-05 08:22:05'), 
	(50, 1, '贝拉 BEIRA', '', '', '', '2019-07-22 14:23:43'), 
	(51, 1, '太特 TETE', '', '', Null, '2019-04-05 08:22:05'), 
	(52, 1, '南卡拉 NACALA', '', '', Null, '2019-04-05 08:22:05'), 
	(53, 1, '其他 OUTRO', '', '', Null, '2019-04-05 08:22:05'), 
	(54, 6, '80MICM', '', '', Null, '2019-04-05 08:22:05'), 
	(55, 6, '光面白底冷裱膜 80MICM', '', '', Null, '2019-04-05 08:22:05'), 
	(56, 6, '十字纹冷裱膜 SZWM', '', '', Null, '2019-04-05 08:22:05'), 
	(57, 6, '210粗纹地板膜 210MICCWDM', '', '', Null, '2019-04-05 08:22:05'), 
	(59, 3, 'Cash', '', '', Null, '2019-04-05 08:22:05'), 
	(60, 3, 'Check', '', '', Null, '2019-04-05 08:22:05'), 
	(61, 3, 'Transf', '', '', Null, '2019-04-05 08:22:05'), 
	(62, 3, 'Pos', '', '', Null, '2019-04-05 08:22:05'), 
	(63, 3, 'OUTRO', '', '', Null, '2019-04-15 13:19:41'), 
	(64, 2, 'LIVROS DE VD', '1', Null, Null, '2019-04-05 08:22:05'), 
	(65, 2, 'RECIBOS ', '1', Null, Null, '2019-04-05 08:22:05'), 
	(66, 2, 'FACTURA', '1', Null, Null, '2019-04-05 08:22:05'), 
	(67, 2, 'GUIA DE REMESSA', '0', Null, Null, '2019-04-05 08:22:05'), 
	(68, 2, 'GUIA DE TRANSPORTE', '0', Null, Null, '2019-04-05 08:22:05'), 
	(69, 2, 'AGENDAS', '0', Null, Null, '2019-04-05 08:22:05'), 
	(70, 2, 'SENHAS', '0', Null, Null, '2019-04-05 08:22:05'), 
	(71, 2, 'PAPEL DE EXAME', '0', Null, Null, '2019-04-05 08:22:05'), 
	(72, 2, 'ATESTADO MEDICO', '0', Null, Null, '2019-04-05 08:22:05'), 
	(73, 2, 'CARTAO DE ESTUDANTE', '0', Null, Null, '2019-04-05 08:22:05'), 
	(74, 2, 'PAPEL TIMBRADO', '0', Null, Null, '2019-04-05 08:22:05'), 
	(75, 2, 'FOLHA DE EXERCICIO', '0', Null, Null, '2019-04-05 08:22:05'), 
	(76, 2, 'IMPRESSO HOSPITALAR', '0', Null, Null, '2019-04-05 08:22:05'), 
	(77, 2, 'OUTRO', '0', Null, Null, '2019-04-05 08:22:05'), 
	(78, 7, '1 AVISTA', '1', Null, Null, '2019-05-05 16:59:35'), 
	(79, 7, '2 AVISTA', '2', Null, Null, '2019-05-05 16:59:37'), 
	(80, 7, '4 AVISTA', '4', Null, Null, '2019-05-05 16:59:39'), 
	(81, 7, '6 AVISTA', '6', Null, Null, '2019-05-05 16:59:42'), 
	(82, 8, 'A3', Null, Null, Null, '2019-04-05 08:28:22'), 
	(83, 8, 'A4', Null, Null, Null, '2019-04-05 08:28:22'), 
	(84, 8, 'A5', Null, Null, Null, '2019-04-05 08:28:22'), 
	(85, 8, 'B5', Null, Null, Null, '2019-04-05 08:28:22'), 
	(86, 9, '1', '1', Null, Null, '2019-05-05 16:59:51'), 
	(87, 9, '2', '2', Null, Null, '2019-05-05 16:59:53'), 
	(88, 9, '3', '3', Null, Null, '2019-05-05 16:59:55'), 
	(89, 8, 'OUTRO', Null, Null, Null, '2019-04-15 13:19:13'), 
	(90, 10, 'OUTRO', Null, Null, Null, '2019-04-15 13:19:28'), 
	(91, 7, 'OUTRO', '0', Null, Null, '2019-05-05 16:59:08'), 
	(92, 5, 'OUTRO', Null, Null, Null, '2019-04-15 13:20:04'), 
	(93, 9, '4', '4', Null, Null, '2019-05-05 16:59:57'), 
	(94, 9, '5', '5', Null, Null, '2019-05-05 16:59:59'), 
	(95, 9, '6', '6', Null, Null, '2019-05-05 17:00:02'), 
	(96, 9, 'Outro', '0', Null, Null, '2019-05-05 17:00:37'), 
	(97, 10, 'YARA', Null, Null, Null, '2019-09-09 14:13:40'), 
	(98, 10, 'TP', Null, Null, Null, '2019-09-09 14:14:04'), 
	(99, 3, 'Epesa', Null, Null, Null, '2019-09-11 14:40:04');
-- 导出  表 myorder_python.t_enumeration_type 结构
DROP TABLE IF EXISTS `t_enumeration_type`;
CREATE TABLE `t_enumeration_type` (
  `fTypeID` int(11) NOT NULL AUTO_INCREMENT,
  `fTypeName` varchar(20) NOT NULL,
  `fNote` varchar(50) DEFAULT NULL,
  `TS` timestamp NOT NULL DEFAULT CURRENT_TIMESTAMP ON UPDATE CURRENT_TIMESTAMP,
  PRIMARY KEY (`fTypeID`),
  UNIQUE KEY `fTypeName` (`fTypeName`)
) ENGINE=InnoDB AUTO_INCREMENT=11 DEFAULT CHARSET=utf8
;
INSERT INTO `t_enumeration_type` (`fTypeID`, `fTypeName`, `fNote`, `TS`) VALUES 
(1, '城市City', Null, '2019-04-05 08:29:16'), 
	(2, '产品类型Especie', Null, '2019-04-05 08:29:32'), 
	(3, '付款方式PaymentMethod', Null, '2019-04-05 08:29:41'), 
	(4, '产品名称Descrição', Null, '0000-00-00 00:00:00'), 
	(5, '物料编号 Número do mater', Null, '0000-00-00 00:00:00'), 
	(6, '腹膜型号Nome peritoneal', Null, '0000-00-00 00:00:00'), 
	(7, '每页序号数Avista', Null, '2019-04-05 08:29:57'), 
	(8, '尺寸Tamanho', Null, '2019-04-05 08:29:04'), 
	(9, '联次Nr.Copy', Null, '2019-04-05 23:37:28'), 
	(10, '销售Vendedor', Null, '2019-04-05 23:56:19');
-- 导出  表 myorder_python.t_order 结构
DROP TABLE IF EXISTS `t_order`;
CREATE TABLE `t_order` (
  `fOrderID` char(20) NOT NULL COMMENT '订单号',
  `fPrice` decimal(10,2) DEFAULT NULL COMMENT '单价_印刷',
  `fCustomerID` int(11) NOT NULL COMMENT '客户编号',
  `fOrderDate` date NOT NULL COMMENT '订单日期',
  `fEspecieID` int(11) DEFAULT NULL COMMENT '印刷分类',
  `fRequiredDeliveryDate` date DEFAULT NULL COMMENT '客户要求交货日期',
  `fCategoryID` int(11) DEFAULT NULL COMMENT '类别',
  `fBrandMateriaID` int(11) DEFAULT NULL COMMENT '品牌材料',
  `fAmount` decimal(11,2) DEFAULT NULL COMMENT '金额',
  `fTax` decimal(11,2) DEFAULT NULL COMMENT '税金',
  `fPayable` decimal(11,2) DEFAULT NULL COMMENT '应付金额',
  `fDesconto` decimal(11,2) DEFAULT NULL COMMENT '折扣',
  `fColorID` int(11) DEFAULT NULL COMMENT '颜色',
  `fEntryID` int(11) DEFAULT NULL COMMENT '录入人',
  `fSubmited` bit(1) NOT NULL DEFAULT b'0' COMMENT '提交',
  `fSubmitID` int(11) DEFAULT NULL COMMENT '提交人',
  `fReviewed` bit(1) NOT NULL DEFAULT b'0' COMMENT '已审核',
  `fReviewerID` int(11) DEFAULT NULL COMMENT '审核人',
  `fConfirmed` bit(1) NOT NULL DEFAULT b'0' COMMENT '已确认',
  `fConfirmID` int(11) DEFAULT NULL COMMENT '确认人',
  `fDelivered` bit(1) NOT NULL DEFAULT b'0' COMMENT '已交付',
  `fDelivererID` int(11) DEFAULT NULL COMMENT '交付人',
  `fCanceled` bit(1) NOT NULL DEFAULT b'0' COMMENT '已作废',
  `fCancelID` int(11) DEFAULT NULL COMMENT '作废人',
  `fDeliveryDate` date DEFAULT NULL COMMENT '交付日期',
  `fNumerBegin` int(11) DEFAULT NULL COMMENT '起始编号',
  `fQuant` int(11) DEFAULT NULL COMMENT '数量',
  `fPagePerVolumn` smallint(6) DEFAULT NULL COMMENT '每本号数',
  `fNumerEnd` int(11) DEFAULT NULL COMMENT '结束编号',
  `fAvistaID` int(11) DEFAULT NULL COMMENT '每页单据数',
  `fTamanhoID` int(11) DEFAULT NULL COMMENT '尺寸',
  `fSucursal` bit(1) DEFAULT NULL COMMENT 'Sucursal 分公司',
  `fLogo` bit(1) DEFAULT b'0' COMMENT '标志',
  `fVendedorID` int(11) DEFAULT NULL COMMENT '销售人员',
  `fNrCopyID` int(11) DEFAULT NULL COMMENT '联次',
  `fContato` varchar(20) DEFAULT NULL COMMENT '联系人',
  `fCelular` varchar(15) DEFAULT NULL COMMENT '手机',
  `fTelefone` varchar(15) DEFAULT NULL COMMENT '电话',
  `fNote` varchar(255) DEFAULT NULL COMMENT '备注',
  `fDeliverViewed` bit(1) DEFAULT b'0' COMMENT '已查阅',
  `TS` timestamp NOT NULL DEFAULT CURRENT_TIMESTAMP ON UPDATE CURRENT_TIMESTAMP,
  PRIMARY KEY (`fOrderID`),
  KEY `iDelivererID` (`fDelivererID`),
  KEY `iOrderDate` (`fOrderDate`)
) ENGINE=InnoDB DEFAULT CHARSET=utf8
;
INSERT INTO `t_order` (`fOrderID`, `fPrice`, `fCustomerID`, `fOrderDate`, `fEspecieID`, `fRequiredDeliveryDate`, `fCategoryID`, `fBrandMateriaID`, `fAmount`, `fTax`, `fPayable`, `fDesconto`, `fColorID`, `fEntryID`, `fSubmited`, `fSubmitID`, `fReviewed`, `fReviewerID`, `fConfirmed`, `fConfirmID`, `fDelivered`, `fDelivererID`, `fCanceled`, `fCancelID`, `fDeliveryDate`, `fNumerBegin`, `fQuant`, `fPagePerVolumn`, `fNumerEnd`, `fAvistaID`, `fTamanhoID`, `fSucursal`, `fLogo`, `fVendedorID`, `fNrCopyID`, `fContato`, `fCelular`, `fTelefone`, `fNote`, `fDeliverViewed`, `TS`) VALUES 
('222', Null, 1, '2019-10-10', Null, '2019-10-10', Null, Null, Null, Null, Null, Null, Null, Null, 0, Null, 0, Null, 0, Null, 0, Null, 0, Null, Null, Null, Null, Null, Null, Null, Null, Null, 0, Null, Null, Null, Null, Null, Null, 0, '2019-10-10 07:59:04'), 
	('CP2019-0909000001', Null, 1, '2019-09-09', Null, '2019-09-09', Null, Null, 1400.00, 238.00, 1638.00, Null, Null, 7, 1, Null, 0, Null, 1, 7, 0, Null, 1, Null, Null, Null, Null, Null, Null, Null, Null, 0, 0, Null, Null, Null, '877500800', Null, Null, 0, '2019-09-09 15:51:26'), 
	('CP2019-0909000002', Null, 1, '2019-09-09', Null, '2019-09-09', Null, Null, 1950000.00, 331500.00, 2281500.00, Null, Null, 7, 1, Null, 0, Null, 0, Null, 0, Null, 1, Null, Null, Null, Null, Null, Null, Null, Null, 0, 0, Null, Null, Null, '877500800', Null, Null, 0, '2019-09-09 15:51:24'), 
	('CP2019-0909000003', Null, 1, '2019-09-09', Null, '2019-09-09', Null, Null, 1950000.00, 331500.00, 2281500.00, Null, Null, 7, 0, Null, 0, Null, 0, Null, 0, Null, 1, Null, Null, Null, Null, Null, Null, Null, Null, 0, 0, Null, Null, Null, '877500800', Null, Null, 0, '2019-09-09 15:51:22'), 
	('CP2019-0910000004', Null, 2, '2019-09-10', Null, '2019-09-10', Null, Null, 2645.76, Null, 2645.76, Null, Null, 3, 1, Null, 0, Null, 1, 5, 1, 6, 0, Null, Null, Null, Null, Null, Null, Null, Null, 0, 0, Null, Null, Null, '845470047', Null, Null, 1, '2019-09-11 17:45:39'), 
	('CP2019-0910000005', Null, 5, '2019-09-10', Null, '2019-09-10', Null, Null, 407.40, Null, 407.40, Null, Null, 3, 1, Null, 0, Null, 1, 5, 1, 6, 0, Null, Null, Null, Null, Null, Null, Null, Null, 0, 0, Null, Null, Null, '846666552', Null, Null, 1, '2019-09-10 15:28:01'), 
	('CP2019-0910000006', Null, 6, '2019-09-10', Null, '2019-09-10', Null, Null, 1305.60, Null, 1305.60, Null, Null, 3, 1, Null, 0, Null, 1, 5, 0, Null, 0, Null, Null, Null, Null, Null, Null, Null, Null, 0, 0, Null, Null, Null, '842387981', Null, Null, 1, '2019-09-13 09:11:27'), 
	('CP2019-0910000007', Null, 7, '2019-09-10', Null, '2019-09-12', Null, Null, 35000.00, Null, 35000.00, Null, Null, 3, 1, Null, 0, Null, 1, 5, 0, Null, 0, Null, Null, Null, Null, Null, Null, Null, Null, 0, 0, Null, Null, Null, '864131148', Null, Null, 1, '2019-09-13 09:11:53'), 
	('CP2019-0910000008', Null, 2, '2019-09-10', Null, '2019-09-10', Null, Null, 352.35, Null, 352.35, Null, Null, 3, 1, Null, 0, Null, 1, 5, 0, Null, 0, Null, Null, Null, Null, Null, Null, Null, Null, 0, 0, Null, Null, Null, '845470047', Null, Null, 1, '2019-09-13 09:12:32'), 
	('CP2019-0910000009', Null, 8, '2019-09-10', Null, '2019-09-10', Null, Null, 2500.00, Null, 2500.00, Null, Null, 3, 1, Null, 0, Null, 1, 5, 0, Null, 0, Null, Null, Null, Null, Null, Null, Null, Null, 0, 0, Null, Null, Null, '844800508', Null, Null, 1, '2019-09-13 09:11:59'), 
	('CP2019-0910000010', Null, 8, '2019-09-10', Null, '2019-09-10', Null, Null, 3500.00, Null, 3500.00, Null, Null, 3, 1, Null, 0, Null, 1, 5, 0, Null, 0, Null, Null, Null, Null, Null, Null, Null, Null, 0, 0, Null, Null, Null, '844800508', Null, Null, 1, '2019-09-13 09:12:12'), 
	('CP2019-0910000011', Null, 9, '2019-09-10', Null, '2019-09-10', Null, Null, 3500.00, Null, 3500.00, Null, Null, 3, 1, Null, 0, Null, 1, 5, 0, Null, 0, Null, Null, Null, Null, Null, Null, Null, Null, 0, 0, Null, Null, Null, '844014538', Null, Null, 1, '2019-09-13 09:13:04'), 
	('CP2019-0910000012', Null, 10, '2019-09-10', Null, '2019-09-10', Null, Null, 1205.40, Null, 1205.40, Null, Null, 3, 1, Null, 0, Null, 1, 5, 1, 6, 0, Null, Null, Null, Null, Null, Null, Null, Null, 0, 0, Null, Null, Null, '847320606', Null, Null, 1, '2019-09-11 17:48:54'), 
	('CP2019-0910000013', Null, 12, '2019-09-10', Null, '2019-09-11', Null, Null, 400.00, Null, 400.00, Null, Null, 3, 1, Null, 0, Null, 1, 5, 0, Null, 0, Null, Null, Null, Null, Null, Null, Null, Null, 0, 0, Null, Null, Null, '847121496', Null, Null, 0, '2019-09-10 16:48:48'), 
	('CP2019-0911000014', Null, 4, '2019-09-11', Null, '2019-09-11', Null, Null, 2250.00, Null, 2250.00, Null, Null, 3, 1, Null, 0, Null, 1, 5, 1, 6, 0, Null, Null, Null, Null, Null, Null, Null, Null, 0, 0, Null, Null, Null, '848867498', Null, Null, 1, '2019-09-11 17:48:34'), 
	('CP2019-0911000015', Null, 13, '2019-09-11', Null, '2019-09-11', Null, Null, 648.00, Null, 648.00, Null, Null, 3, 1, Null, 0, Null, 1, 5, 1, 6, 0, Null, Null, Null, Null, Null, Null, Null, Null, 0, 0, Null, Null, Null, '849339016', Null, Null, 1, '2019-09-11 17:49:46'), 
	('CP2019-0911000016', Null, 14, '2019-09-11', Null, '2019-09-11', Null, Null, 2682.00, 455.94, 3137.94, Null, Null, 3, 1, Null, 0, Null, 1, 5, 0, Null, 0, Null, Null, Null, Null, Null, Null, Null, Null, 0, 0, Null, Null, Null, '844339815', Null, Null, 0, '2019-09-11 11:56:57'), 
	('CP2019-0911000017', Null, 15, '2019-09-11', Null, '2019-09-11', Null, Null, 740.00, Null, 740.00, Null, Null, 3, 1, Null, 0, Null, 1, 5, 1, 6, 0, Null, Null, Null, Null, Null, Null, Null, Null, 0, 0, Null, Null, Null, '849281997', Null, Null, 1, '2019-09-11 17:50:34'), 
	('CP2019-0911000018', Null, 16, '2019-09-11', Null, '2019-09-11', Null, Null, 2850.00, Null, 2850.00, Null, Null, 3, 1, Null, 0, Null, 1, 5, 0, Null, 0, Null, Null, Null, Null, Null, Null, Null, Null, 0, 0, Null, Null, Null, '845510174', Null, Null, 0, '2019-09-11 13:57:18'), 
	('CP2019-0911000019', Null, 17, '2019-09-11', Null, '2019-09-11', Null, Null, 2640.00, Null, 2640.00, Null, Null, 3, 1, Null, 0, Null, 1, 5, 0, Null, 0, Null, Null, Null, Null, Null, Null, Null, Null, 0, 0, Null, Null, Null, '875448740', Null, Null, 0, '2019-09-11 13:57:20'), 
	('CP2019-0911000020', Null, 18, '2019-09-11', Null, '2019-09-11', Null, Null, 360.00, Null, 360.00, Null, Null, 3, 1, Null, 0, Null, 1, 5, 0, Null, 0, Null, Null, Null, Null, Null, Null, Null, Null, 0, 0, Null, Null, Null, '840144022', Null, Null, 0, '2019-09-11 13:57:23'), 
	('CP2019-0911000021', Null, 19, '2019-09-11', Null, '2019-09-11', Null, Null, 200.00, Null, 200.00, Null, Null, 3, 1, Null, 0, Null, 1, 5, 1, 6, 0, Null, Null, Null, Null, Null, Null, Null, Null, 0, 0, Null, Null, Null, '842554341', Null, Null, 1, '2019-09-11 17:46:18'), 
	('CP2019-0911000022', Null, 1, '2019-09-11', Null, '2019-09-11', Null, Null, Null, Null, Null, Null, Null, 3, 1, Null, 0, Null, 1, 5, 0, Null, 0, Null, Null, Null, Null, Null, Null, Null, Null, 0, 0, Null, Null, Null, '877500800', Null, Null, 0, '2019-09-11 16:08:56'), 
	('CP2019-0911000023', Null, 1, '2019-09-11', Null, '2019-09-11', Null, Null, Null, Null, Null, Null, Null, 3, 1, Null, 0, Null, 1, 5, 0, Null, 0, Null, Null, Null, Null, Null, Null, Null, Null, 0, 0, Null, Null, Null, '877500800', Null, Null, 0, '2019-09-11 16:09:01'), 
	('CP2019-0911000024', Null, 20, '2019-09-11', Null, '2019-09-11', Null, Null, 1205.40, Null, 1205.40, Null, Null, 3, 1, Null, 0, Null, 1, 5, 1, 6, 0, Null, Null, Null, Null, Null, Null, Null, Null, 0, 0, Null, Null, Null, '845409718', Null, Null, 1, '2019-09-12 16:11:48'), 
	('CP2019-0911000025', Null, 21, '2019-09-11', Null, '2019-09-11', Null, Null, 5560.00, Null, 5560.00, Null, Null, 3, 1, Null, 0, Null, 1, 5, 0, Null, 0, Null, Null, Null, Null, Null, Null, Null, Null, 0, 0, Null, Null, Null, '847178387', Null, Null, 0, '2019-09-11 16:11:28'), 
	('CP2019-0911000026', Null, 12, '2019-09-11', Null, '2019-09-11', Null, Null, 239.04, Null, 239.04, Null, Null, 3, 1, Null, 0, Null, 1, 5, 1, 6, 0, Null, Null, Null, Null, Null, Null, Null, Null, 0, 0, Null, Null, Null, '847121496', Null, Null, 1, '2019-09-11 17:47:47'), 
	('CP2019-0911000027', Null, 7, '2019-09-11', Null, '2019-09-11', Null, Null, 5677.20, Null, 5677.20, Null, Null, 3, 1, Null, 0, Null, 1, 5, 0, Null, 1, Null, Null, Null, Null, Null, Null, Null, Null, 0, 0, Null, Null, Null, '864131148', Null, Null, 0, '2019-09-17 11:04:55'), 
	('CP2019-0912000028', Null, 22, '2019-09-12', Null, '2019-09-12', Null, Null, 1200.00, Null, 1200.00, Null, Null, 3, 1, Null, 0, Null, 1, 5, 0, Null, 0, Null, Null, Null, Null, Null, Null, Null, Null, 0, 0, Null, Null, Null, '844035240', Null, Null, 1, '2019-09-13 11:42:10'), 
	('CP2019-0912000029', Null, 23, '2019-09-12', Null, '2019-09-12', Null, Null, 2400.00, Null, 2400.00, Null, Null, 3, 1, Null, 0, Null, 1, 5, 0, Null, 1, Null, Null, Null, Null, Null, Null, Null, Null, 0, 0, Null, Null, Null, Null, Null, Null, 0, '2019-09-12 19:02:08'), 
	('CP2019-0912000030', Null, 23, '2019-09-12', Null, '2019-09-12', Null, Null, 2400.00, 408.00, 2808.00, Null, Null, 3, 1, Null, 0, Null, 1, 5, 0, Null, 1, Null, Null, Null, Null, Null, Null, Null, Null, 0, 0, Null, Null, Null, Null, Null, Null, 0, '2019-09-12 19:02:05'), 
	('CP2019-0912000031', Null, 24, '2019-09-12', Null, '2019-09-12', Null, Null, 2400.00, Null, 2400.00, Null, Null, 3, 1, Null, 0, Null, 1, 5, 0, Null, 0, Null, Null, Null, Null, Null, Null, Null, Null, 0, 0, Null, Null, Null, '846253749', Null, Null, 0, '2019-09-12 11:54:28'), 
	('CP2019-0912000032', Null, 6, '2019-09-12', Null, '2019-09-12', Null, Null, 756.00, Null, 756.00, Null, Null, 3, 1, Null, 0, Null, 1, 5, 0, Null, 0, Null, Null, Null, Null, Null, Null, Null, Null, 0, 0, Null, Null, Null, '842387981', Null, Null, 0, '2019-09-12 11:54:31'), 
	('CP2019-0912000033', Null, 25, '2019-09-12', Null, '2019-09-12', Null, Null, 1600.00, Null, 1600.00, Null, Null, 3, 1, Null, 0, Null, 1, 5, 0, Null, 0, Null, Null, Null, Null, Null, Null, Null, Null, 0, 0, Null, Null, Null, '846246400', Null, Null, 0, '2019-09-12 13:47:30'), 
	('CP2019-0912000034', Null, 27, '2019-09-12', Null, '2019-09-12', Null, Null, 200.00, Null, 200.00, Null, Null, 3, 1, Null, 0, Null, 1, 5, 0, Null, 0, Null, Null, Null, Null, Null, Null, Null, Null, 0, 0, Null, Null, Null, '825504910', Null, Null, 0, '2019-09-12 13:47:33'), 
	('CP2019-0912000035', Null, 28, '2019-09-12', Null, '2019-09-12', Null, Null, 3565.00, Null, 3565.00, Null, Null, 3, 1, Null, 0, Null, 1, 5, 0, Null, 0, Null, Null, Null, Null, Null, Null, Null, Null, 0, 0, Null, Null, Null, '866627712', Null, Null, 0, '2019-09-12 14:53:13'), 
	('CP2019-0912000036', Null, 21, '2019-09-12', Null, '2019-09-12', Null, Null, 582.12, Null, 582.12, Null, Null, 3, 1, Null, 0, Null, 1, 5, 0, Null, 0, Null, Null, Null, Null, Null, Null, Null, Null, 0, 0, Null, Null, Null, '847178387', Null, Null, 0, '2019-09-12 13:52:36'), 
	('CP2019-0912000037', Null, 29, '2019-09-12', Null, '2019-09-12', Null, Null, 1120.00, Null, 1120.00, Null, Null, 3, 1, Null, 0, Null, 1, 5, 0, Null, 0, Null, Null, Null, Null, Null, Null, Null, Null, 0, 0, Null, Null, Null, '844848048', Null, Null, 0, '2019-09-12 14:20:08'), 
	('CP2019-0912000038', Null, 30, '2019-09-12', Null, '2019-09-12', Null, Null, 65000.00, Null, 65000.00, Null, Null, 3, 1, Null, 0, Null, 1, 5, 0, Null, 0, Null, Null, Null, Null, Null, Null, Null, Null, 0, 0, Null, Null, Null, '863200730', Null, Null, 0, '2019-09-12 14:45:59'), 
	('CP2019-0912000039', Null, 6, '2019-09-12', Null, '2019-09-12', Null, Null, 203.52, Null, 203.52, Null, Null, 3, 1, Null, 0, Null, 1, 5, 0, Null, 0, Null, Null, Null, Null, Null, Null, Null, Null, 0, 0, Null, Null, Null, '842387981', Null, Null, 0, '2019-09-12 15:28:30'), 
	('CP2019-0912000040', Null, 31, '2019-09-12', Null, '2019-09-12', Null, Null, 600.00, Null, 600.00, Null, Null, 3, 1, Null, 0, Null, 1, 5, 0, Null, 0, Null, Null, Null, Null, Null, Null, Null, Null, 0, 0, Null, Null, Null, '843200933', Null, Null, 0, '2019-09-12 15:28:32'), 
	('CP2019-0912000041', Null, 14, '2019-09-12', Null, '2019-09-12', Null, Null, 7000.00, 1190.00, 8190.00, Null, Null, 3, 1, Null, 0, Null, 1, 5, 0, Null, 0, Null, Null, Null, Null, Null, Null, Null, Null, 0, 0, Null, Null, Null, '844339815', Null, Null, 0, '2019-09-12 15:28:35'), 
	('CP2019-0912000042', Null, 4, '2019-09-12', Null, '2019-09-13', Null, Null, 15697.50, Null, 15697.50, Null, Null, 8, 1, Null, 0, Null, 1, 5, 0, Null, 0, Null, Null, Null, Null, Null, Null, Null, Null, 0, 0, Null, Null, Null, '848867498', Null, Null, 0, '2019-09-12 16:05:49'), 
	('CP2019-0912000043', Null, 32, '2019-09-12', Null, '2019-09-12', Null, Null, 10150.00, Null, 10150.00, Null, Null, 3, 1, Null, 0, Null, 1, 5, 0, Null, 0, Null, Null, Null, Null, Null, Null, Null, Null, 0, 0, Null, Null, Null, Null, Null, Null, 0, '2019-09-12 16:07:17'), 
	('CP2019-0912000044', Null, 33, '2019-09-12', Null, '2019-09-13', Null, Null, 7000.00, Null, 7000.00, Null, Null, 3, 1, Null, 0, Null, 1, 5, 0, Null, 0, Null, Null, Null, Null, Null, Null, Null, Null, 0, 0, Null, Null, Null, '846492820', Null, Null, 0, '2019-09-12 16:07:21'), 
	('CP2019-0913000045', Null, 35, '2019-09-13', Null, '2019-09-13', Null, Null, 2201.60, Null, 2201.60, Null, Null, 3, 1, Null, 0, Null, 1, 5, 1, 6, 0, Null, Null, Null, Null, Null, Null, Null, Null, 0, 0, Null, Null, Null, '847436541', Null, Null, 1, '2019-09-13 11:47:47'), 
	('CP2019-0913000046', Null, 36, '2019-09-13', Null, '2019-09-13', Null, Null, 1400.00, Null, 1400.00, Null, Null, 8, 1, Null, 0, Null, 1, 5, 0, Null, 0, Null, Null, Null, Null, Null, Null, Null, Null, 0, 0, Null, Null, Null, '846521694', Null, Null, 0, '2019-09-13 10:10:30'), 
	('CP2019-0913000047', Null, 37, '2019-09-13', Null, '2019-09-13', Null, Null, 15400.00, Null, 13860.00, 1540.00, Null, 8, 1, Null, 0, Null, 1, 5, 0, Null, 0, Null, Null, Null, Null, Null, Null, Null, Null, 0, 0, Null, Null, Null, '870548694', Null, Null, 0, '2019-09-13 11:24:31'), 
	('CP2019-0913000048', Null, 38, '2019-09-13', Null, '2019-09-13', Null, Null, 1400.00, Null, 1400.00, Null, Null, 8, 1, Null, 0, Null, 1, 5, 1, 6, 0, Null, Null, Null, Null, Null, Null, Null, Null, 0, 0, Null, Null, Null, '842566093', Null, Null, 1, '2019-09-13 11:47:42'), 
	('CP2019-0913000049', Null, 7, '2019-09-13', Null, '2019-09-13', Null, Null, 400.00, 68.00, 468.00, Null, Null, 3, 1, Null, 0, Null, 1, 5, 0, Null, 0, Null, Null, Null, Null, Null, Null, Null, Null, 0, 0, Null, Null, Null, '864131148', Null, Null, 0, '2019-09-13 11:43:09'), 
	('CP2019-0913000050', Null, 39, '2019-09-13', Null, '2019-09-13', Null, Null, 16000.00, Null, 15500.00, 500.00, Null, 3, 1, Null, 0, Null, 1, 5, 0, Null, 0, Null, Null, Null, Null, Null, Null, Null, Null, 0, 0, Null, Null, Null, '846440003', Null, Null, 1, '2019-09-13 11:45:23'), 
	('CP2019-0913000051', Null, 40, '2019-09-13', Null, '2019-09-13', Null, Null, 4900.00, Null, 4900.00, Null, Null, 3, 1, Null, 0, Null, 1, 5, 0, Null, 0, Null, Null, Null, Null, Null, Null, Null, Null, 0, 0, Null, Null, Null, '827597335/ 8447', Null, Null, 0, '2019-09-13 12:46:54'), 
	('CP2019-0913000052', Null, 41, '2019-09-13', Null, '2019-09-13', Null, Null, 450.00, Null, 450.00, Null, Null, 8, 1, Null, 0, Null, 1, 5, 0, Null, 0, Null, Null, Null, Null, Null, Null, Null, Null, 0, 0, Null, Null, Null, '850530281', Null, Null, 0, '2019-09-13 14:06:07'), 
	('CP2019-0913000053', Null, 42, '2019-09-13', Null, '2019-09-13', Null, Null, 900.00, Null, 900.00, Null, Null, 8, 1, Null, 0, Null, 1, 5, 0, Null, 0, Null, Null, Null, Null, Null, Null, Null, Null, 0, 0, Null, Null, Null, '848233552', Null, Null, 0, '2019-09-13 14:06:11'), 
	('CP2019-0913000054', Null, 37, '2019-09-13', Null, '2019-09-13', Null, Null, 200.00, Null, 200.00, Null, Null, 8, 1, Null, 0, Null, 1, 5, 0, Null, 0, Null, Null, Null, Null, Null, Null, Null, Null, 0, 0, Null, Null, Null, '870548694', Null, Null, 0, '2019-09-13 14:12:41'), 
	('CP2019-0913000055', Null, 43, '2019-09-13', Null, '2019-09-13', Null, Null, 1728.00, Null, 1728.00, Null, Null, 8, 1, Null, 0, Null, 1, 5, 0, Null, 0, Null, Null, Null, Null, Null, Null, Null, Null, 0, 0, Null, Null, Null, '864131248', Null, Null, 0, '2019-09-13 14:12:45'), 
	('CP2019-0913000056', Null, 44, '2019-09-13', Null, '2019-09-13', Null, Null, 441.00, Null, 441.00, Null, Null, 8, 1, Null, 0, Null, 1, 5, 0, Null, 0, Null, Null, Null, Null, Null, Null, Null, Null, 0, 0, Null, Null, Null, '847995800', Null, Null, 0, '2019-09-13 14:36:26'), 
	('CP2019-0913000057', Null, 5, '2019-09-13', Null, '2019-09-13', Null, Null, 3257.80, Null, 3257.80, Null, Null, 3, 1, Null, 0, Null, 1, 5, 0, Null, 0, Null, Null, Null, Null, Null, Null, Null, Null, 0, 0, Null, Null, Null, '846666552', Null, Null, 1, '2019-09-16 15:40:17'), 
	('CP2019-0913000058', Null, 45, '2019-09-13', Null, '2019-09-13', Null, Null, 830.08, Null, 830.08, Null, Null, 8, 1, Null, 0, Null, 1, 5, 0, Null, 0, Null, Null, Null, Null, Null, Null, Null, Null, 0, 0, Null, Null, Null, '842206145', Null, Null, 0, '2019-09-13 16:14:05'), 
	('CP2019-0913000059', Null, 29, '2019-09-13', Null, '2019-09-14', Null, Null, 2000.00, Null, 2000.00, Null, Null, 3, 1, Null, 0, Null, 1, 5, 0, Null, 0, Null, Null, Null, Null, Null, Null, Null, Null, 0, 0, Null, Null, Null, '844848048', Null, Null, 0, '2019-09-14 09:09:05'), 
	('CP2019-0913000060', Null, 46, '2019-09-13', Null, '2019-09-13', Null, Null, 20250.00, Null, 20000.00, 250.00, Null, 2, 1, Null, 0, Null, 1, 2, 0, Null, 0, Null, Null, Null, Null, Null, Null, Null, Null, 0, 0, Null, Null, Null, '848130178', Null, Null, 0, '2019-09-13 18:00:30'), 
	('CP2019-0914000061', Null, 27, '2019-09-14', Null, '2019-09-14', Null, Null, 1800.00, Null, 1800.00, Null, Null, 8, 1, Null, 0, Null, 1, 5, 0, Null, 0, Null, Null, Null, Null, Null, Null, Null, Null, 0, 0, Null, Null, Null, '825504910', Null, Null, 0, '2019-09-14 09:33:09'), 
	('CP2019-0914000062', Null, 47, '2019-09-14', Null, '2019-09-14', Null, Null, 24500.00, 4165.00, 28665.00, Null, Null, 8, 1, Null, 0, Null, 1, 5, 0, Null, 0, Null, Null, Null, Null, Null, Null, Null, Null, 0, 0, Null, Null, Null, '843244182', Null, Null, 0, '2019-09-14 09:33:12'), 
	('CP2019-0914000063', Null, 48, '2019-09-14', Null, '2019-09-14', Null, Null, 3600.00, Null, 3600.00, Null, Null, 8, 1, Null, 0, Null, 1, 5, 0, Null, 0, Null, Null, Null, Null, Null, Null, Null, Null, 0, 0, Null, Null, Null, '848692196', Null, Null, 0, '2019-09-14 09:33:15'), 
	('CP2019-0914000064', Null, 27, '2019-09-14', Null, '2019-09-14', Null, Null, 8400.00, Null, 8400.00, Null, Null, 8, 1, Null, 0, Null, 1, 5, 0, Null, 0, Null, Null, Null, Null, Null, Null, Null, Null, 0, 0, Null, Null, Null, '825504910', Null, Null, 0, '2019-09-14 10:52:18'), 
	('CP2019-0914000065', Null, 50, '2019-09-14', Null, '2019-09-14', Null, Null, 200.00, Null, 200.00, Null, Null, 8, 1, Null, 0, Null, 1, 5, 0, Null, 0, Null, Null, Null, Null, Null, Null, Null, Null, 0, 0, Null, Null, Null, '849102196', Null, Null, 0, '2019-09-14 11:41:38'), 
	('CP2019-0914000066', Null, 7, '2019-09-14', Null, '2019-09-14', Null, Null, 400.00, 68.00, 468.00, Null, Null, 8, 1, Null, 0, Null, 1, 5, 0, Null, 0, Null, Null, Null, Null, Null, Null, Null, Null, 0, 0, Null, Null, Null, '864131148', Null, Null, 0, '2019-09-14 12:18:40'), 
	('CP2019-0916000067', Null, 51, '2019-09-16', Null, '2019-09-16', Null, Null, 600.00, Null, 600.00, Null, Null, 3, 1, Null, 0, Null, 1, 5, 0, Null, 0, Null, Null, Null, Null, Null, Null, Null, Null, 0, 0, Null, Null, Null, '842533260', Null, Null, 0, '2019-09-16 09:13:55'), 
	('CP2019-0916000068', Null, 52, '2019-09-16', Null, '2019-09-16', Null, Null, 6000.00, Null, 6000.00, Null, Null, 3, 1, Null, 0, Null, 1, 5, 0, Null, 0, Null, Null, Null, Null, Null, Null, Null, Null, 0, 0, Null, Null, Null, '843343333', Null, Null, 0, '2019-09-16 10:19:11'), 
	('CP2019-0916000069', Null, 47, '2019-09-16', Null, '2019-09-16', Null, Null, 3600.00, 612.00, 4212.00, Null, Null, 8, 1, Null, 0, Null, 1, 5, 0, Null, 0, Null, Null, Null, Null, Null, Null, Null, Null, 0, 0, Null, Null, Null, '843244182', Null, Null, 0, '2019-09-16 10:19:16'), 
	('CP2019-0916000070', Null, 39, '2019-09-16', Null, '2019-09-16', Null, Null, 300.00, Null, 300.00, Null, Null, 3, 1, Null, 0, Null, 1, 5, 0, Null, 0, Null, Null, Null, Null, Null, Null, Null, Null, 0, 0, Null, Null, Null, '846440003', Null, Null, 0, '2019-09-16 10:19:39'), 
	('CP2019-0916000071', Null, 53, '2019-09-16', Null, '2019-09-16', Null, Null, 30300.00, 5151.00, 35451.00, Null, Null, 3, 1, Null, 0, Null, 0, Null, 0, Null, 1, Null, Null, Null, Null, Null, Null, Null, Null, 0, 0, Null, Null, Null, '843536000', Null, Null, 0, '2019-09-16 11:17:08'), 
	('CP2019-0916000072', Null, 7, '2019-09-16', Null, '2019-09-16', Null, Null, 2520.00, 428.40, 2948.40, Null, Null, 8, 1, Null, 0, Null, 1, 5, 0, Null, 0, Null, Null, Null, Null, Null, Null, Null, Null, 0, 0, Null, Null, Null, '864131148', Null, Null, 0, '2019-09-16 11:16:37'), 
	('CP2019-0916000073', Null, 5, '2019-09-16', Null, '2019-09-16', Null, Null, 1400.00, Null, 1400.00, Null, Null, 8, 1, Null, 0, Null, 1, 5, 0, Null, 0, Null, Null, Null, Null, Null, Null, Null, Null, 0, 0, Null, Null, Null, '846666552', Null, Null, 1, '2019-09-16 15:40:01'), 
	('CP2019-0916000074', Null, 39, '2019-09-16', Null, '2019-09-16', Null, Null, 1200.00, 0.00, 1200.00, 0.00, Null, 8, 1, Null, 0, Null, 1, 5, 0, Null, 0, Null, Null, Null, Null, Null, Null, Null, Null, 0, 0, Null, Null, Null, '846440003', Null, Null, 0, '2019-09-16 14:59:58'), 
	('CP2019-0916000075', Null, 54, '2019-09-16', Null, '2019-09-16', Null, Null, 3000.00, 0.00, 3000.00, Null, Null, 8, 1, Null, 0, Null, 1, 5, 0, Null, 0, Null, Null, Null, Null, Null, Null, Null, Null, 0, 0, Null, Null, Null, '848602917', Null, Null, 0, '2019-09-16 16:19:36'), 
	('CP2019-0916000076', Null, 33, '2019-09-16', Null, '2019-09-16', Null, Null, 5500.00, 0.00, 5500.00, 0.00, Null, 3, 1, Null, 0, Null, 1, 5, 0, Null, 0, Null, Null, Null, Null, Null, Null, Null, Null, 0, 0, Null, Null, Null, '846492820', Null, Null, 0, '2019-09-16 16:32:23'), 
	('CP2019-0917000077', Null, 55, '2019-09-17', Null, '2019-09-17', Null, Null, 2057.00, 0.00, 2057.00, Null, Null, 3, 1, Null, 0, Null, 1, 5, 0, Null, 0, Null, Null, Null, Null, Null, Null, Null, Null, 0, 0, Null, Null, Null, '847187913', Null, Null, 0, '2019-09-17 09:03:20'), 
	('CP2019-0917000078', Null, 56, '2019-09-17', Null, '2019-09-17', Null, Null, 1770.00, 0.00, 1770.00, 0.00, Null, 8, 1, Null, 0, Null, 1, 5, 0, Null, 0, Null, Null, Null, Null, Null, Null, Null, Null, 0, 0, Null, Null, Null, '843343333', Null, Null, 0, '2019-09-17 10:31:25'), 
	('CP2019-0917000079', Null, 57, '2019-09-17', Null, '2019-09-17', Null, Null, 200.00, 0.00, 200.00, Null, Null, 8, 1, Null, 0, Null, 1, 5, 0, Null, 0, Null, Null, Null, Null, Null, Null, Null, Null, 0, 0, Null, Null, Null, '848636632', Null, Null, 0, '2019-09-17 12:17:51'), 
	('CP2019-0917000080', Null, 58, '2019-09-17', Null, '2019-09-18', Null, Null, 45000.00, 0.00, 45000.00, 0.00, Null, 3, 1, Null, 0, Null, 1, 5, 0, Null, 0, Null, Null, Null, Null, Null, Null, Null, Null, 0, 0, Null, Null, Null, '846987822', Null, Null, 0, '2019-09-17 12:17:54'), 
	('CP2019-0917000081', Null, 59, '2019-09-17', Null, '2019-09-17', Null, Null, 1192.80, 0.00, 1192.80, Null, Null, 8, 1, Null, 0, Null, 1, 5, 0, Null, 0, Null, Null, Null, Null, Null, Null, Null, Null, 0, 0, Null, Null, Null, '844795153', Null, Null, 0, '2019-09-17 12:17:57'), 
	('CP2019-0917000082', Null, 58, '2019-09-17', Null, '2019-09-19', Null, Null, 25000.00, 0.00, 25000.00, 0.00, Null, 3, 1, Null, 0, Null, 1, 5, 0, Null, 0, Null, Null, Null, Null, Null, Null, Null, Null, 0, 0, Null, Null, Null, '846987822', Null, Null, 0, '2019-09-17 14:25:40'), 
	('CP2019-0917000083', Null, 12, '2019-09-17', Null, '2019-09-17', Null, Null, 17600.00, 0.00, 17600.00, Null, Null, 8, 1, Null, 0, Null, 1, 5, 0, Null, 0, Null, Null, Null, Null, Null, Null, Null, Null, 0, 0, Null, Null, Null, '847121496', Null, Null, 0, '2019-09-17 13:34:01'), 
	('CP2019-0917000084', Null, 29, '2019-09-17', Null, '2019-09-18', Null, Null, 5804.00, 0.00, 5804.00, Null, Null, 3, 1, Null, 0, Null, 1, 5, 0, Null, 0, Null, Null, Null, Null, Null, Null, Null, Null, 0, 0, Null, Null, Null, '844848048', Null, Null, 0, '2019-09-17 17:09:07'), 
	('CP2019-0917000085', Null, 43, '2019-09-17', Null, '2019-09-18', Null, Null, 1400.00, 0.00, 1400.00, Null, Null, 8, 1, Null, 0, Null, 1, 5, 0, Null, 0, Null, Null, Null, Null, Null, Null, Null, Null, 0, 0, Null, Null, Null, '864131248', Null, Null, 0, '2019-09-17 17:09:12'), 
	('CP2019-0917000086', Null, 62, '2019-09-17', Null, '2019-09-18', Null, Null, 12402.00, 0.00, 12402.00, 0.00, Null, 3, 1, Null, 0, Null, 1, 5, 0, Null, 0, Null, Null, Null, Null, Null, Null, Null, Null, 0, 0, Null, Null, Null, '846824981', Null, Null, 0, '2019-09-17 17:09:14'), 
	('CP2019-0918000087', Null, 42, '2019-09-18', Null, '2019-09-18', Null, Null, 1800.00, 0.00, 1800.00, Null, Null, 8, 1, Null, 0, Null, 1, 5, 0, Null, 0, Null, Null, Null, Null, Null, Null, Null, Null, 0, 0, Null, Null, Null, '848233552', Null, Null, 0, '2019-09-18 10:35:43'), 
	('CP2019-0918000088', Null, 7, '2019-09-18', Null, '2019-09-18', Null, Null, 1800.00, 306.00, 2106.00, Null, Null, 8, 1, Null, 0, Null, 1, 5, 0, Null, 0, Null, Null, Null, Null, Null, Null, Null, Null, 0, 0, Null, Null, Null, '864131148', Null, Null, 0, '2019-09-18 13:45:16'), 
	('CP2019-0918000089', Null, 29, '2019-09-18', Null, '2019-09-18', Null, Null, 2304.00, 0.00, 2304.00, Null, Null, 8, 1, Null, 0, Null, 1, 5, 0, Null, 0, Null, Null, Null, Null, Null, Null, Null, Null, 0, 0, Null, Null, Null, '844848048', Null, Null, 0, '2019-09-18 13:45:19'), 
	('CP2019-0918000090', Null, 56, '2019-09-18', Null, '2019-09-18', Null, Null, 1500.00, 0.00, 1500.00, 0.00, Null, 8, 1, Null, 0, Null, 1, 5, 0, Null, 0, Null, Null, Null, Null, Null, Null, Null, Null, 0, 0, Null, Null, Null, '843343333', Null, Null, 0, '2019-09-18 15:25:56'), 
	('CP2019-0918000091', Null, 63, '2019-09-18', Null, '2019-09-18', Null, Null, 2520.00, 0.00, 2520.00, Null, Null, 8, 1, Null, 0, Null, 1, 5, 0, Null, 0, Null, Null, Null, Null, Null, Null, Null, Null, 0, 0, Null, Null, Null, '870562223', Null, Null, 0, '2019-09-18 16:02:08'), 
	('CP2019-0918000092', Null, 40, '2019-09-18', Null, '2019-09-18', Null, Null, 1400.00, 0.00, 1400.00, Null, Null, 8, 1, Null, 0, Null, 1, 5, 0, Null, 0, Null, Null, Null, Null, Null, Null, Null, Null, 0, 0, Null, Null, Null, '827597335/ 8447', Null, Null, 0, '2019-09-18 16:02:11'), 
	('CP2019-0918000093', Null, 40, '2019-09-18', Null, '2019-09-18', Null, Null, 6900.00, 0.00, 6900.00, Null, Null, 8, 1, Null, 0, Null, 1, 5, 0, Null, 0, Null, Null, Null, Null, Null, Null, Null, Null, 0, 0, Null, Null, Null, '827597335/ 8447', Null, Null, 0, '2019-09-18 16:22:07'), 
	('CP2019-0919000094', Null, 46, '2019-09-19', Null, '2019-09-19', Null, Null, 3500.00, 0.00, 3500.00, Null, Null, 3, 1, Null, 0, Null, 1, 5, 0, Null, 0, Null, Null, Null, Null, Null, Null, Null, Null, 0, 0, Null, Null, Null, '848130178', Null, Null, 0, '2019-09-19 10:35:53'), 
	('CP2019-0919000095', Null, 1, '2019-09-19', Null, '2019-09-19', Null, Null, 0.00, 0.00, 0.00, 0.00, Null, 3, 1, Null, 0, Null, 1, 5, 0, Null, 0, Null, Null, Null, Null, Null, Null, Null, Null, 0, 0, Null, Null, Null, '877500800', Null, Null, 0, '2019-09-19 11:41:18'), 
	('CP2019-0919000096', Null, 11, '2019-09-19', Null, '2019-09-19', Null, Null, 384.00, 0.00, 384.00, Null, Null, 8, 1, Null, 0, Null, 1, 5, 0, Null, 0, Null, Null, Null, Null, Null, Null, Null, Null, 0, 0, Null, Null, Null, '844644553', Null, Null, 0, '2019-09-19 11:41:15'), 
	('CP2019-0919000097', Null, 64, '2019-09-19', Null, '2019-09-19', Null, Null, 1400.00, 0.00, 1400.00, 0.00, Null, 3, 1, Null, 0, Null, 1, 5, 0, Null, 0, Null, Null, Null, Null, Null, Null, Null, Null, 0, 0, Null, Null, Null, '843339000', Null, Null, 0, '2019-09-19 11:41:21'), 
	('CP2019-0919000098', Null, 56, '2019-09-19', Null, '2019-09-19', Null, Null, 2100.00, 0.00, 2100.00, Null, Null, 3, 1, Null, 0, Null, 1, 5, 0, Null, 0, Null, Null, Null, Null, Null, Null, Null, Null, 0, 0, Null, Null, Null, '843343333', Null, Null, 0, '2019-09-19 14:55:39'), 
	('CP2019-0919000099', Null, 65, '2019-09-19', Null, '2019-09-19', Null, Null, 2500.00, 0.00, 2500.00, Null, Null, 8, 1, Null, 0, Null, 1, 5, 0, Null, 0, Null, Null, Null, Null, Null, Null, Null, Null, 0, 0, Null, Null, Null, '843379290', Null, Null, 0, '2019-09-19 14:56:07'), 
	('CP2019-0919000100', Null, 66, '2019-09-19', Null, '2019-09-19', Null, Null, 888.00, 0.00, 888.00, Null, Null, 8, 1, Null, 0, Null, 1, 5, 0, Null, 0, Null, Null, Null, Null, Null, Null, Null, Null, 0, 0, Null, Null, Null, '846104858', Null, Null, 0, '2019-09-19 14:56:37'), 
	('CP2019-0919000101', Null, 67, '2019-09-19', Null, '2019-09-19', Null, Null, 1200.00, 204.00, 1404.00, 0.00, Null, 8, 1, Null, 0, Null, 1, 5, 0, Null, 0, Null, Null, Null, Null, Null, Null, Null, Null, 0, 0, Null, Null, Null, '869960000', Null, Null, 0, '2019-09-19 14:57:07'), 
	('CP2019-0919000102', Null, 68, '2019-09-19', Null, '2019-09-19', Null, Null, 1800.00, 0.00, 1800.00, Null, Null, 8, 1, Null, 0, Null, 1, 5, 0, Null, 0, Null, Null, Null, Null, Null, Null, Null, Null, 0, 0, Null, Null, Null, '845548694', Null, Null, 0, '2019-09-19 14:57:34'), 
	('CP2019-0919000103', Null, 37, '2019-09-19', Null, '2019-09-19', Null, Null, 5285.00, 0.00, 5285.00, Null, Null, 8, 1, Null, 0, Null, 1, 5, 0, Null, 0, Null, Null, Null, Null, Null, Null, Null, Null, 0, 0, Null, Null, Null, '870548694', Null, Null, 0, '2019-09-19 14:57:57'), 
	('CP2019-0919000104', Null, 40, '2019-09-19', Null, '2019-09-19', Null, Null, 2100.00, 0.00, 2100.00, Null, Null, 8, 1, Null, 0, Null, 1, 5, 0, Null, 0, Null, Null, Null, Null, Null, Null, Null, Null, 0, 0, Null, Null, Null, '827597335/ 8447', Null, Null, 0, '2019-09-19 16:17:49'), 
	('CP2019-0919000105', Null, 37, '2019-09-19', Null, '2019-09-19', Null, Null, 422.40, 0.00, 422.40, Null, Null, 8, 1, Null, 0, Null, 1, 5, 0, Null, 0, Null, Null, Null, Null, Null, Null, Null, Null, 0, 0, Null, Null, Null, '870548694', Null, Null, 0, '2019-09-19 16:18:28'), 
	('CP2019-0920000106', Null, 69, '2019-09-20', Null, '2019-09-20', Null, Null, 384.00, 0.00, 384.00, Null, Null, 8, 1, Null, 0, Null, 1, 5, 0, Null, 0, Null, Null, Null, Null, Null, Null, Null, Null, 0, 0, Null, Null, Null, '844554588', Null, Null, 0, '2019-09-20 11:54:29'), 
	('CP2019-0920000107', Null, 68, '2019-09-20', Null, '2019-09-20', Null, Null, 3500.00, 0.00, 3500.00, Null, Null, 8, 1, Null, 0, Null, 1, 5, 0, Null, 0, Null, Null, Null, Null, Null, Null, Null, Null, 0, 0, Null, Null, Null, '845548694', Null, Null, 0, '2019-09-20 14:05:17'), 
	('CP2019-0920000108', Null, 70, '2019-09-20', Null, '2019-09-20', Null, Null, 1400.00, 238.00, 1638.00, Null, Null, 3, 1, Null, 0, Null, 1, 5, 0, Null, 0, Null, Null, Null, Null, Null, Null, Null, Null, 0, 0, Null, Null, Null, '852630170', Null, Null, 0, '2019-09-20 14:07:15'), 
	('CP2019-0920000109', Null, 41, '2019-09-20', Null, '2019-09-20', Null, Null, 798.00, 0.00, 798.00, Null, Null, 8, 1, Null, 0, Null, 1, 5, 0, Null, 0, Null, Null, Null, Null, Null, Null, Null, Null, 0, 0, Null, Null, Null, '850530281', Null, Null, 0, '2019-09-20 15:09:36'), 
	('CP2019-0920000110', Null, 71, '2019-09-20', Null, '2019-09-20', Null, Null, 640.00, 0.00, 640.00, Null, Null, 8, 1, Null, 0, Null, 1, 5, 0, Null, 0, Null, Null, Null, Null, Null, Null, Null, Null, 0, 0, Null, Null, Null, '846691847', Null, Null, 0, '2019-09-20 15:50:36'), 
	('CP2019-0920000111', Null, 2, '2019-09-20', Null, '2019-09-21', Null, Null, 1800.00, 0.00, 1800.00, Null, Null, 8, 1, Null, 0, Null, 1, 5, 0, Null, 0, Null, Null, Null, Null, Null, Null, Null, Null, 0, 0, Null, Null, Null, '845470047', Null, Null, 0, '2019-09-20 16:31:11'), 
	('CP2019-0923000112', Null, 72, '2019-09-23', Null, '2019-09-23', Null, Null, 5000.00, 0.00, 5000.00, Null, Null, 8, 1, Null, 0, Null, 1, 5, 0, Null, 0, Null, Null, Null, Null, Null, Null, Null, Null, 0, 0, Null, Null, Null, '849006075', Null, Null, 0, '2019-09-23 10:48:09'), 
	('CP2019-0923000113', Null, 73, '2019-09-23', Null, '2019-09-23', Null, Null, 200.00, 0.00, 200.00, 0.00, Null, 3, 1, Null, 0, Null, 1, 5, 0, Null, 0, Null, Null, Null, Null, Null, Null, Null, Null, 0, 0, Null, Null, Null, '844375150', Null, Null, 0, '2019-09-23 13:45:07'), 
	('CP2019-0923000114', Null, 74, '2019-09-23', Null, '2019-09-23', Null, Null, 396.48, 0.00, 396.48, Null, Null, 8, 1, Null, 0, Null, 1, 5, 0, Null, 0, Null, Null, Null, Null, Null, Null, Null, Null, 0, 0, Null, Null, Null, '847490008', Null, Null, 0, '2019-09-23 13:51:37'), 
	('CP2019-0923000115', Null, 43, '2019-09-23', Null, '2019-09-23', Null, Null, 1400.00, 0.00, 1400.00, Null, Null, 8, 1, Null, 0, Null, 1, 5, 0, Null, 0, Null, Null, Null, Null, Null, Null, Null, Null, 0, 0, Null, Null, Null, '864131248', Null, Null, 0, '2019-09-23 14:54:51'), 
	('CP2019-0923000116', Null, 75, '2019-09-23', Null, '2019-09-23', Null, Null, 2100.00, 0.00, 2100.00, Null, Null, 8, 1, Null, 0, Null, 1, 5, 0, Null, 0, Null, Null, Null, Null, Null, Null, Null, Null, 0, 0, Null, Null, Null, '845595555', Null, Null, 0, '2019-09-23 14:59:56'), 
	('CP2019-0923000117', Null, 3, '2019-09-23', Null, '2019-09-24', Null, Null, 49560.00, 8425.20, 57985.20, Null, Null, 8, 1, Null, 0, Null, 1, 5, 0, Null, 0, Null, Null, Null, Null, Null, Null, Null, Null, 0, 0, Null, Null, Null, '873066544', Null, Null, 0, '2019-09-23 15:37:05'), 
	('CP2019-0923000118', Null, 40, '2019-09-23', Null, '2019-09-23', Null, Null, 6900.00, 0.00, 6900.00, Null, Null, 8, 1, Null, 0, Null, 1, 5, 0, Null, 0, Null, Null, Null, Null, Null, Null, Null, Null, 0, 0, Null, Null, Null, '827597335/ 8447', Null, Null, 0, '2019-09-23 16:32:24'), 
	('CP2019-0924000119', Null, 27, '2019-09-24', Null, '2019-09-24', Null, Null, 2000.00, 0.00, 2000.00, Null, Null, 8, 1, Null, 0, Null, 1, 5, 0, Null, 0, Null, Null, Null, Null, Null, Null, Null, Null, 0, 0, Null, Null, Null, '825504910', Null, Null, 0, '2019-09-24 08:43:09'), 
	('CP2019-0924000120', Null, 76, '2019-09-24', Null, '2019-09-24', Null, Null, 400.00, 0.00, 400.00, Null, Null, 8, 1, Null, 0, Null, 1, 5, 0, Null, 0, Null, Null, Null, Null, Null, Null, Null, Null, 0, 0, Null, Null, Null, '868683020', Null, Null, 0, '2019-09-24 09:31:49'), 
	('CP2019-0924000121', Null, 77, '2019-09-24', Null, '2019-09-24', Null, Null, 560.00, 0.00, 560.00, Null, Null, 8, 1, Null, 0, Null, 1, 5, 0, Null, 0, Null, Null, Null, Null, Null, Null, Null, Null, 0, 0, Null, Null, Null, '844734090', Null, Null, 0, '2019-09-24 09:36:28'), 
	('CP2019-0924000122', Null, 66, '2019-09-24', Null, '2019-09-24', Null, Null, 348.00, 0.00, 348.00, Null, Null, 8, 1, Null, 0, Null, 1, 5, 0, Null, 0, Null, Null, Null, Null, Null, Null, Null, Null, 0, 0, Null, Null, Null, '846104858', Null, Null, 0, '2019-09-24 13:19:58'), 
	('CP2019-0924000123', Null, 36, '2019-09-24', Null, '2019-09-24', Null, Null, 4400.00, 0.00, 4400.00, Null, Null, 8, 1, Null, 0, Null, 1, 5, 0, Null, 0, Null, Null, Null, Null, Null, Null, Null, Null, 0, 0, Null, Null, Null, '846521694', Null, Null, 0, '2019-09-24 14:09:00'), 
	('CP2019-0924000124', Null, 68, '2019-09-24', Null, '2019-09-24', Null, Null, 480.00, 0.00, 480.00, Null, Null, 8, 1, Null, 0, Null, 1, 5, 0, Null, 0, Null, Null, Null, Null, Null, Null, Null, Null, 0, 0, Null, Null, Null, '845548694', Null, Null, 0, '2019-09-24 14:09:40'), 
	('CP2019-0924000125', Null, 42, '2019-09-24', Null, '2019-09-24', Null, Null, 5162.00, 0.00, 5162.00, Null, Null, 8, 1, Null, 0, Null, 1, 5, 0, Null, 0, Null, Null, Null, Null, Null, Null, Null, Null, 0, 0, Null, Null, Null, '848233552', Null, Null, 0, '2019-09-24 14:28:00'), 
	('CP2019-0924000126', Null, 11, '2019-09-24', Null, '2019-09-24', Null, Null, 336.00, 0.00, 336.00, Null, Null, 8, 1, Null, 0, Null, 1, 5, 0, Null, 0, Null, Null, Null, Null, Null, Null, Null, Null, 0, 0, Null, Null, Null, '844644553', Null, Null, 0, '2019-09-24 17:09:19'), 
	('CP2019-0924000127', Null, 78, '2019-09-24', Null, '2019-09-24', Null, Null, 400.00, 0.00, 400.00, Null, Null, 8, 1, Null, 0, Null, 1, 5, 0, Null, 0, Null, Null, Null, Null, Null, Null, Null, Null, 0, 0, Null, Null, Null, '847130862', Null, Null, 0, '2019-09-24 17:09:25'), 
	('CP2019-0924000128', Null, 51, '2019-09-24', Null, '2019-09-26', Null, Null, 600.00, 0.00, 600.00, Null, Null, 3, 1, Null, 0, Null, 1, 5, 0, Null, 0, Null, Null, Null, Null, Null, Null, Null, Null, 0, 0, Null, Null, Null, '842533260', Null, Null, 0, '2019-09-24 17:09:30'), 
	('CP2019-0924000129', Null, 84, '2019-09-24', Null, '2019-09-26', Null, Null, 52500.00, 8925.00, 61425.00, Null, Null, 8, 1, Null, 0, Null, 1, 5, 0, Null, 0, Null, Null, Null, Null, Null, Null, Null, Null, 0, 0, Null, Null, Null, '865377800', Null, Null, 0, '2019-09-24 17:09:35'), 
	('CP2019-0924000130', Null, 90, '2019-09-24', Null, '2019-09-26', Null, Null, 7574.88, 0.00, 7574.88, 0.00, Null, 8, 1, Null, 0, Null, 1, 5, 0, Null, 0, Null, Null, Null, Null, Null, Null, Null, Null, 0, 0, Null, Null, Null, '842528654', Null, Null, 0, '2019-09-24 17:09:40'), 
	('CP2019-0926000131', Null, 42, '2019-09-26', Null, '2019-09-26', Null, Null, 638.28, 0.00, 638.28, Null, Null, 8, 1, Null, 0, Null, 1, 5, 0, Null, 0, Null, Null, Null, Null, Null, Null, Null, Null, 0, 0, Null, Null, Null, '848233552', Null, Null, 0, '2019-09-26 09:56:36'), 
	('CP2019-0926000132', Null, 95, '2019-09-26', Null, '2019-09-26', Null, Null, 13000.00, 0.00, 13000.00, Null, Null, 3, 1, Null, 0, Null, 1, 5, 0, Null, 0, Null, Null, Null, Null, Null, Null, Null, Null, 0, 0, Null, Null, Null, '844020015', Null, Null, 0, '2019-09-26 11:41:14'), 
	('CP2019-0926000133', Null, 96, '2019-09-26', Null, '2019-09-26', Null, Null, 2784.00, 0.00, 2784.00, 0.00, Null, 3, 1, Null, 0, Null, 1, 5, 0, Null, 0, Null, Null, Null, Null, Null, Null, Null, Null, 0, 0, Null, Null, Null, '846987388', Null, Null, 0, '2019-09-26 11:41:44'), 
	('CP2019-0926000134', Null, 64, '2019-09-26', Null, '2019-09-26', Null, Null, 240.00, 0.00, 240.00, 0.00, Null, 3, 1, Null, 0, Null, 1, 5, 0, Null, 0, Null, Null, Null, Null, Null, Null, Null, Null, 0, 0, Null, Null, Null, '843339000', Null, Null, 0, '2019-09-26 13:56:07'), 
	('CP2019-0926000135', Null, 43, '2019-09-26', Null, '2019-09-26', Null, Null, 1280.00, 0.00, 1280.00, Null, Null, 8, 1, Null, 0, Null, 1, 5, 0, Null, 0, Null, Null, Null, Null, Null, Null, Null, Null, 0, 0, Null, Null, Null, '864131248', Null, Null, 0, '2019-09-26 16:00:19'), 
	('CP2019-0926000136', Null, 2, '2019-09-26', Null, '2019-09-26', Null, Null, 1200.00, 0.00, 1200.00, Null, Null, 8, 1, Null, 0, Null, 1, 5, 0, Null, 0, Null, Null, Null, Null, Null, Null, Null, Null, 0, 0, Null, Null, Null, '845470047', Null, Null, 0, '2019-09-26 16:00:22'), 
	('CP2019-0926000137', Null, 97, '2019-09-26', Null, '2019-09-26', Null, Null, 1400.00, 0.00, 1400.00, Null, Null, 8, 1, Null, 0, Null, 1, 5, 0, Null, 0, Null, Null, Null, Null, Null, Null, Null, Null, 0, 0, Null, Null, Null, '845238937', Null, Null, 0, '2019-09-26 16:00:26'), 
	('CP2019-0926000138', Null, 91, '2019-09-26', Null, '2019-10-02', Null, Null, 975000.00, 0.00, 975000.00, 0.00, Null, 2, 1, Null, 0, Null, 1, 2, 0, Null, 0, Null, Null, Null, Null, Null, Null, Null, Null, 0, 0, Null, Null, Null, '873844140', Null, Null, 0, '2019-09-26 17:57:19'), 
	('CP2019-0927000139', Null, 54, '2019-09-27', Null, '2019-09-27', Null, Null, 2100.00, 0.00, 2100.00, 0.00, Null, 8, 1, Null, 0, Null, 1, 5, 0, Null, 0, Null, Null, Null, Null, Null, Null, Null, Null, 0, 0, Null, Null, Null, '848602917', Null, Null, 0, '2019-09-27 10:40:33'), 
	('CP2019-0927000140', Null, 56, '2019-09-27', Null, '2019-09-27', Null, Null, 6000.00, 0.00, 6000.00, Null, Null, 8, 1, Null, 0, Null, 1, 5, 0, Null, 0, Null, Null, Null, Null, Null, Null, Null, Null, 0, 0, Null, Null, Null, '843343333', Null, Null, 0, '2019-09-27 10:41:01'), 
	('CP2019-0927000141', Null, 13, '2019-09-27', Null, '2019-09-27', Null, Null, 1900.96, 0.00, 1900.96, Null, Null, 8, 1, Null, 0, Null, 1, 5, 0, Null, 0, Null, Null, Null, Null, Null, Null, Null, Null, 0, 0, Null, Null, Null, '849339016', Null, Null, 0, '2019-09-27 10:41:26'), 
	('CP2019-0927000142', Null, 98, '2019-09-27', Null, '2019-09-27', Null, Null, 2376.00, 0.00, 2000.00, 376.00, Null, 8, 1, Null, 0, Null, 1, 5, 0, Null, 0, Null, Null, Null, Null, Null, Null, Null, Null, 0, 0, Null, Null, Null, '843908653', Null, Null, 0, '2019-09-27 11:43:14'), 
	('CP2019-0927000143', Null, 99, '2019-09-27', Null, '2019-09-27', Null, Null, 3672.00, 0.00, 3672.00, Null, Null, 3, 1, Null, 0, Null, 1, 5, 0, Null, 0, Null, Null, Null, Null, Null, Null, Null, Null, 0, 0, Null, Null, Null, '845221606', Null, Null, 0, '2019-09-27 13:42:41'), 
	('CP2019-0927000144', Null, 90, '2019-09-27', Null, '2019-09-27', Null, Null, 11640.56, 0.00, 11640.56, Null, Null, 3, 1, Null, 0, Null, 1, 5, 0, Null, 0, Null, Null, Null, Null, Null, Null, Null, Null, 0, 0, Null, Null, Null, '842528654', Null, Null, 0, '2019-09-27 13:43:04'), 
	('CP2019-0927000145', Null, 16, '2019-09-27', Null, '2019-09-27', Null, Null, 358.44, 0.00, 358.44, Null, Null, 8, 1, Null, 0, Null, 1, 5, 0, Null, 0, Null, Null, Null, Null, Null, Null, Null, Null, 0, 0, Null, Null, Null, '845510174', Null, Null, 0, '2019-09-27 13:44:21'), 
	('CP2019-0927000146', Null, 45, '2019-09-27', Null, '2019-09-27', Null, Null, 848.00, 0.00, 848.00, 0.00, Null, 8, 1, Null, 0, Null, 1, 5, 0, Null, 0, Null, Null, Null, Null, Null, Null, Null, Null, 0, 0, Null, Null, Null, '842206145', Null, Null, 0, '2019-09-27 14:16:06'), 
	('CP2019-0927000147', Null, 36, '2019-09-27', Null, '2019-09-27', Null, Null, 640.00, 0.00, 640.00, Null, Null, 8, 1, Null, 0, Null, 1, 5, 0, Null, 0, Null, Null, Null, Null, Null, Null, Null, Null, 0, 0, Null, Null, Null, '846521694', Null, Null, 0, '2019-09-27 15:26:00'), 
	('CP2019-0927000148', Null, 100, '2019-09-27', Null, '2019-09-27', Null, Null, 625.00, 0.00, 500.00, 125.00, Null, 8, 1, Null, 0, Null, 1, 5, 0, Null, 0, Null, Null, Null, Null, Null, Null, Null, Null, 0, 0, Null, Null, Null, '849008555', Null, Null, 0, '2019-09-27 15:26:34'), 
	('CP2019-0927000149', Null, 16, '2019-09-27', Null, '2019-09-27', Null, Null, 784.00, 0.00, 784.00, 0.00, Null, 8, 1, Null, 0, Null, 1, 5, 0, Null, 0, Null, Null, Null, Null, Null, Null, Null, Null, 0, 0, Null, Null, Null, '845510174', Null, Null, 0, '2019-09-27 15:50:58'), 
	('CP2019-0927000150', Null, 48, '2019-09-27', Null, '2019-09-27', Null, Null, 2376.00, 0.00, 2376.00, Null, Null, 8, 1, Null, 0, Null, 1, 5, 0, Null, 0, Null, Null, Null, Null, Null, Null, Null, Null, 0, 0, Null, Null, Null, '848692196', Null, Null, 0, '2019-09-27 15:52:34'), 
	('CP2019-0927000151', Null, 37, '2019-09-27', Null, '2019-09-27', Null, Null, 1500.00, 0.00, 1500.00, Null, Null, 3, 1, Null, 0, Null, 1, 5, 0, Null, 0, Null, Null, Null, Null, Null, Null, Null, Null, 0, 0, Null, Null, Null, '870548694', Null, Null, 0, '2019-09-27 16:50:08'), 
	('CP2019-0927000152', Null, 101, '2019-09-27', Null, '2019-09-27', Null, Null, 6701.94, 0.00, 6500.00, 201.94, Null, 8, 1, Null, 0, Null, 1, 5, 0, Null, 0, Null, Null, Null, Null, Null, Null, Null, Null, 0, 0, Null, Null, Null, '843739719', Null, Null, 0, '2019-09-27 16:50:31'), 
	('CP2019-0927000153', Null, 102, '2019-09-27', Null, '2019-09-27', Null, Null, 3500.00, 595.00, 4095.00, Null, Null, 3, 1, Null, 0, Null, 1, 5, 0, Null, 0, Null, Null, Null, Null, Null, Null, Null, Null, 0, 0, Null, Null, Null, '844843748', Null, Null, 0, '2019-09-27 17:08:47'), 
	('CP2019-0927000154', Null, 103, '2019-09-27', Null, '2019-09-28', Null, Null, 800.00, 0.00, 800.00, Null, Null, 8, 1, Null, 0, Null, 1, 5, 0, Null, 0, Null, Null, Null, Null, Null, Null, Null, Null, 0, 0, Null, Null, Null, '845942760', Null, Null, 0, '2019-09-27 17:08:50'), 
	('CP2019-0928000155', Null, 76, '2019-09-28', Null, '2019-09-28', Null, Null, 5142.72, 0.00, 5142.72, Null, Null, 8, 1, Null, 0, Null, 1, 5, 0, Null, 0, Null, Null, Null, Null, Null, Null, Null, Null, 0, 0, Null, Null, Null, '868683020', Null, Null, 0, '2019-09-28 08:55:58'), 
	('CP2019-0928000156', Null, 7, '2019-09-28', Null, '2019-09-28', Null, Null, 288.00, 0.00, 288.00, 0.00, Null, 8, 1, Null, 0, Null, 1, 5, 0, Null, 0, Null, Null, Null, Null, Null, Null, Null, Null, 0, 0, Null, Null, Null, '864131148', Null, Null, 0, '2019-09-28 08:57:17'), 
	('CP2019-0928000157', Null, 37, '2019-09-28', Null, '2019-09-28', Null, Null, 1500.00, 0.00, 1500.00, Null, Null, 8, 1, Null, 0, Null, 1, 5, 0, Null, 0, Null, Null, Null, Null, Null, Null, Null, Null, 0, 0, Null, Null, Null, '870548694', Null, Null, 0, '2019-09-28 09:30:33'), 
	('CP2019-0928000158', Null, 4, '2019-09-28', Null, '2019-09-30', Null, Null, 12500.00, 2125.00, 14625.00, 0.00, Null, 8, 0, Null, 0, Null, 0, Null, 0, Null, 0, Null, Null, Null, Null, Null, Null, Null, Null, 0, 0, Null, Null, Null, '848867498', Null, Null, 0, '2019-09-28 10:59:02'), 
	('CP2019-0928000159', Null, 104, '2019-09-28', Null, '2019-09-28', Null, Null, 344.04, 0.00, 344.04, Null, Null, 8, 0, Null, 0, Null, 0, Null, 0, Null, 0, Null, Null, Null, Null, Null, Null, Null, Null, 0, 0, Null, Null, Null, '849541837', Null, Null, 0, '2019-09-28 11:02:59'), 
	('CP2019-0930000160', Null, 5, '2019-09-30', Null, '2019-09-18', Null, Null, 1.00, 0.17, 1.17, Null, Null, 2, 0, Null, 0, Null, 0, Null, 0, Null, 0, Null, Null, Null, Null, Null, Null, Null, Null, 0, 0, Null, Null, Null, '846666552', Null, Null, 0, '2019-09-30 12:22:03'), 
	('CP2019-1010000161', Null, 5, '2019-10-10', Null, '2019-10-07', Null, Null, 4.00, 0.68, 4.68, Null, Null, 2, 0, Null, 0, Null, 0, Null, 0, Null, 0, Null, Null, Null, Null, Null, Null, Null, Null, 0, 0, Null, Null, '12', '846666552', Null, Null, 0, '2019-10-10 14:12:37'), 
	('CP2019-1010000162', Null, 5, '2019-10-10', Null, '2019-10-07', Null, Null, 4.00, 0.68, 4.68, Null, Null, 2, 0, Null, 0, Null, 0, Null, 0, Null, 0, Null, Null, Null, Null, Null, Null, Null, Null, 0, 0, Null, Null, '12', '846666552', Null, Null, 0, '2019-10-10 14:12:42'), 
	('CP2019-1010000163', Null, 5, '2019-10-10', Null, '2019-10-07', Null, Null, 4.00, 0.68, 4.68, Null, Null, 2, 0, Null, 0, Null, 0, Null, 0, Null, 0, Null, Null, Null, Null, Null, Null, Null, Null, 0, 0, Null, Null, '12', '846666552', Null, Null, 0, '2019-10-10 14:12:56'), 
	('CP2019-1024000164', Null, 89, '2019-10-24', Null, '2019-10-15', Null, Null, 60.00, 10.20, 70.20, Null, Null, 2, 0, Null, 0, Null, 0, Null, 0, Null, 0, Null, Null, Null, Null, Null, Null, Null, Null, 0, 0, Null, Null, 'lianxiren', '13900000', Null, Null, 0, '2019-10-24 11:21:26'), 
	('jkfdskf', Null, 3, '2019-10-10', Null, '2019-10-09', Null, Null, 1.00, 0.17, 1.17, Null, Null, 2, 0, Null, 0, Null, 0, Null, 0, Null, 0, Null, Null, Null, Null, Null, Null, Null, Null, 0, 0, Null, Null, '112321', '873066544', Null, Null, 0, '2019-10-10 17:48:33'), 
	('PO2019-1010000001', Null, 6, '2019-10-10', Null, '2019-10-09', Null, Null, 1.00, 0.17, 1.17, Null, Null, 2, 0, Null, 0, Null, 0, Null, 0, Null, 0, Null, Null, Null, Null, Null, Null, Null, Null, 0, 0, Null, Null, Null, '842387981', Null, Null, 0, '2019-10-10 14:15:57'), 
	('PO2019-1010000002', Null, 3, '2019-10-10', Null, '2019-10-09', Null, Null, 1.00, 0.17, 1.17, Null, Null, 2, 0, Null, 0, Null, 0, Null, 0, Null, 0, Null, Null, Null, Null, Null, Null, Null, Null, 0, 0, Null, Null, '112321', '873066544', Null, Null, 0, '2019-10-10 14:16:09'), 
	('TP2019-0909000001', 550.00, 1, '2019-09-09', 64, '2019-09-09', Null, Null, 5500.00, 935.00, 6435.00, Null, Null, 7, 1, Null, 0, Null, 1, 7, 0, Null, 1, Null, Null, 1001, 10, 50, 3000, 80, 83, 0, 0, 98, 88, Null, '877500800', Null, Null, 0, '2019-09-09 15:51:19'), 
	('TP2019-0909000003', 400.00, 1, '2019-09-09', 65, '2019-09-09', Null, Null, 2000.00, 340.00, 2340.00, Null, Null, 7, 0, Null, 0, Null, 0, Null, 0, Null, 1, Null, Null, 501, 5, 50, 750, 78, 84, 0, 0, 98, 88, Null, '877500800', Null, Null, 0, '2019-09-09 15:51:16'), 
	('TP2019-0912000004', 200.00, 23, '2019-09-12', 77, '2019-09-12', Null, Null, 2400.00, Null, 2400.00, Null, Null, 3, 0, Null, 0, Null, 0, Null, 0, Null, 1, Null, Null, Null, 12, 150, Null, 78, 84, 0, 0, 97, 87, Null, Null, Null, 'PAPEL NCR FB/CF(AZUL) SEM NUMERACAO ', 0, '2019-09-12 19:00:26'), 
	('TP2019-0912000005', 350.00, 26, '2019-09-12', 64, '2019-09-12', Null, Null, 3500.00, 595.00, 4095.00, Null, Null, 2, 0, Null, 0, Null, 0, Null, 0, Null, 1, Null, Null, 1, 10, 50, 500, 78, 84, 0, 0, 98, 88, Null, '870708888', Null, Null, 0, '2019-09-12 13:48:48'), 
	('TP2019-0912000006', 200.00, 26, '2019-09-12', 66, '2019-09-20', Null, Null, 1200.00, 204.00, 1404.00, Null, Null, 2, 1, Null, 0, Null, 1, 2, 0, Null, 0, Null, Null, 1, 6, 50, 500, 78, 84, 0, 0, 98, 88, Null, '870708888', Null, Null, 0, '2019-09-14 13:22:25'), 
	('TP2019-0912000007', 200.00, 26, '2019-09-12', 65, '2019-09-12', Null, Null, 1200.00, 204.00, 1404.00, Null, Null, 2, 1, Null, 0, Null, 1, 2, 0, Null, 0, Null, Null, 1, 6, 50, 300, 78, 84, 0, 0, 90, 88, Null, '870708888', Null, Null, 0, '2019-09-14 13:22:23'), 
	('TP2019-0912000008', 200.00, 26, '2019-09-12', 64, '2019-09-12', Null, Null, 1200.00, 204.00, 1404.00, Null, Null, 2, 1, Null, 0, Null, 0, Null, 0, Null, 1, Null, Null, 1, 6, 50, 300, 78, 84, 0, 0, 90, 88, Null, '870708888', Null, Null, 0, '2019-09-14 11:35:30'), 
	('TP2019-0912000009', 200.00, 26, '2019-09-12', 106, '2019-09-12', Null, Null, 1200.00, Null, 1200.00, Null, Null, 2, 1, Null, 0, Null, 1, 2, 0, Null, 0, Null, Null, Null, 6, 50, Null, 78, 84, 0, 0, 90, 88, Null, '870708888', Null, Null, 0, '2019-09-14 13:22:21'), 
	('TP2019-0912000010', 200.00, 34, '2019-09-12', 77, '2019-09-15', Null, Null, 2400.00, Null, 2400.00, Null, Null, 2, 1, Null, 0, Null, 1, 2, 0, Null, 0, Null, Null, Null, 12, 75, Null, 78, 84, 0, 0, 90, 87, '866868888/861868888', Null, Null, Null, 0, '2019-09-14 10:27:12'), 
	('TP2019-0912000011', 200.00, 34, '2019-09-12', 66, '2019-09-12', Null, Null, 1200.00, 204.00, 1404.00, Null, Null, 2, 1, Null, 0, Null, 1, 2, 0, Null, 0, Null, Null, 1, 6, 50, 300, 78, 84, 0, 0, 90, 88, '866868888/861868888', Null, Null, Null, 0, '2019-09-14 10:26:14'), 
	('TP2019-0912000012', 200.00, 34, '2019-09-12', 65, '2019-09-12', Null, Null, 1200.00, 204.00, 1404.00, Null, Null, 2, 1, Null, 0, Null, 1, 2, 0, Null, 0, Null, Null, 1, 6, 50, 300, 78, 84, 0, 0, 90, 88, '866868888/861868888', Null, Null, Null, 0, '2019-09-14 10:26:26'), 
	('TP2019-0912000013', 200.00, 26, '2019-09-12', 107, '2019-09-12', Null, Null, 1200.00, Null, 1200.00, Null, Null, 2, 1, Null, 0, Null, 1, 2, 0, Null, 0, Null, Null, Null, 6, 75, Null, 78, 84, 0, 0, 90, 87, Null, '870708888', Null, Null, 0, '2019-09-14 13:22:19'), 
	('TP2019-0913000014', 400.00, 40, '2019-09-13', 65, '2019-09-14', Null, Null, 2400.00, Null, 2400.00, Null, Null, 3, 1, Null, 0, Null, 1, 5, 0, Null, 0, Null, Null, 101, 6, 3, 118, 78, 89, 0, 0, 97, 88, Null, '827597335/ 8447', Null, 'Com desenho do cliente', 0, '2019-09-13 12:46:58'), 
	('TP2019-0914000015', 200.00, 26, '2019-09-14', 108, '2019-09-14', Null, Null, 1200.00, Null, 1200.00, Null, Null, 2, 1, Null, 0, Null, 1, 5, 0, Null, 0, Null, Null, Null, 6, 75, Null, 78, 84, 0, 0, 90, 87, Null, '870708888', Null, Null, 0, '2019-09-14 11:14:31'), 
	('TP2019-0914000016', 200.00, 49, '2019-09-14', 106, '2019-09-14', Null, Null, 1200.00, Null, 1200.00, Null, Null, 2, 1, Null, 0, Null, 1, 5, 0, Null, 0, Null, Null, Null, 6, 50, Null, 78, 84, 0, 0, 90, 88, Null, Null, Null, Null, 0, '2019-09-14 11:15:30'), 
	('TP2019-0914000017', 200.00, 26, '2019-09-14', 64, '2019-09-14', Null, Null, 2400.00, 408.00, 2808.00, Null, Null, 2, 1, Null, 0, Null, 1, 5, 0, Null, 0, Null, Null, 1, 12, 50, 600, 78, 84, 0, 0, 90, 88, Null, '870708888', Null, Null, 0, '2019-09-14 11:41:34');
-- 导出  表 myorder_python.t_order_detail 结构
DROP TABLE IF EXISTS `t_order_detail`;
CREATE TABLE `t_order_detail` (
  `fID` int(11) NOT NULL AUTO_INCREMENT,
  `fOrderID` char(20) DEFAULT NULL,
  `fQuant` smallint(6) DEFAULT NULL,
  `fProductName` varchar(50) DEFAULT NULL,
  `fLength` decimal(10,3) DEFAULT NULL,
  `fWidth` decimal(10,3) DEFAULT NULL,
  `fPrice` decimal(11,2) DEFAULT NULL,
  `fAmount` decimal(11,2) NOT NULL,
  `TS` timestamp NOT NULL DEFAULT CURRENT_TIMESTAMP ON UPDATE CURRENT_TIMESTAMP,
  PRIMARY KEY (`fID`)
) ENGINE=InnoDB AUTO_INCREMENT=216 DEFAULT CHARSET=utf8
;
INSERT INTO `t_order_detail` (`fID`, `fOrderID`, `fQuant`, `fProductName`, `fLength`, `fWidth`, `fPrice`, `fAmount`, `TS`) VALUES 
(2, 'CP2019-0909000001', 200, 'IMP Cartao de visita laminado F/V', 1.000, 1.000, 7.00, 1400.00, '2019-09-09 14:11:41'), 
	(3, 'CP2019-0909000002', 1500, ' IMP DE VINNL', 1.300, 2.500, 400.00, 1950000.00, '2019-09-09 14:17:44'), 
	(4, 'CP2019-0909000003', 1500, ' IMP DE VINNL', 1.300, 2.500, 400.00, 1950000.00, '2019-09-09 15:03:32'), 
	(5, 'CP2019-0910000004', 3, 'IMP/ CORTE E LAMINACAO DE VINYL', 1.039, 1.059, 800.00, 2645.76, '2019-09-10 08:36:18'), 
	(6, 'CP2019-0910000005', 1, 'IMP/ DE VINIL', 1.250, 0.450, 400.00, 225.00, '2019-09-10 10:17:14'), 
	(7, 'CP2019-0910000005', 1, 'IMP/ DE VINIL', 0.760, 0.595, 400.00, 182.40, '2019-09-10 10:17:14'), 
	(8, 'CP2019-0910000006', 1, 'IMP/ DE VINIL', 1.015, 3.204, 400.00, 1305.60, '2019-09-10 10:27:12'), 
	(9, 'CP2019-0910000007', 100, ' PROD/ DE BLOCOS A4 DUPLIC./ PAPEL NCR', 1.000, 1.000, 350.00, 35000.00, '2019-09-10 11:36:57'), 
	(10, 'CP2019-0910000008', 1, 'IMP/ E LAMINACAO DE VINIL', 0.866, 0.539, 750.00, 352.35, '2019-09-10 11:50:17'), 
	(11, 'CP2019-0910000009', 1, 'IMP/ EM PANO DE BANDEIRAS 1.192*3.351', 1.000, 1.000, 2500.00, 2500.00, '2019-09-10 13:50:52'), 
	(12, 'CP2019-0910000010', 1, 'COMPRA DE BASE DE ROLL UP 05', 1.000, 1.000, 3500.00, 3500.00, '2019-09-10 14:47:49'), 
	(13, 'CP2019-0910000011', 1, 'IMP/ DE ROLL UP EXECUTIVO 06', 1.000, 1.000, 3500.00, 3500.00, '2019-09-10 16:09:59'), 
	(14, 'CP2019-0910000012', 1, 'IMP/ DE VINYL', 2.050, 1.470, 400.00, 1205.40, '2019-09-10 16:13:51'), 
	(15, 'CP2019-0910000013', 1, 'IMP/ DE BANNER PRETO C/ 4 ILHOSES', 1.000, 1.000, 400.00, 400.00, '2019-09-10 16:36:11'), 
	(16, 'CP2019-0911000014', 30, 'IMP/ E CORTE DE PANO DE BANDEIRA 0.269* 0.14*', 1.000, 1.000, 75.00, 2250.00, '2019-09-11 11:09:47'), 
	(17, 'CP2019-0911000015', 1, 'IMP/ DE VINYL', 1.800, 0.900, 400.00, 648.00, '2019-09-11 11:16:50'), 
	(18, 'CP2019-0911000016', 1, 'IMP/ DE BANNER P/ BACKDROP SEM ESTRUTURA', 2.980, 2.250, 400.00, 2682.00, '2019-09-11 11:44:02'), 
	(19, 'CP2019-0911000017', 1, 'IMP/ DE BANNER PRETO C/ 4 ILHOSES', 1.850, 1.000, 400.00, 740.00, '2019-09-11 13:13:59'), 
	(20, 'CP2019-0911000018', 15, 'IMP/ DE BANDEIRAS C/ COSTURA 0.60* 0.40*', 1.000, 1.000, 190.00, 2850.00, '2019-09-11 13:26:34'), 
	(21, 'CP2019-0911000019', 40, 'IMP/ DE PAPEL DE FOTO 0.30* 0.40*', 1.000, 1.000, 66.00, 2640.00, '2019-09-11 13:36:18'), 
	(22, 'CP2019-0911000020', 5, 'IMP/ DE VINYL', 0.720, 0.250, 400.00, 360.00, '2019-09-11 13:41:19'), 
	(23, 'CP2019-0911000021', 1, 'IMP/ DE VINIL', 0.500, 1.000, 400.00, 200.00, '2019-09-11 14:49:43'), 
	(24, 'CP2019-0911000022', 650, ' IMP/ A4 F/V 115 GRMS', 1.000, 1.000, 0.00, 0.00, '2019-09-11 15:24:05'), 
	(26, 'CP2019-0911000023', 100, 'IMP/ A3 150 GRMS 1 FACE', 1.000, 1.000, 0.00, 0.00, '2019-09-11 15:29:17'), 
	(27, 'CP2019-0911000023', 25, 'IMP/ DE CONVITE A4 1 FACE', 1.000, 1.000, 0.00, 0.00, '2019-09-11 15:32:42'), 
	(28, 'CP2019-0911000024', 1, 'IMP/ DE VINIL', 1.470, 2.050, 400.00, 1205.40, '2019-09-11 15:48:51'), 
	(29, 'CP2019-0911000025', 1, 'IMP/ DE VINIL', 3.000, 0.580, 400.00, 696.00, '2019-09-11 15:59:45'), 
	(30, 'CP2019-0911000025', 4, 'IMP/ DE VINIL', 0.650, 0.350, 400.00, 364.00, '2019-09-11 16:00:45'), 
	(31, 'CP2019-0911000025', 1, 'PROD/ DE ROLL UP 05', 1.000, 1.000, 4500.00, 4500.00, '2019-09-11 16:01:36'), 
	(32, 'CP2019-0911000026', 1, 'IMP/ DE VINYL', 0.297, 0.420, 400.00, 50.40, '2019-09-11 16:15:00'), 
	(33, 'CP2019-0911000026', 1, 'IMP/ DE VINYL', 1.000, 0.200, 400.00, 80.00, '2019-09-11 16:17:59'), 
	(34, 'CP2019-0911000026', 1, 'IMP/ DE VINYL', 0.970, 0.280, 400.00, 108.64, '2019-09-11 16:17:59'), 
	(35, 'CP2019-0911000027', 2, 'IMP/ DE VINYL', 4.150, 1.240, 400.00, 4116.80, '2019-09-11 16:48:50'), 
	(36, 'CP2019-0911000027', 2, 'IMP/ DE VINYL', 4.150, 0.470, 400.00, 1560.40, '2019-09-11 16:48:50'), 
	(37, 'CP2019-0912000028', 1, 'IMP/ DE BANDEIRA C/ COSTURA 1.35*0.90', 1.000, 1.000, 1200.00, 1200.00, '2019-09-12 11:09:29'), 
	(38, 'CP2019-0912000029', 12, 'IMP/ DE LIVROS NCR DUPLICADO', 1.000, 1.000, 200.00, 2400.00, '2019-09-12 11:24:15'), 
	(39, 'CP2019-0912000030', 6, 'IMP/ DE FATURAS', 1.000, 1.000, 200.00, 1200.00, '2019-09-12 11:25:11'), 
	(40, 'CP2019-0912000030', 6, 'IMP/ DE RECIBOS', 1.000, 1.000, 200.00, 1200.00, '2019-09-12 11:25:11'), 
	(41, 'CP2019-0912000031', 1, 'IMP/ DE BANNER PRETO C/ 4 ILHOSES', 2.000, 1.000, 400.00, 800.00, '2019-09-12 11:32:03'), 
	(42, 'CP2019-0912000031', 1, 'IMP/ DE BANNER PRETO C/ 4 ILHOSES', 2.000, 2.000, 400.00, 1600.00, '2019-09-12 11:32:03'), 
	(43, 'CP2019-0912000032', 30, 'IMP/ DE VINYL', 0.210, 0.297, 400.00, 756.00, '2019-09-12 11:36:05'), 
	(45, 'CP2019-0912000033', 2, 'IMP/ DE BANNER PRETO C/ 12 ILHOSES P/ CADA', 2.000, 1.000, 400.00, 1600.00, '2019-09-12 12:09:19'), 
	(46, 'CP2019-0912000034', 2, 'IMP/ DE VINIL', 0.500, 0.500, 400.00, 200.00, '2019-09-12 12:30:27'), 
	(47, 'CP2019-0912000035', 1, 'IMP/ DE BANNER PRETO', 3.000, 2.300, 350.00, 2415.00, '2019-09-12 13:16:32'), 
	(48, 'CP2019-0912000035', 115, 'IMP/ DE CONVITES F/V C/ DOBRA NO CENT.', 1.000, 1.000, 10.00, 1150.00, '2019-09-12 13:16:32'), 
	(49, 'CP2019-0912000036', 126, 'IMP/ DE STICKERS', 0.106, 0.071, 600.00, 582.12, '2019-09-12 13:39:31'), 
	(50, 'CP2019-0912000037', 2, 'IMP/ DE BANNER PRETO C/ 4 ILHOSES P/ CADA', 2.000, 0.800, 350.00, 1120.00, '2019-09-12 13:55:47'), 
	(51, 'CP2019-0912000038', 100, 'IMP/ DE BANDEIRAS C/ MARGEM DE 10 CM 1.20*0.90', 1.000, 1.000, 650.00, 65000.00, '2019-09-12 14:23:53'), 
	(52, 'CP2019-0912000039', 53, 'IMP/ DE STICKERS', 0.080, 0.080, 600.00, 203.52, '2019-09-12 14:49:24'), 
	(53, 'CP2019-0912000040', 1, 'IMP/ DE VINIL E RECORTE', 1.000, 1.000, 600.00, 600.00, '2019-09-12 15:05:04'), 
	(54, 'CP2019-0912000041', 2, 'PROD/ DE ROLL UP 06', 1.000, 1.000, 3500.00, 7000.00, '2019-09-12 15:08:27'), 
	(55, 'CP2019-0912000042', 23, 'IMP/ DE BANDEIRAS C/ COSTURA', 1.500, 0.700, 650.00, 15697.50, '2019-09-12 15:29:27'), 
	(56, 'CP2019-0912000043', 3500, 'IMP/ DE FLYER A4 F/V', 1.000, 1.000, 2.90, 10150.00, '2019-09-12 15:43:45'), 
	(57, 'CP2019-0912000044', 2, 'PROD/ DE ROLL UP 06', 1.000, 1.000, 3500.00, 7000.00, '2019-09-12 15:56:31'), 
	(58, 'CP2019-0913000045', 42, 'IMP/ DE STICKERS', 0.201, 0.040, 600.00, 201.60, '2019-09-13 09:29:11'), 
	(59, 'CP2019-0913000045', 1, 'IMP/ DE BANNER PRETO C/ 4 ILHOSES', 2.500, 2.000, 400.00, 2000.00, '2019-09-13 09:30:08'), 
	(60, 'CP2019-0913000046', 1, 'IMP/ DE BANNER PRETO C/ 4 ILHOSES', 3.500, 1.000, 400.00, 1400.00, '2019-09-13 09:55:40'), 
	(61, 'CP2019-0913000047', 5, 'IMP/ DE VINYL ', 2.200, 2.700, 400.00, 11880.00, '2019-09-13 10:08:38'), 
	(62, 'CP2019-0913000047', 2, 'IMP/ DE VINYL', 2.200, 2.000, 400.00, 3520.00, '2019-09-13 10:08:38'), 
	(63, 'CP2019-0913000048', 200, 'IMP/ DE CARTOES DE VISITA LAM MATT F/V', 1.000, 1.000, 7.00, 1400.00, '2019-09-13 10:17:52'), 
	(64, 'CP2019-0913000049', 20, 'IMP/ DE IDENT. DE MESAS A5 C/ L. MATT 300GRMS', 1.000, 1.000, 20.00, 400.00, '2019-09-13 11:07:16'), 
	(65, 'CP2019-0913000050', 4, 'PROD/ DE ROLL UP COMPLETO', 1.000, 1.000, 2500.00, 10000.00, '2019-09-13 11:37:24'), 
	(66, 'CP2019-0913000050', 4, 'PROD/ DE ROLL UP SEM IMPRESSAO', 1.000, 1.000, 1500.00, 6000.00, '2019-09-13 11:37:24'), 
	(67, 'CP2019-0913000051', 600, 'IMP/ DE CARTOES DE VISITA 1 FACEC/ L. MATT', 1.000, 1.000, 7.00, 4200.00, '2019-09-13 12:20:32'), 
	(68, 'CP2019-0913000051', 100, 'IMP/ DE CARTOES DE VISITA F/V C/ L. MATT', 1.000, 1.000, 7.00, 700.00, '2019-09-13 12:20:32'), 
	(69, 'CP2019-0913000052', 1, 'IMP/ DE BANNER PRETO C/ 4 ILHOSES', 1.500, 1.000, 300.00, 450.00, '2019-09-13 13:16:12'), 
	(70, 'CP2019-0913000053', 1, 'IMP/ DE BANNER PRETO C/ MARGM DE 5CM', 1.500, 1.500, 400.00, 900.00, '2019-09-13 13:29:26'), 
	(71, 'CP2019-0913000054', 1, 'IMP/ DE BANNER PRETO C/ 4 ILHOSES', 1.000, 0.500, 400.00, 200.00, '2019-09-13 13:49:03'), 
	(72, 'CP2019-0913000055', 6, 'IMP/ DE VINYL', 1.200, 0.600, 400.00, 1728.00, '2019-09-13 13:59:21'), 
	(73, 'CP2019-0913000056', 150, 'IMP/ DE STIKERS', 0.065, 0.065, 600.00, 441.00, '2019-09-13 14:30:03'), 
	(74, 'CP2019-0913000057', 400, 'IMP/ DE CARTOES DE VISITA F/V C/ L. MATT', 1.000, 1.000, 7.00, 2800.00, '2019-09-13 15:50:45'), 
	(75, 'CP2019-0913000057', 1, 'IMP/ DE VINIL', 0.600, 0.205, 400.00, 50.40, '2019-09-13 15:50:45'), 
	(76, 'CP2019-0913000057', 1, 'IMP/ DE VINIL', 0.595, 0.760, 400.00, 182.40, '2019-09-13 15:51:10'), 
	(77, 'CP2019-0913000058', 1, 'IMP/ DE BANNER PRETO C/ 4 ILHOSES', 1.400, 1.300, 400.00, 728.00, '2019-09-13 15:52:52'), 
	(78, 'CP2019-0913000057', 1, 'IMP/ DE VINIL', 0.450, 1.250, 400.00, 225.00, '2019-09-13 15:52:55'), 
	(79, 'CP2019-0913000058', 1, 'IMP/ DE VINYL', 0.880, 0.290, 400.00, 102.08, '2019-09-13 15:53:36'), 
	(80, 'CP2019-0913000059', 2, 'IMP/ DE BANDEIRAS C/ COSTURA 1.35*0.90', 1.000, 1.000, 1000.00, 2000.00, '2019-09-13 16:16:36'), 
	(81, 'CP2019-0913000060', 300, 'IMP DE VINNL ', 0.300, 0.900, 250.00, 20250.00, '2019-09-13 17:58:16'), 
	(82, 'CP2019-0914000061', 1, 'IMP/ DE ROLL UP 07', 1.000, 1.000, 1800.00, 1800.00, '2019-09-14 08:36:37'), 
	(83, 'CP2019-0914000062', 7, 'IMP/ DE ROLL UP EXECUTIVO 06', 1.000, 1.000, 3500.00, 24500.00, '2019-09-14 08:47:39'), 
	(84, 'CP2019-0914000063', 2, 'IMP/ DE ROLL UP NORMAL 07', 1.000, 1.000, 1800.00, 3600.00, '2019-09-14 09:15:00'), 
	(85, 'CP2019-0914000064', 1, 'IMP/ DE BANNER PRETO C/ 4 ILHOSES', 3.500, 1.000, 400.00, 1400.00, '2019-09-14 09:55:23'), 
	(86, 'CP2019-0914000064', 2, 'IMP/ DE ROLL UP EXECUTIVA 06', 1.000, 1.000, 3500.00, 7000.00, '2019-09-14 10:03:14'), 
	(87, 'CP2019-0914000065', 50, 'IMP/ A4 ', 1.000, 1.000, 4.00, 200.00, '2019-09-14 10:49:12'), 
	(88, 'CP2019-0914000066', 1, 'IMP/ DE VINYL ', 1.000, 1.000, 400.00, 400.00, '2019-09-14 11:42:53'), 
	(89, 'CP2019-0916000067', 1, 'IMP/ DE VINIL', 1.500, 1.000, 400.00, 600.00, '2019-09-16 09:06:16'), 
	(90, 'CP2019-0916000068', 1, 'COMPRA DE ROLO DE VINIL', 1.000, 1.000, 6000.00, 6000.00, '2019-09-16 09:38:53'), 
	(91, 'CP2019-0916000069', 1, 'IMP/ DE BANNER PRETO ', 3.000, 3.000, 400.00, 3600.00, '2019-09-16 09:58:43'), 
	(92, 'CP2019-0916000070', 1, 'IMP/ DE BANNER PRETO C/ 4 ILHOSES', 1.500, 0.500, 400.00, 300.00, '2019-09-16 10:03:40'), 
	(93, 'CP2019-0916000071', 800, 'IMP/ DE MENU A3 F/V 80G PAPEL NORMAL', 1.000, 1.000, 14.00, 11200.00, '2019-09-16 10:20:49'), 
	(94, 'CP2019-0916000071', 400, 'IMP/ DE MENU A3 F/V 80G PAPEL NORMAL', 1.000, 1.000, 14.00, 5600.00, '2019-09-16 10:20:49'), 
	(95, 'CP2019-0916000071', 300, 'IMP/ DE MENU 0.21*0.21 200G C/ LAMIN', 1.000, 1.000, 45.00, 13500.00, '2019-09-16 10:20:49'), 
	(96, 'CP2019-0916000072', 50, 'IMP/ DE VINYL', 0.297, 0.420, 400.00, 2520.00, '2019-09-16 10:23:17'), 
	(97, 'CP2019-0916000073', 200, 'IMP/ DE CARTOES DE VISITA F/V LAM MATT', 1.000, 1.000, 7.00, 1400.00, '2019-09-16 11:27:04'), 
	(98, 'CP2019-0916000074', 1, 'IMP/ DE BANNER PRETO C/ 4 ILHOSES', 3.000, 1.000, 400.00, 1200.00, '2019-09-16 14:02:11'), 
	(99, 'CP2019-0916000075', 2, 'COMPRA DE BASE DE ROLL UP 07', 1.000, 1.000, 1500.00, 3000.00, '2019-09-16 14:44:59'), 
	(100, 'CP2019-0916000076', 2, 'IMP/ DE PVC P/ ROLL UP 06', 1.000, 1.000, 1250.00, 2500.00, '2019-09-16 15:51:59'), 
	(101, 'CP2019-0916000076', 1, 'IMP/ DE BANNER PRETO P/ BACKDROP 3.0*2.25', 1.000, 1.000, 3000.00, 3000.00, '2019-09-16 15:51:59'), 
	(102, 'CP2019-0917000077', 1, 'IMP/ DE CONTRAVISION', 1.700, 2.200, 550.00, 2057.00, '2019-09-17 08:08:44'), 
	(103, 'CP2019-0917000078', 1, 'IMP/ DE BANNER PRETO C/ MARGENS 5CM', 2.950, 1.500, 400.00, 1770.00, '2019-09-17 09:31:07'), 
	(104, 'CP2019-0917000079', 1, 'IMP/ DE BANNER PRETO ', 1.000, 0.500, 400.00, 200.00, '2019-09-17 11:49:53'), 
	(105, 'CP2019-0917000080', 100, 'IMP/ DE BANDEIRA PART. FRELIMO 1.20*0.80 C/ COSTUR', 1.000, 1.000, 300.00, 30000.00, '2019-09-17 12:11:08'), 
	(106, 'CP2019-0917000080', 50, 'IMP/ DE BANDEIRA DE PRESIDENTE 1.20*0.80 C/ COSTUR', 1.000, 1.000, 300.00, 15000.00, '2019-09-17 12:11:08'), 
	(107, 'CP2019-0917000081', 1, 'IMP/ DE BANNER PRETO C/ 6 ILHOSES', 2.100, 1.420, 400.00, 1192.80, '2019-09-17 11:59:31'), 
	(108, 'CP2019-0917000082', 5000, 'IMP/ A3', 1.000, 1.000, 5.00, 25000.00, '2019-09-17 12:18:54'), 
	(109, 'CP2019-0917000083', 7, 'COMPRA DE BASE DE ROLL UP 06', 1.000, 1.000, 2300.00, 16100.00, '2019-09-17 12:24:51'), 
	(110, 'CP2019-0917000083', 1, 'IMP/ DE BANNER PRETO C/ 4 ILHOSES', 2.500, 1.500, 400.00, 1500.00, '2019-09-17 12:24:51'), 
	(111, 'CP2019-0917000084', 1, 'PROD/ DE ROLL UP 06', 1.000, 1.000, 3500.00, 3500.00, '2019-09-17 16:06:42'), 
	(112, 'CP2019-0917000084', 1, 'IMP/ DE BANNER PRETO', 2.400, 2.400, 400.00, 2304.00, '2019-09-17 16:06:42'), 
	(113, 'CP2019-0917000085', 200, 'IMP/ DE CARTOES DE VISITA F/V', 1.000, 1.000, 7.00, 1400.00, '2019-09-17 16:07:20'), 
	(114, 'CP2019-0917000086', 2, 'IMP/ DE VINIL', 6.350, 2.150, 400.00, 10922.00, '2019-09-17 16:59:37'), 
	(115, 'CP2019-0917000086', 1, 'IMP/ DE VINIL', 2.000, 1.850, 400.00, 1480.00, '2019-09-17 17:01:23'), 
	(116, 'CP2019-0918000087', 1, 'IMP/ DE ROLL UP NORMAL 07', 1.000, 1.000, 1800.00, 1800.00, '2019-09-18 08:28:20'), 
	(117, 'CP2019-0918000088', 300, 'IMP/ DE FLYERS A5 1 FACE 150GRAMAS', 1.000, 1.000, 6.00, 1800.00, '2019-09-18 09:34:55'), 
	(118, 'CP2019-0918000089', 1, 'IMP/ DE BANNER PRETO ', 2.400, 2.400, 400.00, 2304.00, '2019-09-18 10:39:43'), 
	(119, 'CP2019-0918000090', 1, ' IMP/ DE TEARDROP 0,699* 2,798*', 1.000, 1.000, 1500.00, 1500.00, '2019-09-18 14:53:05'), 
	(120, 'CP2019-0918000091', 360, 'IMP/ DE CARTOES DE VISITA F/V LAM MATT', 1.000, 1.000, 7.00, 2520.00, '2019-09-18 15:20:29'), 
	(121, 'CP2019-0918000092', 100, 'IMP/ DE CARTOES DE VISITA F/V LAM MATT', 1.000, 1.000, 7.00, 700.00, '2019-09-18 15:45:13'), 
	(122, 'CP2019-0918000092', 100, 'IMP/ DE CARTOES DE VISITA 1FACE MATT', 1.000, 1.000, 7.00, 700.00, '2019-09-18 15:45:13'), 
	(123, 'CP2019-0918000093', 3, 'COMPRA DE BASE DE ROLL UP 06', 1.000, 1.000, 2300.00, 6900.00, '2019-09-18 16:09:11'), 
	(124, 'CP2019-0919000094', 1, 'PROD/ DE ROLL UP 06', 1.000, 1.000, 3500.00, 3500.00, '2019-09-19 08:06:01'), 
	(125, 'CP2019-0919000095', 1000, 'IMP/ DE FLYERS A4 F/V 150 GRMS C/ LAMIN', 1.000, 1.000, 0.00, 0.00, '2019-09-19 08:30:51'), 
	(126, 'CP2019-0919000096', 1, 'IMP/ DE BANNER PRETO C/ 4 ILHOSES', 0.800, 1.200, 400.00, 384.00, '2019-09-19 10:49:28'), 
	(127, 'CP2019-0919000097', 200, 'IMP/ DE CARTOES DE VISITA F/V C/ LAM. MATT', 1.000, 1.000, 7.00, 1400.00, '2019-09-19 11:30:10'), 
	(128, 'CP2019-0919000098', 300, 'IMP/ DE CARTOES DE VISITA F/V C/ LAM. MATT', 1.000, 1.000, 7.00, 2100.00, '2019-09-19 12:14:10'), 
	(129, 'CP2019-0919000099', 1, 'IMP/ DE VINYL ', 2.500, 2.500, 400.00, 2500.00, '2019-09-19 13:22:40'), 
	(130, 'CP2019-0919000100', 50, 'IMP/ DE STIKERS', 0.200, 0.060, 600.00, 360.00, '2019-09-19 13:43:02'), 
	(131, 'CP2019-0919000100', 40, 'IMP/ DE STIKERS', 0.100, 0.100, 600.00, 240.00, '2019-09-19 13:43:02'), 
	(132, 'CP2019-0919000100', 30, 'IMP/ DE STIKERS', 0.050, 0.050, 600.00, 45.00, '2019-09-19 13:43:02'), 
	(133, 'CP2019-0919000100', 25, 'IMP/ DE STIKERS', 0.270, 0.060, 600.00, 243.00, '2019-09-19 13:43:02'), 
	(134, 'CP2019-0919000101', 1, 'IMP/ DE BANNER PRETO C/ 6 ILHOSES', 1.500, 2.000, 400.00, 1200.00, '2019-09-19 14:11:11'), 
	(135, 'CP2019-0919000102', 1, 'IMP/ DE BANNER PRETO C/ 6 ILHOSES', 3.000, 2.000, 300.00, 1800.00, '2019-09-19 14:31:47'), 
	(136, 'CP2019-0919000103', 125, 'IMP/ DE A3 300GRAMAS', 1.000, 1.000, 35.00, 4375.00, '2019-09-19 14:41:25'), 
	(137, 'CP2019-0919000103', 13, 'IMP/ DE A3 F/V 300GRAMAS', 1.000, 1.000, 70.00, 910.00, '2019-09-19 14:41:25'), 
	(138, 'CP2019-0919000104', 300, 'IMP/ DE CARTOES DE VISITA F/V MATT', 1.000, 1.000, 7.00, 2100.00, '2019-09-19 15:36:59'), 
	(139, 'CP2019-0919000105', 176, 'IMP/ DE STIKERS', 0.080, 0.050, 600.00, 422.40, '2019-09-19 15:39:30'), 
	(140, 'CP2019-0920000106', 2, 'IMP/ DE BANNER PRETO C/ 4 ILHOSES CADA', 0.800, 0.600, 400.00, 384.00, '2019-09-20 11:18:54'), 
	(141, 'CP2019-0920000107', 1, 'COMPRA DE ROLO DE VINYL 1.27', 1.000, 1.000, 3500.00, 3500.00, '2019-09-20 13:01:55'), 
	(142, 'CP2019-0920000108', 200, 'IMP/ DE CARTOES DE VISITA F/V C/ LAM. MATT', 1.000, 1.000, 7.00, 1400.00, '2019-09-20 13:44:25'), 
	(143, 'CP2019-0920000109', 1, 'IMP/ DE BANNER PRETO C/ 4 ILHOSES', 2.000, 1.330, 300.00, 798.00, '2019-09-20 14:53:44'), 
	(144, 'CP2019-0920000110', 1, 'IMP/ DE BANNER PRETO C/ 6 ILHOSES', 0.800, 2.000, 400.00, 640.00, '2019-09-20 15:24:33'), 
	(145, 'CP2019-0920000111', 1, 'IMP/ DE ROLL UP NORMAL 07', 1.000, 1.000, 1800.00, 1800.00, '2019-09-20 16:25:46'), 
	(146, 'CP2019-0923000112', 2, 'COMPRA DE BASE DE ROLL UL 06', 1.000, 1.000, 2500.00, 5000.00, '2019-09-23 10:08:10'), 
	(147, 'CP2019-0923000113', 1, 'CORTE DE VINIL 0.46*0.66', 1.000, 1.000, 200.00, 200.00, '2019-09-23 13:34:16'), 
	(148, 'CP2019-0923000114', 2, 'IMP/ DE BANNER PRETO C/ 4 ILHOSES', 0.594, 0.841, 400.00, 396.48, '2019-09-23 13:16:47'), 
	(149, 'CP2019-0923000115', 200, 'IMP/ DE CARTOES DE VISITA F/V LAM MATT', 1.000, 1.000, 7.00, 1400.00, '2019-09-23 13:55:49'), 
	(150, 'CP2019-0923000116', 300, 'IMP/ DE CARTOES DE VISITA F/V LAM MATT', 1.000, 1.000, 7.00, 2100.00, '2019-09-23 14:47:07'), 
	(151, 'CP2019-0923000117', 500, 'IMP/ DE VINYL', 0.420, 0.594, 400.00, 49560.00, '2019-09-23 15:25:33'), 
	(152, 'CP2019-0923000118', 3, 'COMPRA DE BASE DE ROLL UP 06', 1.000, 1.000, 2300.00, 6900.00, '2019-09-23 16:09:56'), 
	(153, 'CP2019-0924000119', 1, 'IMP/ DE BANNER PRETO C/ 4 ILHOSES', 5.000, 1.000, 400.00, 2000.00, '2019-09-24 08:33:01'), 
	(154, 'CP2019-0924000120', 1, 'IMP/ DE BANNER PRETO C/ 4 ILHOSES ', 1.000, 1.000, 400.00, 400.00, '2019-09-24 08:53:15'), 
	(155, 'CP2019-0924000121', 1, 'IMP/ DE VINYL', 1.000, 1.400, 400.00, 560.00, '2019-09-24 09:27:08'), 
	(156, 'CP2019-0924000122', 1, 'IMP/ DE VINYL', 1.000, 0.868, 400.00, 348.00, '2019-09-24 11:27:25'), 
	(157, 'CP2019-0924000123', 2, 'IMP/ E PEODUCAO DE MOLDURA 0.594* 0.841*', 1.000, 1.000, 2200.00, 4400.00, '2019-09-24 12:05:39'), 
	(158, 'CP2019-0924000124', 1, 'IMP/ DE BANNER PRETO C/ 4 ILHOSES', 1.600, 1.000, 300.00, 480.00, '2019-09-24 13:35:39'), 
	(159, 'CP2019-0924000125', 1, 'IMP/ DE VINYL C/ MARGENS DE 5CM', 8.900, 1.450, 400.00, 5162.00, '2019-09-24 14:16:15'), 
	(160, 'CP2019-0924000126', 1, 'IMP/ DE BANNER PRETO C/ 4 ILHOSES', 1.400, 0.600, 400.00, 336.00, '2019-09-24 14:41:04'), 
	(161, 'CP2019-0924000127', 1, 'IMP/ DE BANNER PRETO C/ 4 ILHOSES', 1.000, 1.000, 400.00, 400.00, '2019-09-24 15:01:00'), 
	(162, 'CP2019-0924000128', 1, 'IMP/ DE VINIL', 1.500, 1.000, 400.00, 600.00, '2019-09-24 16:12:09'), 
	(163, 'CP2019-0924000129', 35, 'IMP/ DE ROLL UP NORMAL 07', 1.000, 1.000, 1500.00, 52500.00, '2019-09-24 16:15:35'), 
	(164, 'CP2019-0924000130', 1, 'IMP/ DE CONTRAVISION', 1.100, 2.140, 550.00, 1294.70, '2019-09-24 16:32:25'), 
	(165, 'CP2019-0924000130', 1, 'IMP/ DE CONTRAVISION', 1.145, 2.150, 550.00, 1359.88, '2019-09-24 16:32:25'), 
	(166, 'CP2019-0924000130', 1, 'IMP/ DE CONTRAVISION', 1.100, 2.150, 550.00, 1300.75, '2019-09-24 16:35:18'), 
	(167, 'CP2019-0924000130', 1, 'IMP/ DE CONTRAVISION', 1.120, 2.150, 550.00, 1324.40, '2019-09-24 16:35:18'), 
	(168, 'CP2019-0924000130', 1, 'IMP/ DE CONTRAVISION', 1.150, 2.140, 550.00, 1353.55, '2019-09-24 16:35:18'), 
	(169, 'CP2019-0924000130', 1, 'IMP/ DE CONTRAVISION', 0.802, 2.140, 550.00, 941.60, '2019-09-24 16:35:18'), 
	(170, 'CP2019-0926000131', 1, 'IMP/ DE BANNER PRETO C/ 4 ILHOSES', 1.970, 1.080, 300.00, 638.28, '2019-09-26 09:36:29'), 
	(171, 'CP2019-0926000132', 1, 'PROD/ DE BACKDROP 2.98*2.25', 1.000, 1.000, 13000.00, 13000.00, '2019-09-26 10:45:38'), 
	(172, 'CP2019-0926000133', 1, 'IMP/ DE BANNER BRANCO C/ MARGEM DE 5CM', 5.800, 0.801, 600.00, 2784.00, '2019-09-26 11:07:30'), 
	(173, 'CP2019-0926000134', 2, 'IMP/ DE BANNER PRETO C/ 4 ILHOSES CADA', 1.000, 0.300, 400.00, 240.00, '2019-09-26 11:42:23'), 
	(174, 'CP2019-0926000135', 2, 'IMP/ DE BANNER PRETO', 0.800, 2.000, 400.00, 1280.00, '2019-09-26 14:50:15'), 
	(175, 'CP2019-0926000136', 1, 'IMP/ DE BANNER PRETO C/ 4 ILHOSES', 3.000, 1.000, 400.00, 1200.00, '2019-09-26 15:15:44'), 
	(176, 'CP2019-0926000137', 200, 'IMP/ DE CARTOES DE VISITA F/V LAM MATT', 1.000, 1.000, 7.00, 1400.00, '2019-09-26 15:46:08'), 
	(177, 'CP2019-0926000138', 2000, 'IMPRESSÃO DE BANDEIRA 1.30M*0.80M', 1.000, 1.000, 487.50, 975000.00, '2019-09-26 17:54:32'), 
	(178, 'CP2019-0926000138', Null, '', Null, Null, Null, 0.00, '2019-09-26 17:54:32'), 
	(180, 'CP2019-0927000139', 300, 'IMP/ DE CARTOES DE VISITA F/V LAM MATT', 1.000, 1.000, 7.00, 2100.00, '2019-09-27 09:05:11'), 
	(181, 'CP2019-0927000140', 1, 'COMPRA DE ROLO DE VINIL 1.37', 1.000, 1.000, 6000.00, 6000.00, '2019-09-27 09:39:42'), 
	(182, 'CP2019-0927000141', 1, 'IMP/ DE VINYL', 2.180, 2.180, 400.00, 1900.96, '2019-09-27 09:59:29'), 
	(183, 'CP2019-0927000142', 1, 'IMP/ DE VINYL', 2.200, 2.700, 400.00, 2376.00, '2019-09-27 11:00:42'), 
	(184, 'CP2019-0927000143', 1, 'IMP/ DE BANNER BRANCO C/ MARGEM 10CM', 1.200, 1.200, 450.00, 648.00, '2019-09-27 12:30:42'), 
	(185, 'CP2019-0927000143', 1, 'IMP/ DE BANNER BRANCO C/ MARGEM 10CM', 1.200, 1.200, 450.00, 648.00, '2019-09-27 12:30:42'), 
	(186, 'CP2019-0927000143', 1, 'IMP/ DE BANNER BRANCO C/ MARGEM 10CM', 4.400, 1.200, 450.00, 2376.00, '2019-09-27 12:30:42'), 
	(187, 'CP2019-0927000144', 1, 'IMP/ DE VINIL', 1.060, 0.880, 400.00, 373.12, '2019-09-27 13:14:12'), 
	(188, 'CP2019-0927000144', 1, 'IMP/ DE VINIL', 0.890, 0.660, 400.00, 234.96, '2019-09-27 13:14:12'), 
	(189, 'CP2019-0927000144', 8, 'IMP/ DE VINIL', 1.060, 1.970, 400.00, 6682.24, '2019-09-27 13:14:12'), 
	(190, 'CP2019-0927000144', 6, 'IMP/ DE VINIL', 1.060, 1.711, 400.00, 4350.24, '2019-09-27 13:14:12'), 
	(191, 'CP2019-0927000145', 1, 'IMP/ DE CONTRAVISION', 1.330, 0.490, 550.00, 358.44, '2019-09-27 13:14:59'), 
	(192, 'CP2019-0927000146', 1, 'IMP/ DE BANNER PRETO C/ 5 ILHOSES', 1.400, 1.300, 400.00, 728.00, '2019-09-27 13:31:53'), 
	(193, 'CP2019-0927000146', 1, 'IMP/ DE VINYL', 1.000, 0.300, 400.00, 120.00, '2019-09-27 13:32:25'), 
	(194, 'CP2019-0927000147', 1, 'IMP/ DE VINYL TRANSPARENTE', 1.000, 0.800, 800.00, 640.00, '2019-09-27 14:29:11'), 
	(195, 'CP2019-0927000148', 25, 'IMP/ DE INDENTIFICARES DE MESA A4', 1.000, 1.000, 25.00, 625.00, '2019-09-27 15:09:18'), 
	(196, 'CP2019-0927000149', 1, 'IMP/ DE BANNER PRETO C/ 4 ILHOSES', 0.800, 1.200, 400.00, 384.00, '2019-09-27 15:19:38'), 
	(197, 'CP2019-0927000149', 1, 'IMP/ DE BANNER PRETO C/ 4 ILHOSES', 1.000, 1.000, 400.00, 400.00, '2019-09-27 15:19:38'), 
	(198, 'CP2019-0927000150', 1, 'IMP/ DE VINYL', 2.200, 2.700, 400.00, 2376.00, '2019-09-27 15:35:28'), 
	(199, 'CP2019-0927000151', 250, 'IMP/ DE FLYERS A5 F 150 GRMS', 1.000, 1.000, 6.00, 1500.00, '2019-09-27 16:25:13'), 
	(200, 'CP2019-0927000152', 1, 'IMP/ DE BANNER BRANCO C/ COSTURA', 5.670, 1.970, 600.00, 6701.94, '2019-09-27 16:26:42'), 
	(201, 'CP2019-0927000153', 1, 'IMP/ DE ROLL UP 06', 1.000, 1.000, 3500.00, 3500.00, '2019-09-27 16:57:09'), 
	(202, 'CP2019-0927000154', 100, 'IMP/ DE FLYERS A6', 1.000, 1.000, 8.00, 800.00, '2019-09-27 16:58:30'), 
	(203, 'CP2019-0928000155', 1, 'IMP/ DE VINYL', 1.316, 9.743, 400.00, 5142.72, '2019-09-28 08:18:39'), 
	(204, 'CP2019-0928000156', 100, 'IMP/ DE STIKERS', 0.120, 0.037, 600.00, 288.00, '2019-09-28 08:42:07'), 
	(205, 'CP2019-0928000157', 250, 'IMP/ DE FLYERS A5 1 FACE 150GRAMAS', 1.000, 1.000, 6.00, 1500.00, '2019-09-28 08:55:23'), 
	(206, 'CP2019-0928000158', 25, 'IMP/ DE BANDEIRAS C/ COSTURA 1.2m*08m', 1.000, 1.000, 500.00, 12500.00, '2019-09-28 10:59:02'), 
	(207, 'CP2019-0928000159', 1, 'IMP/ DE BANNER PRETO C/ 4 ILHOSES', 1.406, 0.606, 400.00, 344.04, '2019-09-28 11:02:59'), 
	(214, 'CP2019-0930000160', 1, '1', 1.000, 1.000, 1.00, 1.00, '2019-09-30 12:22:03'), 
	(215, 'CP2019-1024000164', 1, '2', 3.000, 4.000, 5.00, 60.00, '2019-10-24 11:21:26');
-- 导出  表 myorder_python.t_product_information 结构
DROP TABLE IF EXISTS `t_product_information`;
CREATE TABLE `t_product_information` (
  `fID` int(11) NOT NULL AUTO_INCREMENT,
  `fProductName` varchar(250) CHARACTER SET utf8 NOT NULL,
  `fSpesc` varchar(50) CHARACTER SET utf8 DEFAULT NULL,
  `fWidth` varchar(20) CHARACTER SET utf8 DEFAULT NULL,
  `fLength` varchar(20) CHARACTER SET utf8 DEFAULT NULL,
  `fUint` varchar(10) CHARACTER SET utf8 DEFAULT NULL,
  `fNote` varchar(250) CHARACTER SET utf8 DEFAULT NULL,
  `fCurrentQuantity` decimal(13,3) NOT NULL DEFAULT '0.000',
  `fMinimumStock` decimal(13,3) NOT NULL DEFAULT '0.000',
  `fCancel` tinyint(4) NOT NULL DEFAULT '0',
  `TS` timestamp NOT NULL DEFAULT CURRENT_TIMESTAMP,
  `fProductPic` varchar(50) COLLATE utf8mb4_unicode_ci DEFAULT NULL,
  PRIMARY KEY (`fID`)
) ENGINE=InnoDB AUTO_INCREMENT=109 DEFAULT CHARSET=utf8mb4 COLLATE=utf8mb4_unicode_ci
;
INSERT INTO `t_product_information` (`fID`, `fProductName`, `fSpesc`, `fWidth`, `fLength`, `fUint`, `fNote`, `fCurrentQuantity`, `fMinimumStock`, `fCancel`, `TS`, `fProductPic`) VALUES 
(1, 'CTP板 Chapa de CTP', '', '', '', '包', '', 0.000, 0.000, 0, '0000-00-00 00:00:00', Null), 
	(2, 'PS板 Chapa  positivas ( PS)', '', '', '', '包', '', 0.000, 0.000, 0, '0000-00-00 00:00:00', Null), 
	(3, 'PS显影液 Revelador', '', '', '', '瓶', '', 0.000, 0.000, 0, '0000-00-00 00:00:00', Null), 
	(4, '洁板剂 Plate cleaner', '', '', '', '瓶', '印刷', 0.000, 0.000, 0, '0000-00-00 00:00:00', Null), 
	(5, '还原清洗剂 blanket rejuvenator (caucho)', '', '', '', '瓶', '1箱+6瓶', -4.000, 0.000, 0, '0000-00-00 00:00:00', Null), 
	(6, '印刷机油墨 白 Tinta branca officet', '2.5 kg', '', '', '罐', '', -8.000, 0.000, 0, '0000-00-00 00:00:00', Null), 
	(7, '印刷机油墨 黑 Tinta preta officet', '2.5 kg', '', '', '罐', '1 montra', 0.000, 0.000, 0, '0000-00-00 00:00:00', Null), 
	(8, '印刷机油墨 蓝 Tinta azul ciao officet', '2.5 kg', '', '', '罐', '1 montra', 0.000, 0.000, 0, '0000-00-00 00:00:00', Null), 
	(9, '印刷机油墨 黄 Tinta amarela officet', '2.5 kg', '', '', '罐', '1 montra', 0.000, 0.000, 0, '0000-00-00 00:00:00', Null), 
	(10, '印刷机油墨 红 Tinta magenta officet', '2.5 kg', '', '', '罐', '1 montra', 0.000, 0.000, 0, '0000-00-00 00:00:00', Null), 
	(11, '普通喷绘机墨水 红 Tinta rolaund(magenta)', '', '', '', '瓶', '', 0.000, 0.000, 0, '0000-00-00 00:00:00', Null), 
	(12, '普通喷绘机墨水 蓝 Tinta rolaund (azul ciao)', '', '', '', '瓶', '', 0.000, 0.000, 0, '0000-00-00 00:00:00', Null), 
	(13, '普通喷绘机墨水 黄 Tinta rolaund (amarelo)', '', '', '', '瓶', '', 0.000, 0.000, 0, '0000-00-00 00:00:00', Null), 
	(14, '普通喷绘机墨水 黑 Tinta rolaud (preto)', '', '', '', '瓶', '', 0.000, 0.000, 0, '0000-00-00 00:00:00', Null), 
	(15, '旗帜机油墨 红 Tinta cartucho (magenta)', '', '', '', '罐', '', 0.000, 0.000, 0, '0000-00-00 00:00:00', Null), 
	(16, '旗帜机油墨 黑 Tinta cartucho (preto)', '', '', '', '罐', '', 0.000, 0.000, 0, '0000-00-00 00:00:00', Null), 
	(17, '旗帜机油墨 黄 Tinta cartucho (amarelo)', '', '', '', '罐', '', 0.000, 0.000, 0, '0000-00-00 00:00:00', Null), 
	(18, '旗帜机油墨 蓝 Tinta cartucho( azul ciao)', '', '', '', '罐', '', 0.000, 0.000, 0, '0000-00-00 00:00:00', Null), 
	(19, '铁门型架 Estrutura de backdrop', '', '', '', '套', '1 montra', 0.000, 0.000, 0, '0000-00-00 00:00:00', Null), 
	(20, '拉伸膜（过塑膜） Papel aderrente', '', '', '', '卷', '', 0.000, 0.000, 0, '0000-00-00 00:00:00', Null), 
	(21, '硫酸纸', '', '', '', '', '', 0.000, 0.000, 0, '0000-00-00 00:00:00', Null), 
	(22, '印衣服打印卷材 Rolo de estampar(pequena)', '', '', '', '卷', '', 0.000, 0.000, 0, '0000-00-00 00:00:00', Null), 
	(23, '转印膜 Rolo de estampar(grande)', '', '', '', '卷', '', 0.000, 0.000, 0, '0000-00-00 00:00:00', Null), 
	(24, 'BOPP预涂膜 光面腹膜 Laminacao', '', '', '', '卷', '', 0.000, 0.000, 0, '0000-00-00 00:00:00', Null), 
	(25, 'BOPP预涂膜 哑面腹膜', '', '', '', '', '', 0.000, 0.000, 0, '0000-00-00 00:00:00', Null), 
	(26, '大喷绘机墨水 黄 Tinta (amarelo)', '', '', '', '瓶', '', 0.000, 0.000, 0, '0000-00-00 00:00:00', Null), 
	(27, '大喷绘机墨水 黑 Tinta (preto)', '', '', '', '瓶', '', 0.000, 0.000, 0, '0000-00-00 00:00:00', Null), 
	(28, '大喷绘机墨水 蓝 Tinta (azul ciao)', '', '', '', '瓶', '', 0.000, 0.000, 0, '0000-00-00 00:00:00', Null), 
	(29, '大喷绘机墨水 红 Tinta (Magenta)', '', '', '', '瓶', '', 0.000, 0.000, 0, '0000-00-00 00:00:00', Null), 
	(30, '豪华单屏易拉宝（最常用）06 Roll up base 06', '', '', '', '套', '', 0.000, 0.000, 0, '0000-00-00 00:00:00', Null), 
	(31, '豪华单屏易拉宝（最好的 Roll up(Bom)', '', '', '', '套', '黑色袋子/4500mt', 0.000, 0.000, 0, '0000-00-00 00:00:00', Null), 
	(32, '标准易拉宝（黑袋）07 Roll up standard (pasta preta)', '', '', '', 'pcs', '', 0.000, 0.000, 0, '0000-00-00 00:00:00', Null), 
	(33, '标准易拉宝（黑袋）蓝色边', '', '', '', 'pcs', '', 0.000, 0.000, 0, '0000-00-00 00:00:00', Null), 
	(34, '豪华易拉宝（黄色袋子） Roll up standard (pasta laranja)', '', '', '', 'pcs', '', 0.000, 0.000, 0, '0000-00-00 00:00:00', Null), 
	(35, '铁拉网 Rede de puxar de ferro', '', '', '', '套', '', 0.000, 0.000, 0, '0000-00-00 00:00:00', Null), 
	(36, '不干胶', '', '', '', '箱', '', 0.000, 0.000, 0, '0000-00-00 00:00:00', Null), 
	(37, '毕业证书筒 Certificado de graduacao (canudo)', '', '', '', 'caixa', '每箱大概140个', 0.000, 0.000, 0, '0000-00-00 00:00:00', Null), 
	(38, '3.4米旗杆 Tripé (3 metros/40) 4头', '', '', '', 'pcs', '', 0.000, 0.000, 0, '0000-00-00 00:00:00', Null), 
	(39, '3.4米旗杆 Tripé (3 metros/40) 3头', '', '', '', 'pcs', '', 0.000, 0.000, 0, '0000-00-00 00:00:00', Null), 
	(40, '旗杆小 Tripé', '', '', '', 'pcs', '', 0.000, 0.000, 0, '0000-00-00 00:00:00', Null), 
	(41, '栏杆 Separador', '', '', '', 'pcs', '外加10条', 0.000, 0.000, 0, '0000-00-00 00:00:00', Null), 
	(42, '栏杆底座/铝 Base de bandeira', '', '', '', 'pcs', '', 0.000, 0.000, 0, '0000-00-00 00:00:00', Null), 
	(43, '绘图纸 Papel de desenho', '', '', '', 'caixa', '', 0.000, 0.000, 0, '0000-00-00 00:00:00', Null), 
	(44, '装订圈 Argolas para encadernacao de livros', '', '', '', 'caixa', '加4小盒', 0.000, 0.000, 0, '0000-00-00 00:00:00', Null), 
	(45, '热熔胶 Adesivos', '', '', '', 'Saco', '', 0.000, 0.000, 0, '0000-00-00 00:00:00', Null), 
	(46, '装订机 Maquina de encadernar', '', '', '', 'PCS', '', 0.000, 0.000, 0, '0000-00-00 00:00:00', Null), 
	(47, '斜纹地板膜 Filme de chao(20180225)', '', '1.27', '50', '卷', '', 0.000, 0.000, 0, '0000-00-00 00:00:00', Null), 
	(48, '五米注水旗杆 Pau de subir bandeira(5 metros)', '', '', '', '件', '163*11*11cm', 0.000, 0.000, 0, '0000-00-00 00:00:00', Null), 
	(49, '三米旗杆 Vinil pequeno', '', '', '', '件', '165*14*11cm', 0.000, 0.000, 0, '0000-00-00 00:00:00', Null), 
	(50, '艺彩专业冷裱膜 50 MIC', '', '1.37', '50', '件', '1.37*50m', 0.000, 0.000, 0, '0000-00-00 00:00:00', Null), 
	(51, '户外写真耗材 150G哑PP背胶 150G-PP', '', '1.27', '50', '件', '150G-PP', 0.000, 0.000, 0, '0000-00-00 00:00:00', Null), 
	(52, '十字纹冷裱膜  Vinnil n? de barra 20180717', '', '1.07', '50', '卷', '', 0.000, 0.000, 0, '0000-00-00 00:00:00', Null), 
	(53, '210G双哑PP纸 Vinnil n? de barra 20180419', '', '0.914', '50', '件', '', 0.000, 0.000, 0, '0000-00-00 00:00:00', Null), 
	(54, '单向透视膜 Van virgem', '', '', '', '件', '', 0.000, 0.000, 0, '0000-00-00 00:00:00', Null), 
	(55, 'NAME：TGB-140 TGB-140', '', '1.27', '50', '件', '1.27*50M', 0.000, 0.000, 0, '0000-00-00 00:00:00', Null), 
	(56, '2236 PVC 2236 PVC', '', '1.27', '50', '件', '1.27*50M', 0.000, 0.000, 0, '0000-00-00 00:00:00', Null), 
	(57, '208G  20180310', '', '1.52', '50', '件', '', 0.000, 0.000, 0, '0000-00-00 00:00:00', Null), 
	(58, '弱溶剂哑面化纤油画布 CD-240ECH Vinnil CD-240ECH', '', '0.914', '30', '卷', '', 0.000, 0.000, 0, '0000-00-00 00:00:00', Null), 
	(59, '弱溶剂半透闪点静电贴 KD051 Vinnil 20180717', '', '1.22', '50', '卷', '', 0.000, 0.000, 0, '0000-00-00 00:00:00', Null), 
	(60, '弱溶剂透明静电贴 KF001 Vinnil 20180716', '', '1.52', '50', '卷', '', 0.000, 0.000, 0, '0000-00-00 00:00:00', Null), 
	(61, '弱溶剂白色PVC静电贴 KF002 Vinnil KF002', '', '1.52', '50', '卷', '', 0.000, 0.000, 0, '0000-00-00 00:00:00', Null), 
	(62, '粗纹环保背胶油画布 YD-5003B Vinnil YD-5003B', '', '1.37', '45', '卷', '', 0.000, 0.000, 0, '0000-00-00 00:00:00', Null), 
	(63, '弱溶剂无纺双透布  Pano', '', '1.52', '50', '卷', '', 0.000, 0.000, 0, '0000-00-00 00:00:00', Null), 
	(64, '弱溶剂超透PVC贴 ECO-240MP Vinnil 20180716', '', '1.52', '50', '卷', 'FORA', 0.000, 0.000, 0, '0000-00-00 00:00:00', Null), 
	(65, '弱溶剂灰背PVC胶片 PF-330SG/易拉宝打印材料 Material para roll up', '', '0.914', '50', '卷', '', 0.000, 0.000, 0, '0000-00-00 00:00:00', Null), 
	(66, '210MIC粗纹地板膜 Vinnil 20180614', '', '1.27', '50', '卷', '', 0.000, 0.000, 0, '0000-00-00 00:00:00', Null), 
	(67, '超透冷袜膜 Vinil(20180611)', '', '1.27', '100', '卷', '', 0.000, 0.000, 0, '0000-00-00 00:00:00', Null), 
	(68, '注水旗座 大 80*40*80cm', '', '', '', '件', '80*40*80cm', 0.000, 0.000, 0, '0000-00-00 00:00:00', Null), 
	(69, '注水旗座 小 Tampa da base de bandeira', '', '', '', '件', '外加18套', 0.000, 0.000, 0, '0000-00-00 00:00:00', Null), 
	(70, '铝拉网 Rede de puxar de aluminio', '', '', '', '件', '', 0.000, 0.000, 0, '0000-00-00 00:00:00', Null), 
	(71, '无缝背胶晶彩反光膜  Vinil', '', '1.24', '50', '件', '', 0.000, 0.000, 0, '0000-00-00 00:00:00', Null), 
	(72, '晶彩格（背胶） Vinil', '', '1.24', '50', '件', '', 0.000, 0.000, 0, '0000-00-00 00:00:00', Null), 
	(73, '弱溶剂光面化纤油画布 Vinnil', '', '', '', '件', '0.914*50m', 0.000, 0.000, 0, '0000-00-00 00:00:00', Null), 
	(74, '弱溶剂哑面化纤油画布 Vinnil', '', '', '', '件', '0.914*50m', 0.000, 0.000, 0, '0000-00-00 00:00:00', Null), 
	(75, '黑袋沙子旁 Vinil 20180718', '', '1.37', '50', '卷', '', 0.000, 0.000, 0, '0000-00-00 00:00:00', Null), 
	(76, '2020vinnil  Vinil 20180416', '', '1.37', '50', '卷', '', 0.000, 0.000, 0, '0000-00-00 00:00:00', Null), 
	(77, '2020vinnil 1.27*50)', '', '', '', '', '', 0.000, 0.000, 0, '0000-00-00 00:00:00', Null), 
	(78, '2020vinnil 20180417 Top baner (70G FIAG FABRIC)', '', '1.2', '257', '卷', '一共39卷', 0.000, 0.000, 0, '0000-00-00 00:00:00', Null), 
	(79, '2020vinnil  Top baner(70G FIAG FABRIC)', '', '1.2', '239', '', '', 0.000, 0.000, 0, '0000-00-00 00:00:00', Null), 
	(80, '70G FIAG FABRIC 旗织机卷材 Top baner (70G FIAG FABRIC)', '', '1.2', '260', '', '', 0.000, 0.000, 0, '0000-00-00 00:00:00', Null), 
	(81, '70G FIAG FABRIC 旗织机卷材 Top baner(70G FIAG FABRIC)', '', '1.2', '226', '', '', 0.000, 0.000, 0, '0000-00-00 00:00:00', Null), 
	(82, '70G FIAG FABRIC 旗织机卷材 Top baner (70G FIAG FABRIC)', '', '1.2', '214', '', '', 0.000, 0.000, 0, '0000-00-00 00:00:00', Null), 
	(83, '70G FIAG FABRIC 旗织机卷材 Top baner (70G FIAG FABRIC)', '', '1.2', '236', '', '', 0.000, 0.000, 0, '0000-00-00 00:00:00', Null), 
	(84, '70G FIAG FABRIC 旗织机卷材 Top baner(145G TIENT F?BRIC)', '', '1.5', '150', '', '', 0.000, 0.000, 0, '0000-00-00 00:00:00', Null), 
	(85, '70G FIAG FABRIC 旗织机卷材 Top baner(145G TIENT F?BRIC)', '', '1.5', '152', '', '', 0.000, 0.000, 0, '0000-00-00 00:00:00', Null), 
	(86, '旗帜布 145G tent fabric  Top baner(145G TIENT F?BRIC)', '', '1.5', '153', '', '', 0.000, 0.000, 0, '0000-00-00 00:00:00', Null), 
	(87, '旗帜布 145G tent fabric  Top baner (145G TIENT FABRIC)', '', '1.5', '142', '', '', 0.000, 0.000, 0, '0000-00-00 00:00:00', Null), 
	(88, '旗帜布 145G tent fabric  Top baner (145G TIENT FABRIC)', '', '1.5', '182', '', '', 0.000, 0.000, 0, '0000-00-00 00:00:00', Null), 
	(89, '旗帜布 145G tent fabric  Top baner(95G GIOSSY SATIN)', '', '1.5', '200', '', '', 0.000, 0.000, 0, '0000-00-00 00:00:00', Null), 
	(90, '旗帜布 145G tent fabric  Top baner ((110G WAR IMOTTONG FABRIC)', '', '1.5', '115', '', '', 0.000, 0.000, 0, '0000-00-00 00:00:00', Null), 
	(91, '旗帜布 95g giossy satin Top baner (110G WAR IMOTTONG FABRIC)', '', '1.5', '101', '', '', 0.000, 0.000, 0, '0000-00-00 00:00:00', Null), 
	(92, '旗帜布 110g war[ lmottomg fabric Top baner (110G WAR IMOTTONG FABRIC)', '', '1.5', '122', '', '', 0.000, 0.000, 0, '0000-00-00 00:00:00', Null), 
	(93, '旗帜布 110g war[ lmottomg fabric Top baner (110G WAR IMOTTONG FABRIC)', '', '1.5', '136', '', '', 0.000, 0.000, 0, '0000-00-00 00:00:00', Null), 
	(94, '110g war[ lmottomg fabric Top baner ( 110G)', '', '1.6', '120', '', '', 0.000, 0.000, 0, '0000-00-00 00:00:00', Null), 
	(95, '旗帜布 110g war[ lmottomg fabric Top baner ( 110G)', '', '1.6', '136', '', '', 0.000, 0.000, 0, '0000-00-00 00:00:00', Null), 
	(96, '旗帜布 110g 轻编旗帜布 Top baner ( 110G )', '', '1.6', '128', '', '', 0.000, 0.000, 0, '0000-00-00 00:00:00', Null), 
	(97, '旗帜布 110g 轻编旗帜布 Top baner ( 110G)', '', '1.6', '171', '', '', 0.000, 0.000, 0, '0000-00-00 00:00:00', Null), 
	(98, '旗帜布 110g 轻编旗帜布 Top baner (600D OXFORD FABRIC)', '', '1.5', '80', '', '', 0.000, 0.000, 0, '0000-00-00 00:00:00', Null), 
	(99, '旗帜布 110g 轻编旗帜布 Top baner (120G MESH)', '', '1.6', '100', '', '', 0.000, 0.000, 0, '0000-00-00 00:00:00', Null), 
	(100, '账蓬 3*3', '', '', '', '个', '', 0.000, 0.000, 0, '0000-00-00 00:00:00', Null), 
	(101, '账蓬 3*6', '', '', '', '个', '', 0.000, 0.000, 0, '0000-00-00 00:00:00', Null), 
	(102, '卷材薄纸 KT BOARD', '', '', '', '卷', '', 0.000, 0.000, 0, '0000-00-00 00:00:00', Null), 
	(103, '未知名 Mesa de promocao', '', '', '', '卷', '', 0.000, 0.000, 0, '0000-00-00 00:00:00', Null), 
	(104, '双面亮光板', '', '', '', '', '', 0.000, 0.000, 0, '0000-00-00 00:00:00', Null), 
	(105, '广告桌/架子', '', '', '', '', '
', 0.000, 0.000, 0, '0000-00-00 00:00:00', Null), 
	(107, '22', Null, Null, Null, Null, '2', 0.000, 22.000, 0, '2019-10-16 18:43:52', Null), 
	(108, '222', Null, Null, Null, Null, Null, 0.000, 333.000, 0, '2019-10-16 18:45:11', 'tax_reg_73866501432fff8690decdb7360ba1fc.jpg');
-- 导出  表 myorder_python.t_product_outbound_order 结构
DROP TABLE IF EXISTS `t_product_outbound_order`;
CREATE TABLE `t_product_outbound_order` (
  `fOrderID` char(20) NOT NULL COMMENT '订单号',
  `fPrice` decimal(10,2) DEFAULT NULL COMMENT '单价',
  `fCustomerID` int(11) NOT NULL COMMENT '客户编号',
  `fOrderDate` date NOT NULL COMMENT '订单日期',
  `fRequiredDeliveryDate` date DEFAULT NULL COMMENT '客户要求交货日期',
  `fAmount` decimal(11,2) DEFAULT NULL COMMENT '金额',
  `fTax` decimal(11,2) DEFAULT NULL COMMENT '税金',
  `fPayable` decimal(11,2) DEFAULT NULL COMMENT '应付金额',
  `fDesconto` decimal(11,2) DEFAULT NULL COMMENT '折扣',
  `fEntryID` int(11) DEFAULT NULL COMMENT '录入人',
  `fSubmited` bit(1) NOT NULL DEFAULT b'0' COMMENT '提交',
  `fSubmitID` int(11) DEFAULT NULL COMMENT '提交人',
  `fReviewed` bit(1) NOT NULL DEFAULT b'0' COMMENT '已审核',
  `fReviewerID` int(11) DEFAULT NULL COMMENT '审核人',
  `fConfirmed` bit(1) NOT NULL DEFAULT b'0' COMMENT '已确认',
  `fConfirmID` int(11) DEFAULT NULL COMMENT '确认人',
  `fDelivered` bit(1) NOT NULL DEFAULT b'0' COMMENT '已交付',
  `fDelivererID` int(11) DEFAULT NULL COMMENT '交付人',
  `fCanceled` bit(1) NOT NULL DEFAULT b'0' COMMENT '已作废',
  `fCancelID` int(11) DEFAULT NULL COMMENT '作废人',
  `fDeliveryDate` date DEFAULT NULL COMMENT '交付日期',
  `fQuant` int(11) DEFAULT NULL COMMENT '数量',
  `fSucursal` bit(1) DEFAULT NULL COMMENT 'Sucursal 分公司',
  `fVendedorID` int(11) DEFAULT NULL COMMENT '销售人员',
  `fContato` varchar(20) DEFAULT NULL COMMENT '联系人',
  `fCelular` varchar(15) DEFAULT NULL COMMENT '手机',
  `fTelefone` varchar(15) DEFAULT NULL COMMENT '电话',
  `fNote` varchar(255) DEFAULT NULL COMMENT '备注',
  `TS` timestamp NOT NULL DEFAULT CURRENT_TIMESTAMP ON UPDATE CURRENT_TIMESTAMP,
  PRIMARY KEY (`fOrderID`),
  KEY `iDelivererID` (`fDelivererID`),
  KEY `iOrderDate` (`fOrderDate`)
) ENGINE=InnoDB DEFAULT CHARSET=utf8
;
INSERT INTO `t_product_outbound_order` (`fOrderID`, `fPrice`, `fCustomerID`, `fOrderDate`, `fRequiredDeliveryDate`, `fAmount`, `fTax`, `fPayable`, `fDesconto`, `fEntryID`, `fSubmited`, `fSubmitID`, `fReviewed`, `fReviewerID`, `fConfirmed`, `fConfirmID`, `fDelivered`, `fDelivererID`, `fCanceled`, `fCancelID`, `fDeliveryDate`, `fQuant`, `fSucursal`, `fVendedorID`, `fContato`, `fCelular`, `fTelefone`, `fNote`, `TS`) VALUES 
('PO2019-1010000003', Null, 3, '2019-10-10', '2019-10-08', 2.00, 0.34, 2.34, Null, 2, 1, Null, 0, Null, 0, Null, 0, Null, 0, Null, Null, Null, 0, Null, '1', '873066544', Null, Null, '2019-10-14 11:31:38'), 
	('PO2019-1014000004', Null, 10, '2019-10-14', '2019-10-15', 4.00, 0.68, 4.68, Null, 2, 1, Null, 0, Null, 0, Null, 0, Null, 0, Null, Null, Null, 0, Null, '1231', '847320606', Null, Null, '2019-10-14 12:24:13'), 
	('PO2019-1018000007', Null, 2, '2019-10-18', '2019-10-15', 72.00, 12.24, 84.24, Null, 2, 0, Null, 0, Null, 0, Null, 0, Null, 0, Null, Null, Null, Null, 97, '3', '845470047', Null, Null, '2019-10-18 09:23:57');
-- 导出  表 myorder_python.t_product_outbound_order_detail 结构
DROP TABLE IF EXISTS `t_product_outbound_order_detail`;
CREATE TABLE `t_product_outbound_order_detail` (
  `fID` int(11) NOT NULL AUTO_INCREMENT,
  `fOrderID` char(20) DEFAULT NULL,
  `fQuant` smallint(6) DEFAULT NULL,
  `fProductID` int(11) DEFAULT NULL,
  `fPrice` decimal(11,2) DEFAULT NULL,
  `fNote` char(50) DEFAULT NULL,
  `fAmount` decimal(11,2) NOT NULL,
  `TS` timestamp NOT NULL DEFAULT CURRENT_TIMESTAMP ON UPDATE CURRENT_TIMESTAMP,
  PRIMARY KEY (`fID`)
) ENGINE=InnoDB AUTO_INCREMENT=13 DEFAULT CHARSET=utf8
;
INSERT INTO `t_product_outbound_order_detail` (`fID`, `fOrderID`, `fQuant`, `fProductID`, `fPrice`, `fNote`, `fAmount`, `TS`) VALUES 
(1, 'CP2019-1010000161', 2, 6, 2.00, Null, 4.00, '2019-10-10 14:12:37'), 
	(2, 'CP2019-1010000162', 2, 6, 2.00, Null, 4.00, '2019-10-10 14:12:42'), 
	(3, 'CP2019-1010000163', 2, 6, 2.00, Null, 4.00, '2019-10-10 14:12:56'), 
	(4, 'PO2019-1010000001', 1, 5, 1.00, Null, 1.00, '2019-10-10 14:15:57'), 
	(5, 'PO2019-1010000002', 1, 5, 1.00, Null, 1.00, '2019-10-10 14:16:09'), 
	(6, 'PO2019-1010000003', 1, 6, 2.00, Null, 2.00, '2019-10-10 17:55:55'), 
	(7, 'PO2019-1014000004', 2, 5, 2.00, Null, 4.00, '2019-10-14 12:22:57'), 
	(8, 'PO2019-1018000007', 2, 8, 2.00, Null, 4.00, '2019-10-18 09:23:57'), 
	(9, 'PO2019-1018000007', 2, 3, 2.00, Null, 4.00, '2019-10-18 09:23:57'), 
	(10, 'PO2019-1018000007', 3, 6, 3.00, Null, 9.00, '2019-10-18 09:23:57'), 
	(11, 'PO2019-1018000007', 5, 9, 5.00, Null, 25.00, '2019-10-18 09:23:57'), 
	(12, 'PO2019-1018000007', 5, 2, 6.00, Null, 30.00, '2019-10-18 09:23:57');
-- 导出  表 myorder_python.t_product_warehousereceipt_order 结构
DROP TABLE IF EXISTS `t_product_warehousereceipt_order`;
CREATE TABLE `t_product_warehousereceipt_order` (
  `fOrderID` char(20) NOT NULL COMMENT '订单号',
  `fPrice` decimal(10,2) DEFAULT NULL COMMENT '单价',
  `fSupplierID` int(11) NOT NULL COMMENT '客户编号',
  `fPurchaserID` int(11) NOT NULL COMMENT '采购人员',
  `fOrderDate` date NOT NULL COMMENT '订单日期',
  `fWarehousingDate` date DEFAULT NULL COMMENT '入库日期',
  `fAmount` decimal(11,2) unsigned zerofill DEFAULT NULL COMMENT '金额',
  `fTax` decimal(11,2) DEFAULT NULL COMMENT '税金',
  `fPayable` decimal(11,2) DEFAULT NULL COMMENT '应付金额',
  `fDesconto` decimal(11,2) DEFAULT NULL COMMENT '折扣',
  `fEntryID` int(11) DEFAULT NULL COMMENT '录入人',
  `fSubmited` bit(1) NOT NULL DEFAULT b'0' COMMENT '提交',
  `fSubmitID` int(11) DEFAULT NULL COMMENT '提交人',
  `fCanceled` bit(1) NOT NULL DEFAULT b'0' COMMENT '已作废',
  `fCancelID` int(11) DEFAULT NULL COMMENT '作废人',
  `fContato` varchar(20) DEFAULT NULL COMMENT '联系人',
  `fCelular` varchar(15) DEFAULT NULL COMMENT '手机',
  `fTelefone` varchar(15) DEFAULT NULL COMMENT '电话',
  `fNote` varchar(255) DEFAULT NULL COMMENT '备注',
  `TS` timestamp NOT NULL DEFAULT CURRENT_TIMESTAMP ON UPDATE CURRENT_TIMESTAMP,
  PRIMARY KEY (`fOrderID`),
  KEY `iOrderDate` (`fOrderDate`)
) ENGINE=InnoDB DEFAULT CHARSET=utf8
;
INSERT INTO `t_product_warehousereceipt_order` (`fOrderID`, `fPrice`, `fSupplierID`, `fPurchaserID`, `fOrderDate`, `fWarehousingDate`, `fAmount`, `fTax`, `fPayable`, `fDesconto`, `fEntryID`, `fSubmited`, `fSubmitID`, `fCanceled`, `fCancelID`, `fContato`, `fCelular`, `fTelefone`, `fNote`, `TS`) VALUES 
('234234', Null, 3, 0, '2019-10-16', Null, 1.00, 1.00, 1.00, 1.00, 2, 1, Null, 0, Null, Null, Null, Null, Null, '2019-10-16 10:08:15'), 
	('PO2019-1017000005', Null, 3, 3, '2019-10-17', '2019-10-17', 8.00, 1.36, 9.36, Null, 2, 0, Null, 0, Null, '234567', '1234567', '2345', Null, '2019-10-17 22:42:43'), 
	('PO2019-1017000006', Null, 3, 97, '2019-10-17', '2019-10-01', 9.00, 1.53, 10.53, Null, 2, 1, Null, 0, Null, '22', '33', '333', Null, '2019-10-18 08:19:03');
-- 导出  表 myorder_python.t_product_warehousereceipt_order_detail 结构
DROP TABLE IF EXISTS `t_product_warehousereceipt_order_detail`;
CREATE TABLE `t_product_warehousereceipt_order_detail` (
  `fID` int(11) NOT NULL AUTO_INCREMENT,
  `fOrderID` char(20) DEFAULT NULL,
  `fQuant` smallint(6) DEFAULT NULL,
  `fProductID` int(11) DEFAULT NULL,
  `fPrice` decimal(11,2) DEFAULT NULL,
  `fNote` char(50) DEFAULT NULL,
  `fAmount` decimal(11,2) NOT NULL,
  `TS` timestamp NOT NULL DEFAULT CURRENT_TIMESTAMP ON UPDATE CURRENT_TIMESTAMP,
  PRIMARY KEY (`fID`)
) ENGINE=InnoDB AUTO_INCREMENT=5 DEFAULT CHARSET=utf8
;
INSERT INTO `t_product_warehousereceipt_order_detail` (`fID`, `fOrderID`, `fQuant`, `fProductID`, `fPrice`, `fNote`, `fAmount`, `TS`) VALUES 
(1, '234234', 3, 5, 4.00, '5', 6.00, '2019-10-16 10:13:11'), 
	(2, 'PO2019-1017000005', 1, 6, 2.00, Null, 2.00, '2019-10-17 22:42:43'), 
	(3, 'PO2019-1017000005', 2, 7, 3.00, Null, 6.00, '2019-10-17 22:42:43'), 
	(4, 'PO2019-1017000006', 3, 6, 3.00, Null, 9.00, '2019-10-17 22:50:59');
-- 导出  表 myorder_python.t_quotation 结构
DROP TABLE IF EXISTS `t_quotation`;
CREATE TABLE `t_quotation` (
  `fOrderID` char(20) NOT NULL COMMENT '订单号',
  `fPrice` decimal(10,0) DEFAULT NULL COMMENT '单价_印刷',
  `fCustomerID` int(11) NOT NULL COMMENT '客户编号',
  `fOrderDate` date NOT NULL COMMENT '订单日期',
  `fEspecieID` int(11) DEFAULT NULL COMMENT '印刷分类',
  `fRequiredDeliveryDate` date DEFAULT NULL COMMENT '客户要求交货日期',
  `fCategoryID` int(11) DEFAULT NULL COMMENT '类别',
  `fBrandMateriaID` int(11) DEFAULT NULL COMMENT '品牌材料',
  `fAmount` decimal(11,2) DEFAULT NULL COMMENT '金额',
  `fTax` decimal(11,2) DEFAULT NULL COMMENT '税金',
  `fPayable` decimal(11,2) DEFAULT NULL COMMENT '应付金额',
  `fDesconto` decimal(11,2) DEFAULT NULL COMMENT '折扣',
  `fColorID` int(11) DEFAULT NULL COMMENT '颜色',
  `fEntryID` int(11) DEFAULT NULL COMMENT '录入人',
  `fSubmited` bit(1) NOT NULL DEFAULT b'0' COMMENT '提交',
  `fSubmitID` int(11) DEFAULT NULL COMMENT '提交人',
  `fReviewed` bit(1) NOT NULL DEFAULT b'0' COMMENT '已审核',
  `fReviewerID` int(11) DEFAULT NULL COMMENT '审核人',
  `fConfirmed` bit(1) NOT NULL DEFAULT b'0' COMMENT '已确认',
  `fConfirmID` int(11) DEFAULT NULL COMMENT '确认人',
  `fDelivered` bit(1) NOT NULL DEFAULT b'0' COMMENT '已交付',
  `fDelivererID` int(11) DEFAULT NULL COMMENT '交付人',
  `fCanceled` bit(1) NOT NULL DEFAULT b'0' COMMENT '已作废',
  `fCancelID` int(11) DEFAULT NULL COMMENT '作废人',
  `fDeliveryDate` date DEFAULT NULL COMMENT '交付日期',
  `fNumerBegin` int(11) DEFAULT NULL COMMENT '起始编号',
  `fQuant` int(11) DEFAULT NULL COMMENT '数量',
  `fPagePerVolumn` tinyint(4) DEFAULT NULL COMMENT '每本号数',
  `fNumerEnd` int(11) DEFAULT NULL COMMENT '结束编号',
  `fAvistaID` int(11) DEFAULT NULL COMMENT '每页单据数',
  `fTamanhoID` int(11) DEFAULT NULL COMMENT '尺寸',
  `fSucursal` bit(1) DEFAULT NULL COMMENT 'Sucursal 分公司',
  `fLogo` bit(1) DEFAULT b'0' COMMENT '标志',
  `fVendedorID` int(11) DEFAULT NULL COMMENT '销售人员',
  `fNrCopyID` int(11) DEFAULT NULL COMMENT '联次',
  `fContato` varchar(20) DEFAULT NULL COMMENT '联系人',
  `fCelular` varchar(15) DEFAULT NULL COMMENT '手机',
  `fTelefone` varchar(15) DEFAULT NULL COMMENT '电话',
  `fNote` varchar(255) DEFAULT NULL COMMENT '备注',
  `fDeliverViewed` bit(1) DEFAULT b'0' COMMENT '生产部已查阅',
  `fCreatedOrder` bit(1) DEFAULT b'0' COMMENT '已生成订单',
  `TS` timestamp NOT NULL DEFAULT CURRENT_TIMESTAMP ON UPDATE CURRENT_TIMESTAMP,
  PRIMARY KEY (`fOrderID`),
  KEY `iDelivererID` (`fDelivererID`),
  KEY `iOrderDate` (`fOrderDate`)
) ENGINE=InnoDB DEFAULT CHARSET=utf8
;
INSERT INTO `t_quotation` (`fOrderID`, `fPrice`, `fCustomerID`, `fOrderDate`, `fEspecieID`, `fRequiredDeliveryDate`, `fCategoryID`, `fBrandMateriaID`, `fAmount`, `fTax`, `fPayable`, `fDesconto`, `fColorID`, `fEntryID`, `fSubmited`, `fSubmitID`, `fReviewed`, `fReviewerID`, `fConfirmed`, `fConfirmID`, `fDelivered`, `fDelivererID`, `fCanceled`, `fCancelID`, `fDeliveryDate`, `fNumerBegin`, `fQuant`, `fPagePerVolumn`, `fNumerEnd`, `fAvistaID`, `fTamanhoID`, `fSucursal`, `fLogo`, `fVendedorID`, `fNrCopyID`, `fContato`, `fCelular`, `fTelefone`, `fNote`, `fDeliverViewed`, `fCreatedOrder`, `TS`) VALUES 
('QP2019-1017000002', 1, 4, '2019-10-17', 66, '2019-10-14', Null, Null, 1.00, 0.00, 1.00, Null, Null, 2, 0, Null, 0, Null, 0, Null, 0, Null, 0, Null, Null, 1, 1, 1, 4, 80, 83, 0, 0, 97, 87, '1', '848867498', '1', Null, 0, 0, '2019-10-17 08:22:26');
-- 导出  表 myorder_python.t_quotation_detail 结构
DROP TABLE IF EXISTS `t_quotation_detail`;
CREATE TABLE `t_quotation_detail` (
  `fID` int(11) NOT NULL AUTO_INCREMENT,
  `fOrderID` varchar(50) DEFAULT NULL,
  `fQuant` smallint(6) DEFAULT NULL,
  `fProductName` varchar(50) DEFAULT NULL,
  `fLength` decimal(10,3) DEFAULT NULL,
  `fWidth` decimal(10,3) DEFAULT NULL,
  `fPrice` decimal(11,2) DEFAULT NULL,
  `fAmount` decimal(11,2) DEFAULT NULL,
  `TS` timestamp NOT NULL DEFAULT CURRENT_TIMESTAMP ON UPDATE CURRENT_TIMESTAMP,
  PRIMARY KEY (`fID`)
) ENGINE=InnoDB AUTO_INCREMENT=19 DEFAULT CHARSET=utf8
;
INSERT INTO `t_quotation_detail` (`fID`, `fOrderID`, `fQuant`, `fProductName`, `fLength`, `fWidth`, `fPrice`, `fAmount`, `TS`) VALUES 
(2, 'QS2019-0909000001', Null, '', Null, Null, Null, Null, '2019-09-09 15:52:30'), 
	(3, 'QS2019-0925000002', 2000, 'IMPRESSÃO DE BANDEIRA 1.30M*0.80M', 1.000, 1.000, 487.50, 975000.00, '2019-09-26 17:54:28'), 
	(4, 'QS2019-0925000002', Null, '', Null, Null, Null, Null, '2019-09-26 09:59:58'), 
	(5, 'QS2019-0926000003', 3, 'IMP/ DE CONTRAVISION COM MONTAGEM', 1.500, 1.150, 900.00, 4657.50, '2019-09-26 15:43:29'), 
	(6, 'QS2019-0926000003', 2, 'IMP/ DE CONTRAVISION COM MONTAGEM', 0.950, 0.830, 900.00, 1419.30, '2019-09-26 15:43:29'), 
	(7, 'QS2019-0926000003', 1, 'PRODUCAO DE KT-BOARD', 2.700, 2.500, 1250.00, 8437.50, '2019-09-26 10:52:21'), 
	(8, 'QS2019-0926000003', 1, 'IMP/ DE VINYL COM MONTAGEM', 0.500, 0.700, 900.00, 315.00, '2019-09-26 15:43:29'), 
	(10, 'QS2019-0926000004', 2, 'IMP/ DE CONTRAVISION E MONTAGEM', 1.800, 1.860, 900.00, 6026.40, '2019-09-26 16:20:31'), 
	(11, 'QS2019-0926000004', 1, 'IMP/ DE CONTRAVISION E MONTAGEM', 1.130, 1.870, 900.00, 1901.79, '2019-09-26 16:20:31'), 
	(12, 'QS2019-0926000004', 1, 'IMP/ DE CONTRAVISION E MONTAGEM', 0.860, 1.150, 900.00, 890.10, '2019-09-26 16:20:31'), 
	(13, 'QS2019-0926000004', 1, 'IMP/ DE CONTRAVISION E MONTAGEM', 0.830, 0.860, 900.00, 642.42, '2019-09-26 16:20:31'), 
	(14, 'QS2019-0926000004', 1, 'PRODUCAO DE KT-BOARD', 2.500, 3.000, 1250.00, 9375.00, '2019-09-26 11:25:49'), 
	(15, 'QS2019-0926000004', 1, 'IMP/ DE VINYL E MONTAGEM', 0.450, 0.550, 900.00, 222.75, '2019-09-26 16:20:31'), 
	(16, 'QS2019-0926000005', 3, 'PROD DE LETREIRO 5.5* 3* C/MONT E DESLOC', 1.000, 1.000, 74250.00, 222750.00, '2019-09-26 16:11:29'), 
	(17, 'QS2019-0926000005', Null, '', Null, Null, Null, Null, '2019-09-26 16:11:29'), 
	(18, 'QS2019-1011000006', 2, '2', 2.000, 2.000, 2.00, 16.00, '2019-10-11 20:06:58');
-- 导出  表 myorder_python.t_receivables 结构
DROP TABLE IF EXISTS `t_receivables`;
CREATE TABLE `t_receivables` (
  `fID` int(11) NOT NULL AUTO_INCREMENT,
  `fCustomerID` int(11) NOT NULL,
  `fPaymentMethodID` int(11) NOT NULL COMMENT '收款方式',
  `fReceiptDate` date NOT NULL COMMENT '收款日期',
  `fAmountCollected` decimal(11,2) NOT NULL COMMENT '金额',
  `fPayeeID` int(11) NOT NULL COMMENT '收款人',
  `fNote` varchar(255) DEFAULT NULL COMMENT '备注',
  `TS` timestamp NULL DEFAULT CURRENT_TIMESTAMP ON UPDATE CURRENT_TIMESTAMP,
  `fOrderID` char(20) DEFAULT NULL COMMENT '对应单号',
  PRIMARY KEY (`fID`)
) ENGINE=InnoDB AUTO_INCREMENT=170 DEFAULT CHARSET=utf8
;
INSERT INTO `t_receivables` (`fID`, `fCustomerID`, `fPaymentMethodID`, `fReceiptDate`, `fAmountCollected`, `fPayeeID`, `fNote`, `TS`, `fOrderID`) VALUES 
(1, 1, 61, '2019-09-09', 1638.00, 7, Null, '2019-09-16 12:02:17', 'CP2019-0909000001'), 
	(2, 6, 59, '2019-09-10', 1305.60, 5, Null, '2019-09-16 12:02:17', 'CP2019-0910000006'), 
	(3, 5, 59, '2019-09-10', 407.40, 5, Null, '2019-09-16 12:02:17', 'CP2019-0910000005'), 
	(4, 2, 61, '2019-09-10', 2645.76, 5, 'MPESA BOSS', '2019-09-16 12:02:17', 'CP2019-0910000004'), 
	(5, 1, 63, '2019-09-10', -1638.00, 5, Null, '2019-09-10 12:01:26', Null), 
	(6, 2, 61, '2019-09-10', 352.35, 5, 'MPESA BOSS', '2019-09-16 12:02:17', 'CP2019-0910000008'), 
	(7, 8, 61, '2019-09-10', 2500.00, 5, 'MPESA BOSS', '2019-09-16 12:02:17', 'CP2019-0910000009'), 
	(8, 8, 59, '2019-09-10', 3500.00, 5, Null, '2019-09-16 12:02:17', 'CP2019-0910000011'), 
	(9, 10, 59, '2019-09-10', 1205.40, 5, 'DIBOTO', '2019-09-16 12:02:17', 'CP2019-0910000012'), 
	(10, 9, 61, '2019-09-10', 3500.00, 5, 'MPESA BOSS', '2019-09-16 12:02:17', 'CP2019-0910000011'), 
	(11, 12, 63, '2019-09-10', 400.00, 5, Null, '2019-09-16 12:02:17', 'CP2019-0910000013'), 
	(12, 4, 59, '2019-09-11', 2250.00, 5, Null, '2019-09-16 12:02:17', 'CP2019-0911000014'), 
	(13, 13, 61, '2019-09-11', 648.00, 5, 'MPESA BOSS', '2019-09-16 12:02:17', 'CP2019-0911000015'), 
	(14, 14, 61, '2019-09-11', 3137.94, 5, Null, '2019-09-16 12:02:17', 'CP2019-0911000016'), 
	(15, 16, 61, '2019-09-11', 2850.00, 5, 'MPESA BOSS', '2019-09-16 12:02:17', 'CP2019-0911000018'), 
	(16, 15, 59, '2019-09-11', 740.00, 5, Null, '2019-09-16 12:02:17', 'CP2019-0911000017'), 
	(17, 17, 59, '2019-09-11', 2640.00, 5, Null, '2019-09-16 12:02:17', 'CP2019-0911000019'), 
	(18, 18, 59, '2019-09-11', 360.00, 5, Null, '2019-09-16 12:02:17', 'CP2019-0911000020'), 
	(19, 19, 63, '2019-09-11', 200.00, 5, Null, '2019-09-16 12:02:17', 'CP2019-0911000021'), 
	(20, 20, 59, '2019-09-11', 1205.40, 5, Null, '2019-09-16 12:02:17', 'CP2019-0911000024'), 
	(21, 21, 59, '2019-09-11', 5560.00, 5, Null, '2019-09-16 12:02:17', 'CP2019-0911000025'), 
	(22, 12, 63, '2019-09-11', 239.04, 5, Null, '2019-09-16 12:02:17', 'CP2019-0911000026'), 
	(23, 22, 59, '2019-09-12', 1200.00, 5, Null, '2019-09-16 12:02:17', 'TP2019-0912000013'), 
	(24, 24, 99, '2019-09-12', 2000.00, 5, Null, '2019-09-12 11:56:42', Null), 
	(25, 6, 59, '2019-09-12', 756.00, 5, Null, '2019-09-16 12:02:17', 'CP2019-0912000032'), 
	(26, 27, 59, '2019-09-12', 200.00, 5, Null, '2019-09-16 12:02:17', 'CP2019-0912000034'), 
	(27, 21, 59, '2019-09-12', 582.12, 5, Null, '2019-09-16 12:02:17', 'CP2019-0912000036'), 
	(28, 25, 59, '2019-09-12', 1540.00, 5, Null, '2019-09-12 14:09:20', Null), 
	(29, 29, 59, '2019-09-12', 1120.00, 5, Null, '2019-09-16 12:02:17', 'CP2019-0912000037'), 
	(30, 30, 59, '2019-09-12', 32500.00, 5, Null, '2019-09-12 14:46:20', Null), 
	(31, 28, 99, '2019-09-12', 3565.00, 5, Null, '2019-09-16 12:02:17', 'CP2019-0912000035'), 
	(32, 14, 61, '2019-09-12', 8190.00, 5, Null, '2019-09-16 12:02:17', 'CP2019-0912000041'), 
	(33, 4, 59, '2019-09-12', 11500.00, 5, Null, '2019-09-12 16:06:16', Null), 
	(34, 33, 59, '2019-09-12', 6200.00, 5, Null, '2019-09-12 16:08:52', Null), 
	(35, 6, 59, '2019-09-12', 203.52, 5, Null, '2019-09-16 12:02:17', 'CP2019-0912000039'), 
	(36, 31, 59, '2019-09-12', 600.00, 5, Null, '2019-09-16 12:02:17', 'CP2019-0912000040'), 
	(37, 25, 59, '2019-09-12', 60.00, 2, Null, '2019-09-12 20:31:19', Null), 
	(38, 35, 59, '2019-09-13', 2201.60, 5, Null, '2019-09-16 12:02:17', 'CP2019-0913000045'), 
	(39, 36, 99, '2019-09-13', 1400.00, 5, Null, '2019-09-16 12:02:17', 'CP2019-0913000048'), 
	(40, 37, 59, '2019-09-13', 13860.00, 5, Null, '2019-09-16 12:02:17', 'CP2019-0913000047'), 
	(41, 38, 59, '2019-09-13', 1400.00, 5, Null, '2019-09-16 12:02:17', 'CP2019-0913000048'), 
	(42, 39, 59, '2019-09-13', 15500.00, 5, Null, '2019-09-16 12:02:17', 'CP2019-0913000050'), 
	(43, 40, 59, '2019-09-13', 7300.00, 5, Null, '2019-09-13 12:47:27', Null), 
	(44, 24, 59, '2019-09-13', 400.00, 5, Null, '2019-09-16 12:02:17', Null), 
	(45, 41, 99, '2019-09-13', 450.00, 5, Null, '2019-09-16 12:02:17', 'CP2019-0913000052'), 
	(46, 42, 59, '2019-09-13', 900.00, 5, Null, '2019-09-16 12:02:17', 'CP2019-0913000053'), 
	(47, 7, 59, '2019-09-13', 468.00, 5, Null, '2019-09-16 12:02:17', 'CP2019-0913000049'), 
	(48, 43, 59, '2019-09-13', 1650.00, 5, Null, '2019-09-13 14:13:03', Null), 
	(49, 37, 59, '2019-09-13', 200.00, 5, Null, '2019-09-16 12:02:17', 'CP2019-0913000054'), 
	(50, 44, 99, '2019-09-13', 441.00, 5, Null, '2019-09-16 12:02:17', 'CP2019-0913000056'), 
	(51, 45, 99, '2019-09-13', 830.08, 5, Null, '2019-09-16 12:02:17', 'CP2019-0913000058'), 
	(52, 30, 59, '2019-09-13', 32500.00, 5, Null, '2019-09-16 12:02:17', Null), 
	(53, 5, 99, '2019-09-13', 3257.80, 5, Null, '2019-09-16 12:02:17', 'CP2019-0913000057'), 
	(54, 46, 59, '2019-09-13', 20000.00, 2, Null, '2019-09-16 12:02:17', 'CP2019-0913000060'), 
	(55, 27, 59, '2019-09-14', 1800.00, 5, Null, '2019-09-16 12:02:17', 'CP2019-0914000061'), 
	(56, 48, 59, '2019-09-14', 3600.00, 5, Null, '2019-09-16 12:02:17', 'CP2019-0914000063'), 
	(57, 29, 59, '2019-09-14', 2000.00, 5, Null, '2019-09-16 12:02:17', Null), 
	(58, 34, 59, '2019-09-14', 4800.00, 5, Null, '2019-09-16 12:02:17', Null), 
	(59, 27, 99, '2019-09-14', 5000.00, 5, Null, '2019-09-14 10:52:42', Null), 
	(60, 26, 63, '2019-09-14', 1200.00, 5, Null, '2019-09-16 12:02:18', 'TP2019-0914000016'), 
	(61, 4, 59, '2019-09-14', 4197.50, 5, Null, '2019-09-16 12:02:17', Null), 
	(62, 50, 59, '2019-09-14', 200.00, 5, Null, '2019-09-16 12:02:17', 'CP2019-0914000065'), 
	(63, 26, 63, '2019-09-14', 2808.00, 5, Null, '2019-09-16 12:02:18', 'TP2019-0914000017'), 
	(64, 49, 63, '2019-09-14', 1200.00, 5, Null, '2019-09-16 12:02:18', 'TP2019-0914000016'), 
	(65, 27, 59, '2019-09-14', 3400.00, 5, Null, '2019-09-14 12:53:10', Null), 
	(66, 26, 63, '2019-09-14', 5208.00, 2, Null, '2019-09-16 12:02:18', Null), 
	(67, 51, 59, '2019-09-16', 600.00, 5, Null, '2019-09-16 12:02:17', 'CP2019-0916000067'), 
	(68, 52, 59, '2019-09-16', 6000.00, 5, Null, '2019-09-16 12:02:17', 'CP2019-0916000068'), 
	(69, 39, 63, '2019-09-16', 300.00, 5, Null, '2019-09-16 12:02:17', 'CP2019-0916000070'), 
	(70, 5, 59, '2019-09-16', 1400.00, 5, Null, '2019-09-16 12:02:17', 'CP2019-0916000073'), 
	(71, 39, 59, '2019-09-16', 1200.00, 5, Null, '2019-09-16 15:00:57', 'CP2019-0916000074'), 
	(72, 33, 59, '2019-09-16', 800.00, 5, Null, '2019-09-16 16:18:39', 'DIBOTO'), 
	(73, 54, 59, '2019-09-16', 3000.00, 5, Null, '2019-09-16 16:28:23', 'CP2019-0916000075'), 
	(74, 33, 59, '2019-09-16', 5500.00, 5, Null, '2019-09-16 16:32:44', 'CP2019-0916000076'), 
	(75, 55, 59, '2019-09-17', 2057.00, 5, Null, '2019-09-17 09:03:52', 'CP2019-0917000077'), 
	(76, 56, 59, '2019-09-17', 1000.00, 5, Null, '2019-09-17 10:31:46', 'CP2019-0917000078'), 
	(77, 7, 59, '2019-09-17', 468.00, 5, Null, '2019-09-17 11:32:47', 'DIBOTO'), 
	(78, 7, 59, '2019-09-17', 35000.00, 5, Null, '2019-09-17 11:33:08', 'DIBOTO'), 
	(79, 7, 59, '2019-09-17', 2948.40, 5, Null, '2019-09-17 11:37:24', 'DIBOTO'), 
	(80, 59, 59, '2019-09-17', 1192.80, 5, Null, '2019-09-17 12:20:22', 'CP2019-0917000081'), 
	(81, 12, 63, '2019-09-17', 13449.47, 5, Null, '2019-09-17 13:34:33', 'CP2019-0917000083'), 
	(82, 12, 59, '2019-09-17', 40150.53, 5, Null, '2019-09-17 13:43:50', 'CP2019-0917000083'), 
	(83, 12, 63, '2019-09-17', -40151.00, 2, 'Errado', '2019-09-17 14:26:49', 'DIBOTO'), 
	(84, 12, 63, '2019-09-17', -13449.00, 2, 'Errado', '2019-09-17 14:27:12', 'DIBOTO'), 
	(85, 43, 59, '2019-09-17', 78.00, 5, Null, '2019-09-17 14:42:57', 'DIBOTO'), 
	(86, 57, 59, '2019-09-17', 200.00, 5, Null, '2019-09-17 15:14:27', 'CP2019-0917000079'), 
	(87, 29, 59, '2019-09-17', 5804.00, 5, Null, '2019-09-17 17:09:36', 'CP2019-0917000084'), 
	(88, 62, 59, '2019-09-17', 12402.00, 5, Null, '2019-09-17 17:10:03', 'CP2019-0917000086'), 
	(89, 12, 59, '2019-09-17', 4151.00, 2, Null, '2019-09-17 17:48:19', 'CP2019-0917000083'), 
	(90, 12, 63, '2019-09-17', 12811.00, 2, Null, '2019-09-17 17:54:10', 'CP2019-0917000083'), 
	(91, 56, 59, '2019-09-18', 770.00, 5, Null, '2019-09-18 08:29:38', 'DIBOTO'), 
	(92, 42, 59, '2019-09-18', 1800.00, 5, Null, '2019-09-18 10:37:17', 'CP2019-0918000087'), 
	(93, 56, 59, '2019-09-18', 1000.00, 5, Null, '2019-09-18 15:26:14', 'CP2019-0918000090'), 
	(94, 7, 61, '2019-09-18', 2106.00, 5, Null, '2019-09-18 15:26:56', 'CP2019-0918000088'), 
	(95, 29, 59, '2019-09-18', 2304.00, 5, Null, '2019-09-18 15:27:49', 'CP2019-0918000089'), 
	(96, 40, 59, '2019-09-18', 1400.00, 5, Null, '2019-09-18 16:02:31', 'CP2019-0918000092'), 
	(97, 63, 59, '2019-09-18', 2520.00, 5, Null, '2019-09-18 16:02:52', 'CP2019-0918000091'), 
	(98, 40, 59, '2019-09-18', 6900.00, 5, Null, '2019-09-18 16:22:54', 'CP2019-0918000093'), 
	(99, 46, 59, '2019-09-19', 3500.00, 5, Null, '2019-09-19 10:36:15', 'CP2019-0919000094'), 
	(100, 56, 59, '2019-09-19', 500.00, 5, Null, '2019-09-19 10:36:42', 'DIBOTO'), 
	(101, 64, 59, '2019-09-19', 1400.00, 5, Null, '2019-09-19 11:41:39', 'CP2019-0919000097'), 
	(102, 11, 59, '2019-09-19', 384.00, 5, Null, '2019-09-19 11:41:58', 'CP2019-0919000096'), 
	(103, 56, 59, '2019-09-19', 2100.00, 5, Null, '2019-09-19 14:55:59', 'CP2019-0919000098'), 
	(104, 65, 59, '2019-09-19', 2500.00, 5, Null, '2019-09-19 14:56:27', 'CP2019-0919000099'), 
	(105, 66, 59, '2019-09-19', 888.00, 5, Null, '2019-09-19 14:56:58', 'CP2019-0919000100'), 
	(106, 67, 59, '2019-09-19', 1404.00, 5, Null, '2019-09-19 14:57:25', 'CP2019-0919000101'), 
	(107, 68, 59, '2019-09-19', 1800.00, 5, Null, '2019-09-19 14:57:49', 'CP2019-0919000102'), 
	(108, 37, 59, '2019-09-19', 5285.00, 5, Null, '2019-09-19 14:58:34', 'CP2019-0919000103'), 
	(109, 40, 59, '2019-09-19', 2100.00, 5, Null, '2019-09-19 16:18:22', 'CP2019-0919000104'), 
	(110, 37, 59, '2019-09-19', 422.40, 5, Null, '2019-09-19 16:19:05', 'CP2019-0919000105'), 
	(111, 12, 59, '2019-09-20', 638.00, 5, Null, '2019-09-20 10:13:27', 'DIBOTO'), 
	(112, 69, 59, '2019-09-20', 384.00, 5, Null, '2019-09-20 11:54:44', 'CP2019-0920000106'), 
	(113, 68, 59, '2019-09-20', 3500.00, 5, Null, '2019-09-20 14:05:42', 'CP2019-0920000107'), 
	(114, 70, 59, '2019-09-20', 1638.00, 5, Null, '2019-09-20 14:07:35', 'CP2019-0920000108'), 
	(115, 41, 59, '2019-09-20', 798.00, 5, Null, '2019-09-20 15:09:54', 'CP2019-0920000109'), 
	(116, 71, 59, '2019-09-20', 640.00, 5, Null, '2019-09-20 15:51:09', 'CP2019-0920000110'), 
	(117, 2, 59, '2019-09-20', 1800.00, 5, Null, '2019-09-20 16:31:26', 'CP2019-0920000111'), 
	(118, 72, 59, '2019-09-23', 5000.00, 5, Null, '2019-09-23 10:48:26', 'CP2019-0923000112'), 
	(119, 73, 59, '2019-09-23', 200.00, 5, Null, '2019-09-23 13:45:31', 'CP2019-0923000113'), 
	(120, 74, 59, '2019-09-23', 396.48, 5, Null, '2019-09-23 13:52:10', 'CP2019-0923000114'), 
	(121, 75, 59, '2019-09-23', 2100.00, 5, Null, '2019-09-23 15:00:13', 'CP2019-0923000116'), 
	(122, 3, 62, '2019-09-23', 57985.20, 5, Null, '2019-09-23 15:37:33', 'CP2019-0923000117'), 
	(123, 40, 59, '2019-09-23', 6900.00, 5, Null, '2019-09-23 16:33:01', 'CP2019-0923000118'), 
	(124, 27, 59, '2019-09-24', 2000.00, 5, Null, '2019-09-24 08:44:51', 'CP2019-0924000119'), 
	(125, 76, 59, '2019-09-24', 400.00, 5, Null, '2019-09-24 09:36:13', 'CP2019-0924000120'), 
	(126, 77, 59, '2019-09-24', 560.00, 5, Null, '2019-09-24 09:37:35', 'CP2019-0924000121'), 
	(127, 43, 59, '2019-09-24', 1400.00, 5, '24/09', '2019-09-24 11:34:14', 'DIBOTO'), 
	(128, 66, 59, '2019-09-24', 348.00, 5, Null, '2019-09-24 13:20:55', 'CP2019-0924000122'), 
	(129, 36, 59, '2019-09-24', 2200.00, 5, Null, '2019-09-24 14:09:32', 'CP2019-0924000123'), 
	(130, 68, 59, '2019-09-24', 480.00, 5, Null, '2019-09-24 14:10:04', 'CP2019-0924000124'), 
	(131, 42, 59, '2019-09-24', 5162.00, 5, Null, '2019-09-24 14:28:44', 'CP2019-0924000125'), 
	(132, 11, 59, '2019-09-24', 336.00, 5, Null, '2019-09-24 17:10:38', 'CP2019-0924000126'), 
	(133, 78, 59, '2019-09-24', 400.00, 5, Null, '2019-09-24 17:11:33', 'DIBOTO'), 
	(134, 51, 59, '2019-09-24', 600.00, 5, Null, '2019-09-24 17:11:56', 'CP2019-0924000128'), 
	(135, 84, 59, '2019-09-24', 20000.00, 5, Null, '2019-09-24 17:12:26', 'CP2019-0924000129'), 
	(136, 90, 59, '2019-09-24', 7574.88, 5, Null, '2019-09-24 17:13:31', 'CP2019-0924000130'), 
	(137, 36, 59, '2019-09-24', 2200.00, 5, Null, '2019-09-24 17:17:19', 'CP2019-0924000123'), 
	(138, 42, 59, '2019-09-26', 638.28, 5, Null, '2019-09-26 09:57:09', 'CP2019-0926000131'), 
	(139, 95, 59, '2019-09-26', 7500.00, 5, Null, '2019-09-26 11:41:34', 'CP2019-0926000132'), 
	(140, 96, 59, '2019-09-26', 2784.00, 5, Null, '2019-09-26 11:42:04', 'CP2019-0926000133'), 
	(141, 64, 59, '2019-09-26', 200.00, 5, Null, '2019-09-26 13:56:24', 'CP2019-0926000134'), 
	(142, 43, 59, '2019-09-26', 1400.00, 5, Null, '2019-09-26 14:46:19', 'DIBOTO'), 
	(143, 64, 59, '2019-09-26', 40.00, 5, Null, '2019-09-26 14:53:53', 'CP2019-0926000134'), 
	(144, 2, 59, '2019-09-26', 1200.00, 5, Null, '2019-09-26 16:00:58', 'CP2019-0926000136'), 
	(145, 97, 59, '2019-09-26', 1400.00, 5, Null, '2019-09-26 16:01:18', 'CP2019-0926000137'), 
	(146, 95, 59, '2019-09-26', 5500.00, 5, Null, '2019-09-26 16:07:32', 'CP2019-0926000132'), 
	(147, 91, 60, '2019-09-26', 9750000.00, 2, Null, '2019-09-26 17:57:44', 'CP2019-0926000138'), 
	(148, 91, 63, '2019-09-26', -8775000.00, 2, Null, '2019-09-26 18:01:23', 'DIBOTO'), 
	(149, 54, 59, '2019-09-27', 2100.00, 5, Null, '2019-09-27 10:40:53', 'CP2019-0927000139'), 
	(150, 56, 59, '2019-09-27', 6000.00, 5, Null, '2019-09-27 10:41:18', 'CP2019-0927000140'), 
	(151, 13, 59, '2019-09-27', 1900.96, 5, Null, '2019-09-27 10:41:50', 'CP2019-0927000141'), 
	(152, 84, 59, '2019-09-27', 41425.00, 5, Null, '2019-09-27 11:03:25', 'DIBOTO'), 
	(153, 98, 59, '2019-09-27', 1500.00, 5, Null, '2019-09-27 11:43:36', 'CP2019-0927000142'), 
	(154, 99, 59, '2019-09-27', 3672.00, 5, Null, '2019-09-27 13:42:56', 'CP2019-0927000143'), 
	(155, 90, 59, '2019-09-27', 10000.00, 5, Null, '2019-09-27 13:44:07', 'CP2019-0927000144'), 
	(156, 16, 59, '2019-09-27', 358.44, 5, Null, '2019-09-27 13:44:45', 'CP2019-0927000145'), 
	(157, 45, 99, '2019-09-27', 848.00, 5, Null, '2019-09-27 14:22:05', 'CP2019-0927000146'), 
	(158, 36, 59, '2019-09-27', 640.00, 5, Null, '2019-09-27 15:26:22', 'CP2019-0927000147'), 
	(159, 100, 59, '2019-09-27', 500.00, 5, Null, '2019-09-27 15:26:50', 'CP2019-0927000148'), 
	(160, 16, 59, '2019-09-27', 784.00, 5, Null, '2019-09-27 15:51:18', 'CP2019-0927000149'), 
	(161, 48, 59, '2019-09-27', 2376.00, 5, Null, '2019-09-27 15:52:58', 'CP2019-0927000150'), 
	(162, 98, 59, '2019-09-27', 500.00, 5, Null, '2019-09-27 16:40:31', 'CP2019-0927000142'), 
	(163, 101, 59, '2019-09-27', 6500.00, 5, Null, '2019-09-27 16:50:47', 'CP2019-0927000152'), 
	(164, 37, 59, '2019-09-27', 1500.00, 5, Null, '2019-09-27 16:58:13', 'CP2019-0927000151'), 
	(165, 102, 62, '2019-09-27', 4095.00, 5, Null, '2019-09-27 17:09:14', 'CP2019-0927000153'), 
	(166, 103, 59, '2019-09-27', 800.00, 5, Null, '2019-09-27 17:09:35', 'CP2019-0927000154'), 
	(167, 76, 59, '2019-09-28', 5000.00, 5, Null, '2019-09-28 08:57:06', 'CP2019-0928000155'), 
	(168, 37, 59, '2019-09-28', 1500.00, 5, Null, '2019-09-28 09:30:55', 'CP2019-0928000157'), 
	(169, 7, 59, '2019-09-28', 288.00, 5, Null, '2019-09-28 11:03:05', 'CP2019-0928000156');
-- 导出  表 myorder_python.t_supplier 结构
DROP TABLE IF EXISTS `t_supplier`;
CREATE TABLE `t_supplier` (
  `fSupplierID` int(11) NOT NULL AUTO_INCREMENT,
  `fSupplierName` varchar(50) NOT NULL COMMENT '客户名',
  `fNUIT` varchar(25) DEFAULT NULL COMMENT '税号',
  `fCity` varchar(30) DEFAULT NULL COMMENT '所在地 Mordo',
  `fContato` varchar(20) DEFAULT NULL COMMENT '联系人',
  `fAreaCode` varchar(15) DEFAULT NULL COMMENT '区号',
  `fCelular` varchar(15) DEFAULT NULL COMMENT '手机',
  `fTelefone` varchar(15) DEFAULT NULL COMMENT '电话',
  `fEndereco` varchar(15) DEFAULT NULL COMMENT '地址',
  `fEmail` varchar(50) DEFAULT NULL COMMENT '电子邮件',
  `fWeb` varchar(50) DEFAULT NULL COMMENT '主页',
  `fFax` varchar(15) DEFAULT NULL COMMENT '传真',
  `fNote` varchar(255) DEFAULT NULL,
  `TS` timestamp NOT NULL DEFAULT CURRENT_TIMESTAMP ON UPDATE CURRENT_TIMESTAMP,
  `fTaxRegCer` varchar(50) DEFAULT NULL COMMENT '税务登记证',
  PRIMARY KEY (`fSupplierID`),
  UNIQUE KEY `OnlyOne` (`fSupplierName`),
  UNIQUE KEY `fNUIT` (`fNUIT`)
) ENGINE=InnoDB AUTO_INCREMENT=4 DEFAULT CHARSET=utf8
;
INSERT INTO `t_supplier` (`fSupplierID`, `fSupplierName`, `fNUIT`, `fCity`, `fContato`, `fAreaCode`, `fCelular`, `fTelefone`, `fEndereco`, `fEmail`, `fWeb`, `fFax`, `fNote`, `TS`, `fTaxRegCer`) VALUES 
(3, 'test', ' ', Null, Null, Null, Null, Null, Null, Null, Null, Null, Null, '2019-10-16 10:07:38', Null);
-- 导出  视图 myorder_python.v_enumeration 结构
DROP View IF EXISTS `v_enumeration`;
CREATE ALGORITHM=UNDEFINED DEFINER=`myorder`@`%` SQL SECURITY INVOKER VIEW `v_enumeration` AS select `t`.`fTypeID` AS `fTypeID`,`t`.`fTypeName` AS `fTypeName`,`e`.`fItemID` AS `fItemID`,`e`.`fTitle` AS `fTitle`,`e`.`fSpare1` AS `fSpare1`,`e`.`fSpare2` AS `fSpare2`,`e`.`fNote` AS `fNote` from (`t_enumeration_type` `t` left join `t_enumeration` `e` on((`t`.`fTypeID` = `e`.`fTypeID`)))
;
-- 导出  视图 myorder_python.v_order 结构
DROP View IF EXISTS `v_order`;
CREATE ALGORITHM=UNDEFINED DEFINER=`myorder`@`%` SQL SECURITY INVOKER VIEW `v_order` AS select `o`.`fOrderID` AS `fOrderID`,`o`.`fPrice` AS `fPrice`,`o`.`fCustomerID` AS `fCustomerID`,`o`.`fOrderDate` AS `fOrderDate`,`o`.`fEspecieID` AS `fEspecieID`,`o`.`fRequiredDeliveryDate` AS `fRequiredDeliveryDate`,`o`.`fCategoryID` AS `fCategoryID`,`o`.`fBrandMateriaID` AS `fBrandMateriaID`,`o`.`fAmount` AS `fAmount`,`o`.`fTax` AS `fTax`,`o`.`fPayable` AS `fPayable`,`o`.`fDesconto` AS `fDesconto`,`o`.`fColorID` AS `fColorID`,`o`.`fEntryID` AS `fEntryID`,(`o`.`fSubmited` + 0) AS `fSubmited`,`o`.`fSubmitID` AS `fSubmitID`,(`o`.`fReviewed` + 0) AS `fReviewed`,`o`.`fReviewerID` AS `fReviewerID`,(`o`.`fConfirmed` + 0) AS `fConfirmed`,`o`.`fConfirmID` AS `fConfirmID`,(`o`.`fDelivered` + 0) AS `fDelivered`,`o`.`fDelivererID` AS `fDelivererID`,(`o`.`fCanceled` + 0) AS `fCanceled`,(`o`.`fDeliverViewed` + 0) AS `fDeliverViewed`,`o`.`fCancelID` AS `fCancelID`,`o`.`fDeliveryDate` AS `fDeliveryDate`,`o`.`fNumerBegin` AS `fNumerBegin`,`o`.`fQuant` AS `fQuant`,`o`.`fPagePerVolumn` AS `fPagePerVolumn`,`o`.`fNumerEnd` AS `fNumerEnd`,`o`.`fAvistaID` AS `fAvistaID`,`o`.`fTamanhoID` AS `fTamanhoID`,(`o`.`fSucursal` + 0) AS `fSucursal`,(`o`.`fLogo` + 0) AS `fLogo`,`o`.`fVendedorID` AS `fVendedorID`,`o`.`fNrCopyID` AS `fNrCopyID`,`o`.`fContato` AS `fContato`,`o`.`fCelular` AS `fCelular`,`o`.`fTelefone` AS `fTelefone`,`o`.`fNote` AS `fNote`,`c`.`fTaxRegCer` AS `fTaxRegCer`,`c`.`fCustomerName` AS `fCustomerName`,`c`.`fNUIT` AS `fNUIT`,`c`.`fCity` AS `fCity`,`c`.`fEndereco` AS `fEndereco`,`c`.`fEmail` AS `fEmail`,(case `o`.`fSucursal` when 1 then 'SIM' else 'Non' end) AS `fSucursal1`,(case `o`.`fSubmited` when 1 then 'SIM' else '' end) AS `fSubmited1`,(case `o`.`fConfirmed` when 1 then 'SIM' else '' end) AS `fConfirmed1`,(case `o`.`fDelivered` when 1 then 'SIM' else '' end) AS `fDelivered1`,(case `o`.`fCanceled` when 1 then 'Canceled' else '' end) AS `fCanceled1`,(case `o`.`fDeliverViewed` when 1 then 'SIM' else '' end) AS `fDeliverViewed1`,(case `o`.`fLogo` when 1 then 'SIM' else 'Non' end) AS `fLogo1`,`u_submited`.`fUsername` AS `fSubmit_Name`,`u_entry`.`fUsername` AS `fEntry_Name`,`u_reviewer`.`fUsername` AS `fReviewer_Name`,`u_deliverer`.`fUsername` AS `fDeliverer_Name`,`u_confirm`.`fUsername` AS `fConfirm_Name`,`u_cancel`.`fUsername` AS `fCancel_Name`,`e_fespecieid`.`fTitle` AS `fEspecie`,`e_fcategoryid`.`fTitle` AS `fCategory`,`e_fbrandmateriaid`.`fTitle` AS `fBrandMateria`,`e_fcolorid`.`fTitle` AS `fColor`,`e_favistaid`.`fTitle` AS `fAvista`,`e_ftamanhoid`.`fTitle` AS `fTamanho`,`e_fvendedorid`.`fTitle` AS `fVendedor`,`e_fnrcopyid`.`fTitle` AS `fNrCopy` from (((((((((((((((`t_order` `o` left join `t_customer` `c` on((`o`.`fCustomerID` = `c`.`fCustomerID`))) left join `sysusers` `u_submited` on((`o`.`fSubmitID` = `u_submited`.`fUserID`))) left join `sysusers` `u_entry` on((`o`.`fEntryID` = `u_entry`.`fUserID`))) left join `sysusers` `u_reviewer` on((`o`.`fReviewerID` = `u_reviewer`.`fUserID`))) left join `sysusers` `u_deliverer` on((`o`.`fDelivererID` = `u_deliverer`.`fUserID`))) left join `sysusers` `u_confirm` on((`o`.`fConfirmID` = `u_confirm`.`fUserID`))) left join `sysusers` `u_cancel` on((`o`.`fCancelID` = `u_cancel`.`fUserID`))) left join `t_enumeration` `e_fespecieid` on((`o`.`fEspecieID` = `e_fespecieid`.`fItemID`))) left join `t_enumeration` `e_fcategoryid` on((`o`.`fCategoryID` = `e_fcategoryid`.`fItemID`))) left join `t_enumeration` `e_fbrandmateriaid` on((`o`.`fBrandMateriaID` = `e_fbrandmateriaid`.`fItemID`))) left join `t_enumeration` `e_fcolorid` on((`o`.`fColorID` = `e_fcolorid`.`fItemID`))) left join `t_enumeration` `e_favistaid` on((`o`.`fAvistaID` = `e_favistaid`.`fItemID`))) left join `t_enumeration` `e_ftamanhoid` on((`o`.`fTamanhoID` = `e_ftamanhoid`.`fItemID`))) left join `t_enumeration` `e_fvendedorid` on((`o`.`fVendedorID` = `e_fvendedorid`.`fItemID`))) left join `t_enumeration` `e_fnrcopyid` on((`o`.`fNrCopyID` = `e_fnrcopyid`.`fItemID`)))
;
-- 导出  视图 myorder_python.v_order_readonly 结构
DROP View IF EXISTS `v_order_readonly`;
CREATE ALGORITHM=UNDEFINED DEFINER=`myorder`@`%` SQL SECURITY INVOKER VIEW `v_order_readonly` AS select `t`.`fOrderID` AS `fOrderID`,`t`.`fPrice` AS `fPrice`,`t`.`fCustomerID` AS `fCustomerID`,`t`.`fOrderDate` AS `fOrderDate`,`t`.`fEspecieID` AS `fEspecieID`,`t`.`fRequiredDeliveryDate` AS `fRequiredDeliveryDate`,`t`.`fCategoryID` AS `fCategoryID`,`t`.`fBrandMateriaID` AS `fBrandMateriaID`,`t`.`fAmount` AS `fAmount`,`t`.`fTax` AS `fTax`,`t`.`fPayable` AS `fPayable`,`t`.`fDesconto` AS `fDesconto`,`t`.`fColorID` AS `fColorID`,`t`.`fEntryID` AS `fEntryID`,`t`.`fSubmited` AS `fSubmited`,`t`.`fSubmitID` AS `fSubmitID`,`t`.`fReviewed` AS `fReviewed`,`t`.`fReviewerID` AS `fReviewerID`,`t`.`fConfirmed` AS `fConfirmed`,`t`.`fConfirmID` AS `fConfirmID`,`t`.`fDelivered` AS `fDelivered`,`t`.`fDelivererID` AS `fDelivererID`,`t`.`fCanceled` AS `fCanceled`,`t`.`fCancelID` AS `fCancelID`,`t`.`fDeliveryDate` AS `fDeliveryDate`,`t`.`fNumerBegin` AS `fNumerBegin`,`t`.`fQuant` AS `fQuant`,`t`.`fPagePerVolumn` AS `fPagePerVolumn`,`t`.`fNumerEnd` AS `fNumerEnd`,`t`.`fAvistaID` AS `fAvistaID`,`t`.`fTamanhoID` AS `fTamanhoID`,`t`.`fSucursal` AS `fSucursal`,`t`.`fLogo` AS `fLogo`,`t`.`fVendedorID` AS `fVendedorID`,`t`.`fNrCopyID` AS `fNrCopyID`,`t`.`fContato` AS `fContato`,`t`.`fCelular` AS `fCelular`,`t`.`fTelefone` AS `fTelefone`,`t`.`fNote` AS `fNote`,`c`.`fCustomerName` AS `fCustomerName`,`c`.`fNUIT` AS `fNUIT`,`c`.`fCity` AS `fCity`,`c`.`fAreaCode` AS `fAreaCode`,`c`.`fEndereco` AS `fEndereco`,`c`.`fEmail` AS `fEmail`,`c`.`fWeb` AS `fWeb` from (`t_order` `t` left join `t_customer` `c` on((`t`.`fCustomerID` = `c`.`fCustomerID`)))
;
-- 导出  视图 myorder_python.v_product_outbound_order 结构
DROP View IF EXISTS `v_product_outbound_order`;
CREATE ALGORITHM=UNDEFINED DEFINER=`myorder`@`%` SQL SECURITY INVOKER VIEW `v_product_outbound_order` AS select `o`.`fOrderID` AS `fOrderID`,`o`.`fPrice` AS `fPrice`,`o`.`fCustomerID` AS `fCustomerID`,`o`.`fOrderDate` AS `fOrderDate`,`o`.`fRequiredDeliveryDate` AS `fRequiredDeliveryDate`,`o`.`fAmount` AS `fAmount`,`o`.`fTax` AS `fTax`,`o`.`fPayable` AS `fPayable`,`o`.`fDesconto` AS `fDesconto`,`o`.`fEntryID` AS `fEntryID`,(`o`.`fSubmited` + 0) AS `fSubmited`,`o`.`fSubmitID` AS `fSubmitID`,(`o`.`fReviewed` + 0) AS `fReviewed`,`o`.`fReviewerID` AS `fReviewerID`,(`o`.`fConfirmed` + 0) AS `fConfirmed`,`o`.`fConfirmID` AS `fConfirmID`,(`o`.`fDelivered` + 0) AS `fDelivered`,`o`.`fDelivererID` AS `fDelivererID`,(`o`.`fCanceled` + 0) AS `fCanceled`,`o`.`fCancelID` AS `fCancelID`,`o`.`fDeliveryDate` AS `fDeliveryDate`,`o`.`fQuant` AS `fQuant`,(`o`.`fSucursal` + 0) AS `fSucursal`,`o`.`fVendedorID` AS `fVendedorID`,`o`.`fContato` AS `fContato`,`o`.`fCelular` AS `fCelular`,`o`.`fTelefone` AS `fTelefone`,`o`.`fNote` AS `fNote`,`c`.`fTaxRegCer` AS `fTaxRegCer`,`c`.`fCustomerName` AS `fCustomerName`,`c`.`fNUIT` AS `fNUIT`,`c`.`fCity` AS `fCity`,`c`.`fEndereco` AS `fEndereco`,(case `o`.`fSucursal` when 1 then 'SIM' else 'Non' end) AS `fSucursal1`,(case `o`.`fSubmited` when 1 then 'SIM' else '' end) AS `fSubmited1`,(case `o`.`fConfirmed` when 1 then 'SIM' else '' end) AS `fConfirmed1`,(case `o`.`fDelivered` when 1 then 'SIM' else '' end) AS `fDelivered1`,(case `o`.`fCanceled` when 1 then 'Canceled' else '' end) AS `fCanceled1`,`u_submited`.`fUsername` AS `fSubmit_Name`,`u_entry`.`fUsername` AS `fEntry_Name`,`u_reviewer`.`fUsername` AS `fReviewer_Name`,`u_deliverer`.`fUsername` AS `fDeliverer_Name`,`u_confirm`.`fUsername` AS `fConfirm_Name`,`u_cancel`.`fUsername` AS `fCancel_Name`,`e_fvendedorid`.`fTitle` AS `fVendedor` from ((((((((`t_product_outbound_order` `o` left join `t_customer` `c` on((`o`.`fCustomerID` = `c`.`fCustomerID`))) left join `sysusers` `u_submited` on((`o`.`fSubmitID` = `u_submited`.`fUserID`))) left join `sysusers` `u_entry` on((`o`.`fEntryID` = `u_entry`.`fUserID`))) left join `sysusers` `u_reviewer` on((`o`.`fReviewerID` = `u_reviewer`.`fUserID`))) left join `sysusers` `u_deliverer` on((`o`.`fDelivererID` = `u_deliverer`.`fUserID`))) left join `sysusers` `u_confirm` on((`o`.`fConfirmID` = `u_confirm`.`fUserID`))) left join `sysusers` `u_cancel` on((`o`.`fCancelID` = `u_cancel`.`fUserID`))) left join `t_enumeration` `e_fvendedorid` on((`o`.`fVendedorID` = `e_fvendedorid`.`fItemID`)))
;
-- 导出  视图 myorder_python.v_product_warehousereceipt_order 结构
DROP View IF EXISTS `v_product_warehousereceipt_order`;
CREATE ALGORITHM=UNDEFINED DEFINER=`myorder`@`%` SQL SECURITY INVOKER VIEW `v_product_warehousereceipt_order` AS select `o`.`fOrderID` AS `fOrderID`,`o`.`fPrice` AS `fPrice`,`o`.`fSupplierID` AS `fSupplierID`,`o`.`fOrderDate` AS `fOrderDate`,`o`.`fWarehousingDate` AS `fWarehousingDate`,`o`.`fAmount` AS `fAmount`,`o`.`fTax` AS `fTax`,`o`.`fPayable` AS `fPayable`,`o`.`fDesconto` AS `fDesconto`,`o`.`fEntryID` AS `fEntryID`,(`o`.`fSubmited` + 0) AS `fSubmited`,`o`.`fSubmitID` AS `fSubmitID`,(`o`.`fCanceled` + 0) AS `fCanceled`,`o`.`fCancelID` AS `fCancelID`,`o`.`fPurchaserID` AS `fPurchaserID`,`o`.`fContato` AS `fContato`,`o`.`fCelular` AS `fCelular`,`o`.`fTelefone` AS `fTelefone`,`o`.`fNote` AS `fNote`,`c`.`fTaxRegCer` AS `fTaxRegCer`,`c`.`fSupplierName` AS `fSupplierName`,`c`.`fNUIT` AS `fNUIT`,`c`.`fCity` AS `fCity`,`c`.`fEndereco` AS `fEndereco`,(case `o`.`fSubmited` when 1 then 'SIM' else '' end) AS `fSubmited1`,(case `o`.`fCanceled` when 1 then 'Canceled' else '' end) AS `fCanceled1`,`u_submited`.`fUsername` AS `fSubmit_Name`,`u_entry`.`fUsername` AS `fEntry_Name`,`u_cancel`.`fUsername` AS `fCancel_Name`,`e_fpurchaserid`.`fTitle` AS `fPurchaser` from (((((`t_product_warehousereceipt_order` `o` left join `t_supplier` `c` on((`o`.`fSupplierID` = `c`.`fSupplierID`))) left join `sysusers` `u_submited` on((`o`.`fSubmitID` = `u_submited`.`fUserID`))) left join `sysusers` `u_entry` on((`o`.`fEntryID` = `u_entry`.`fUserID`))) left join `sysusers` `u_cancel` on((`o`.`fCancelID` = `u_cancel`.`fUserID`))) left join `t_enumeration` `e_fpurchaserid` on((`o`.`fPurchaserID` = `e_fpurchaserid`.`fItemID`)))
;
-- 导出  视图 myorder_python.v_quotation 结构
DROP View IF EXISTS `v_quotation`;
CREATE ALGORITHM=UNDEFINED DEFINER=`myorder`@`%` SQL SECURITY INVOKER VIEW `v_quotation` AS select `o`.`fOrderID` AS `fOrderID`,`o`.`fPrice` AS `fPrice`,`o`.`fCustomerID` AS `fCustomerID`,`o`.`fOrderDate` AS `fOrderDate`,`o`.`fEspecieID` AS `fEspecieID`,`o`.`fRequiredDeliveryDate` AS `fRequiredDeliveryDate`,`o`.`fCategoryID` AS `fCategoryID`,`o`.`fBrandMateriaID` AS `fBrandMateriaID`,`o`.`fAmount` AS `fAmount`,`o`.`fTax` AS `fTax`,`o`.`fPayable` AS `fPayable`,`o`.`fDesconto` AS `fDesconto`,`o`.`fColorID` AS `fColorID`,`o`.`fEntryID` AS `fEntryID`,(`o`.`fSubmited` + 0) AS `fSubmited`,`o`.`fSubmitID` AS `fSubmitID`,(`o`.`fReviewed` + 0) AS `fReviewed`,`o`.`fReviewerID` AS `fReviewerID`,(`o`.`fConfirmed` + 0) AS `fConfirmed`,`o`.`fConfirmID` AS `fConfirmID`,(`o`.`fDelivered` + 0) AS `fDelivered`,`o`.`fDelivererID` AS `fDelivererID`,(`o`.`fCanceled` + 0) AS `fCanceled`,(`o`.`fDeliverViewed` + 0) AS `fDeliverViewed`,`o`.`fCancelID` AS `fCancelID`,`o`.`fDeliveryDate` AS `fDeliveryDate`,`o`.`fNumerBegin` AS `fNumerBegin`,`o`.`fQuant` AS `fQuant`,`o`.`fPagePerVolumn` AS `fPagePerVolumn`,`o`.`fNumerEnd` AS `fNumerEnd`,`o`.`fAvistaID` AS `fAvistaID`,`o`.`fTamanhoID` AS `fTamanhoID`,(`o`.`fSucursal` + 0) AS `fSucursal`,(`o`.`fLogo` + 0) AS `fLogo`,`o`.`fVendedorID` AS `fVendedorID`,`o`.`fNrCopyID` AS `fNrCopyID`,`o`.`fContato` AS `fContato`,`o`.`fCelular` AS `fCelular`,`o`.`fTelefone` AS `fTelefone`,`o`.`fNote` AS `fNote`,(`o`.`fCreatedOrder` + 0) AS `fCreatedOrder`,`c`.`fCustomerName` AS `fCustomerName`,`c`.`fNUIT` AS `fNUIT`,`c`.`fCity` AS `fCity`,`c`.`fEndereco` AS `fEndereco`,(case `o`.`fSucursal` when 1 then 'SIM' else 'Non' end) AS `fSucursal1`,(case `o`.`fSubmited` when 1 then 'SIM' else '' end) AS `fSubmited1`,(case `o`.`fConfirmed` when 1 then 'SIM' else '' end) AS `fConfirmed1`,(case `o`.`fDelivered` when 1 then 'SIM' else '' end) AS `fDelivered1`,(case `o`.`fCanceled` when 1 then 'Canceled' else '' end) AS `fCanceled1`,(case `o`.`fDeliverViewed` when 1 then 'SIM' else '' end) AS `fDeliverViewed1`,(case `o`.`fLogo` when 1 then 'SIM' else 'Non' end) AS `fLogo1`,`u_submited`.`fUsername` AS `fSubmit_Name`,`u_entry`.`fUsername` AS `fEntry_Name`,`u_reviewer`.`fUsername` AS `fReviewer_Name`,`u_deliverer`.`fUsername` AS `fDeliverer_Name`,`u_confirm`.`fUsername` AS `fConfirm_Name`,`u_cancel`.`fUsername` AS `fCancel_Name`,`e_fespecieid`.`fTitle` AS `fEspecie`,`e_fcategoryid`.`fTitle` AS `fCategory`,`e_fbrandmateriaid`.`fTitle` AS `fBrandMateria`,`e_fcolorid`.`fTitle` AS `fColor`,`e_favistaid`.`fTitle` AS `fAvista`,`e_ftamanhoid`.`fTitle` AS `fTamanho`,`e_fvendedorid`.`fTitle` AS `fVendedor`,`e_fnrcopyid`.`fTitle` AS `fNrCopy` from (((((((((((((((`t_quotation` `o` left join `t_customer` `c` on((`o`.`fCustomerID` = `c`.`fCustomerID`))) left join `sysusers` `u_submited` on((`o`.`fSubmitID` = `u_submited`.`fUserID`))) left join `sysusers` `u_entry` on((`o`.`fEntryID` = `u_entry`.`fUserID`))) left join `sysusers` `u_reviewer` on((`o`.`fReviewerID` = `u_reviewer`.`fUserID`))) left join `sysusers` `u_deliverer` on((`o`.`fDelivererID` = `u_deliverer`.`fUserID`))) left join `sysusers` `u_confirm` on((`o`.`fConfirmID` = `u_confirm`.`fUserID`))) left join `sysusers` `u_cancel` on((`o`.`fCancelID` = `u_cancel`.`fUserID`))) left join `t_enumeration` `e_fespecieid` on((`o`.`fEspecieID` = `e_fespecieid`.`fItemID`))) left join `t_enumeration` `e_fcategoryid` on((`o`.`fCategoryID` = `e_fcategoryid`.`fItemID`))) left join `t_enumeration` `e_fbrandmateriaid` on((`o`.`fBrandMateriaID` = `e_fbrandmateriaid`.`fItemID`))) left join `t_enumeration` `e_fcolorid` on((`o`.`fColorID` = `e_fcolorid`.`fItemID`))) left join `t_enumeration` `e_favistaid` on((`o`.`fAvistaID` = `e_favistaid`.`fItemID`))) left join `t_enumeration` `e_ftamanhoid` on((`o`.`fTamanhoID` = `e_ftamanhoid`.`fItemID`))) left join `t_enumeration` `e_fvendedorid` on((`o`.`fVendedorID` = `e_fvendedorid`.`fItemID`))) left join `t_enumeration` `e_fnrcopyid` on((`o`.`fNrCopyID` = `e_fnrcopyid`.`fItemID`)))
;
-- 导出  视图 myorder_python.v_receivables 结构
DROP View IF EXISTS `v_receivables`;
CREATE ALGORITHM=UNDEFINED DEFINER=`myorder`@`%` SQL SECURITY INVOKER VIEW `v_receivables` AS select `r`.`fID` AS `fID`,`r`.`fCustomerID` AS `fCustomerID`,`c`.`fCustomerName` AS `fCustomerName`,`r`.`fReceiptDate` AS `fReceiptDate`,`r`.`fAmountCollected` AS `fAmountCollected`,`r`.`fOrderID` AS `fOrderID`,`u`.`fUsername` AS `fPayee`,`skfs`.`fTitle` AS `fPaymentMethod`,`r`.`fNote` AS `fNote` from ((((`t_receivables` `r` left join `t_customer` `c` on((`r`.`fCustomerID` = `c`.`fCustomerID`))) left join `t_enumeration` `e` on((`r`.`fPaymentMethodID` = `e`.`fItemID`))) left join `sysusers` `u` on((`r`.`fPayeeID` = `u`.`fUserID`))) left join `t_enumeration` `skfs` on((`r`.`fPaymentMethodID` = `skfs`.`fItemID`)))
;
